z,A,R_tilde,K_tilde,det_g
0.0,1.0,18237.613981,93551694.301315,-2.0
1.001,0.9999004025,40311.02892,621642865.052257,-0.031196756882923
2.002,0.9998017971,82347.519218,4283632945.321771,-0.002739599155087
3.003,0.9997041642,164208.564232,21437958455.548393,-0.000487970276534
4.004,0.9996074849,299529.895853,78534064885.80272,-0.000128042861651
5.005,0.9995117409,501569.729932,230115987871.41614,-4.2926936255e-05
6.006,0.9994169144,783624.858652,574056046345.9614,-1.7042468559e-05
7.007,0.999322988,1159020.999276,1270004939156.9905,-7.65731041e-06
8.008,0.9992299448,1641096.934115,2561007839307.0835,-3.781494866e-06
9.009,0.9991377685,2243196.395188,4798233584314.547,-2.01198564e-06
10.01,0.9990464432,2978663.640105,8468766003913.644,-1.137043422e-06
11.011,0.9989559533,3860840.639046,14226408478565.473,-6.75390079e-07
12.012,0.9988662838,4903065.018004,22925454762733.17,-4.18302897e-07
13.013,0.9987774201,6118668.398392,35657380943979.164,-2.68466955e-07
14.014,0.9986893478,7520974.9714,53790415153471.125,-1.77671742e-07
15.015,0.998602053,9123300.229106,79011943302734.48,-1.20767858e-07
16.016,0.9985155223,10938949.81172,113373710701064.16,-8.4039086e-08
17.017,0.9984297423,12981218.448026,159339780912760.88,-5.9709232e-08
18.018,0.9983447003,15263388.974985,219837214647639.56,-4.3216991e-08
19.019,0.9982603837,17798731.427148,298309432846070.25,-3.1804869e-08
20.02,0.9981767803,20600502.189138,398772229424915.6,-2.3760362e-08
21.021,0.9980938782,23681943.205983,525872400396614.06,-1.7993916e-08
22.022,0.9980116659,27056281.247074,684948957263588.6,-1.3797024e-08
23.023,0.9979301318,30736727.220121,882096893727100.9,-1.0699741e-08
24.024,0.9978492651,34736475.53189,1124233475836648.5,-8.384683e-09
25.025,0.997769055,39068703.492924,1419167026745717.2,-6.633919e-09
26.026,0.9976894908,43746570.763599,1775668178234128.5,-5.295523e-09
27.027,0.9976105624,48783218.839102,2203543562109749.2,-4.262085e-09
28.028,0.9975322597,54191770.571146,2713711915514386.5,-3.456677e-09
29.029,0.9974545729,59985329.724315,3318282575032008.0,-2.823536e-09
30.03,0.9973774924,66176980.565065,4030636335335575.5,-2.321788e-09
31.031,0.997301009,72779787.481624,4865508648911871.0,-1.921154e-09
32.032,0.9972251134,79806794.632995,5839075144173540.0,-1.598989e-09
33.033,0.9971497968,87271025.625499,6969039440008644.0,-1.338198e-09
34.034,0.9970750504,95185483.215301,8274723235525917.0,-1.125766e-09
35.035,0.9970008656,103563149.035474,9777158654438526.0,-9.51704e-10
36.036,0.9969272343,112416983.346332,1.1499182824181922e+16,-8.08285e-10
37.037,0.9968541481,121759924.807574,1.3465534670493036e+16,-6.89491e-10
38.038,0.9967815992,131604890.271211,1.570295390878395e+16,-5.90604e-10
39.039,0.9967095797,141964774.594023,1.8240282214223976e+16,-5.07897e-10
40.04,0.996638082,152852450.468501,2.1108566553008148e+16,-4.38411e-10
41.041,0.9965670986,164280768.271178,2.43411646578261e+16,-3.79783e-10
42.042,0.9964966222,176262555.927595,2.7973852631070864e+16,-3.30115e-10
43.043,0.9964266457,188810618.792732,3.2044934659819692e+16,-2.87874e-10
44.044,0.996357162,201937739.54606,3.659535482711064e+16,-2.51817e-10
45.045,0.9962881643,215656678.100672,4.166881100449997e+16,-2.20928e-10
46.046,0.9962196459,229980171.525378,4.731187081133141e+16,-1.94378e-10
47.047,0.9961516002,244920933.979321,5.357408962658849e+16,-1.71483e-10
48.048,0.9960840207,260491656.658022,6.05081306396076e+16,-1.51679e-10
49.049,0.9960169011,276705007.750669,6.816988692635201e+16,-1.34497e-10
50.0501,0.9959502353,293573632.407901,7.661860553831131e+16,-1.19547e-10
51.0511,0.9958840172,311110152.718881,8.591701359148464e+16,-1.06504e-10
52.0521,0.9958182408,329327167.698401,9.613144634327707e+16,-9.5094e-11
53.0531,0.9957529003,348237253.282126,1.0733197724544888e+17,-8.5088e-11
54.0541,0.99568799,367852962.32997,1.1959254996165658e+17,-7.6292e-11
55.0551,0.9956235043,388186824.637797,1.3299111233840779e+17,-6.854e-11
56.0561,0.9955594377,409251346.955927,1.4760975231858086e+17,-6.1694e-11
57.0571,0.9954957848,431059013.01518,1.6353483578698867e+17,-5.5633e-11
58.0581,0.9954325404,453622283.558067,1.8085714633769568e+17,-5.0258e-11
59.0591,0.9953696992,476953596.377103,1.9967202695322336e+17,-4.548e-11
60.0601,0.9953072561,501065366.359099,2.2007952358588723e+17,-4.1225e-11
61.0611,0.9952452063,525969985.534134,2.4218453063190653e+17,-3.7428e-11
62.0621,0.9951835447,551679823.129643,2.6609693828911392e+17,-3.4034e-11
63.0631,0.9951222667,578207225.62939,2.91931781789419e+17,-3.0994e-11
64.0641,0.9950613673,605564516.836918,3.198093924973386e+17,-2.8267e-11
65.0651,0.9950008422,633763997.943381,3.4985555086624435e+17,-2.5816e-11
66.0661,0.9949406865,662817947.598971,3.8220164124407866e+17,-2.3611e-11
67.0671,0.9948808961,692738621.98763,4.169848085206614e+17,-2.1622e-11
68.0681,0.9948214663,723538254.906719,4.5434811660885485e+17,-1.9827e-11
69.0691,0.994762393,755229057.847677,4.944407087519666e+17,-1.8204e-11
70.0701,0.9947036718,787823220.080773,5.3741796965023123e+17,-1.6733e-11
71.0711,0.9946452988,821332908.743629,5.834416893991768e+17,-1.54e-11
72.0721,0.9945872696,855770268.931309,6.32680229232937e+17,-1.419e-11
73.0731,0.9945295805,891147423.78772,6.853086890657303e+17,-1.3089e-11
74.0741,0.9944722273,927476474.600545,7.41509076825148e+17,-1.2087e-11
75.0751,0.9944152063,964769500.900594,8.014704795707823e+17,-1.1174e-11
76.0761,0.9943585136,1003038560.556966,8.653892363916699e+17,-1.034e-11
77.0771,0.9943021455,1042295689.878475,9.334691130771855e+17,-9.578e-12
78.0781,0.9942460984,1082552903.71954,1.0059214785551086e+18,-8.881e-12
79.0791,0.9941903685,1123822195.579094,1.0829654830907804e+18,-8.242e-12
80.0801,0.9941349524,1166115537.706521,1.1648282382426732e+18,-7.657e-12
81.0811,0.9940798465,1209444881.210916,1.2517449985684324e+18,-7.12e-12
82.0821,0.9940250475,1253822156.166741,1.3439593450759795e+18,-6.626e-12
83.0831,0.9939705518,1299259271.720492,1.441723370414807e+18,-6.172e-12
84.0841,0.9939163563,1345768116.202055,1.545297865802744e+18,-5.754e-12
85.0851,0.9938624576,1393360557.237222,1.6549525096829637e+18,-5.368e-12
86.0861,0.9938088525,1442048441.854629,1.770966058106224e+18,-5.013e-12
87.0871,0.9937555379,1491843596.598415,1.8936265368346644e+18,-4.685e-12
88.0881,0.9937025106,1542757827.641688,2.0232314351620047e+18,-4.381e-12
89.0891,0.9936497676,1594802920.899876,2.1600879014461578e+18,-4.101e-12
90.0901,0.9935973058,1647990642.143994,2.3045129403495813e+18,-3.841e-12
91.0911,0.9935451224,1702332737.111519,2.456833611783586e+18,-3.6e-12
92.0921,0.9934932142,1757840931.621876,2.617387231552844e+18,-3.377e-12
93.0931,0.9934415786,1814526931.69089,2.7865215736958853e+18,-3.169e-12
94.0941,0.9933902126,1872402423.646736,2.964595074518013e+18,-2.977e-12
95.0951,0.9933391135,1931479074.243134,3.151977038312442e+18,-2.798e-12
96.0961,0.9932882785,1991768530.771739,3.349047844766615e+18,-2.631e-12
97.0971,0.9932377049,2053282421.178556,3.556199158050412e+18,-2.476e-12
98.0981,0.9931873901,2116032354.17885,3.7738341375824824e+18,-2.332e-12
99.0991,0.9931373314,2180029919.372087,4.002367650471463e+18,-2.197e-12
100.1001,0.9930875263,2245286687.355507,4.2422264856288676e+18,-2.071e-12
101.1011,0.9930379721,2311814209.839173,4.493849569550896e+18,-1.954e-12
102.1021,0.9929886665,2379624019.755877,4.757688183765114e+18,-1.844e-12
103.1031,0.9929396069,2448727631.379295,5.034206183941512e+18,-1.742e-12
104.1041,0.9928907909,2519136540.443594,5.32388022066299e+18,-1.646e-12
105.1051,0.9928422161,2590862224.241329,5.627199961850269e+18,-1.556e-12
106.1061,0.9927938802,2663916141.74776,5.944668316846123e+18,-1.472e-12
107.1071,0.9927457808,2738309733.735469,6.276801662148259e+18,-1.393e-12
108.1081,0.9926979156,2814054422.870466,6.624130068790601e+18,-1.319e-12
109.1091,0.9926502824,2891161613.845636,6.987197531377072e+18,-1.25e-12
110.1101,0.992602879,2969642693.489001,7.366562198754647e+18,-1.185e-12
111.1111,0.992555703,3049509030.85132,7.762796606327028e+18,-1.124e-12
112.1121,0.9925087525,3130771977.339758,8.176487910016472e+18,-1.066e-12
113.1131,0.9924620253,3213442866.830177,8.608238121857873e+18,-1.012e-12
114.1141,0.9924155191,3297533015.758198,9.058664347227055e+18,-9.61e-13
115.1151,0.9923692321,3383053723.247523,9.528399023709321e+18,-9.13e-13
116.1161,0.9923231621,3470016271.202323,1.001809016159192e+19,-8.68e-13
117.1171,0.9922773071,3558431924.426126,1.0528401585994568e+19,-8.25e-13
118.1181,0.9922316651,3648311930.735497,1.1060013180623665e+19,-7.85e-13
119.1191,0.9921862342,3739667521.035507,1.1613621133147711e+19,-7.47e-13
120.1201,0.9921410125,3832509909.473213,1.2189938182214787e+19,-7.12e-13
121.1211,0.992095998,3926850293.514459,1.278969386607148e+19,-6.78e-13
122.1221,0.9920511888,4022699854.036458,1.3413634772814152e+19,-6.46e-13
123.1231,0.9920065831,4120069755.46757,1.406252479226552e+19,-6.16e-13
124.1241,0.9919621791,4218971145.868345,1.473714536945801e+19,-5.87e-13
125.1251,0.9919179749,4319415157.049332,1.5438295759743658e+19,-5.6e-13
126.1261,0.9918739688,4421412904.651425,1.6166793285508037e+19,-5.35e-13
127.1271,0.991830159,4524975488.265276,1.6923473594513326e+19,-5.1e-13
128.1281,0.9917865438,4630113991.539858,1.7709190919845607e+19,-4.87e-13
129.1291,0.9917431214,4736839482.261934,1.852481834147152e+19,-4.66e-13
130.1301,0.9916998902,4845163012.476336,1.937124804941391e+19,-4.45e-13
131.1311,0.9916568486,4955095618.579588,2.024939160853077e+19,-4.26e-13
132.1321,0.9916139948,5066648321.417464,2.1160180224903254e+19,-4.07e-13
133.1331,0.9915713272,5179832126.361557,2.2104565013825077e+19,-3.89e-13
134.1341,0.9915288443,5294658023.440936,2.3083517269417955e+19,-3.73e-13
135.1351,0.9914865444,5411136987.462381,2.409802873584427e+19,-3.57e-13
136.1361,0.991444426,5529279978.032458,2.51491118800932e+19,-3.42e-13
137.1371,0.9914024876,5649097939.674548,2.6237800166409806e+19,-3.27e-13
138.1381,0.9913607275,5770601801.992235,2.736514833233364e+19,-3.14e-13
139.1391,0.9913191444,5893802479.69733,2.8532232666294325e+19,-3.01e-13
140.1401,0.9912777367,6018710872.697205,2.9740151286834844e+19,-2.88e-13
141.1411,0.991236503,6145337866.234612,3.099002442345054e+19,-2.77e-13
142.1421,0.9911954418,6273694330.960582,3.2282994699002253e+19,-2.65e-13
143.1431,0.9911545517,6403791123.00927,3.3620227413733134e+19,-2.55e-13
144.1441,0.9911138313,6535639084.097274,3.5002910830891966e+19,-2.44e-13
145.1451,0.9910732791,6669249041.621555,3.6432256463955493e+19,-2.35e-13
146.1461,0.9910328938,6804631808.784419,3.790949936545876e+19,-2.25e-13
147.1471,0.9909926741,6941798184.616485,3.943589841737616e+19,-2.17e-13
148.1481,0.9909526186,7080758954.068791,4.10127366231395e+19,-2.08e-13
149.1491,0.9909127259,7221524888.167262,4.264132140127096e+19,-2e-13
150.1502,0.9908729948,7364106744.061609,4.432298488056484e+19,-1.92e-13
151.1512,0.9908334239,7508515265.088724,4.6059084196877255e+19,-1.85e-13
152.1522,0.990794012,7654761180.883109,4.785100179152956e+19,-1.78e-13
153.1532,0.9907547578,7802855207.480782,4.970014571130588e+19,-1.71e-13
154.1542,0.9907156601,7952808047.367202,5.160794991001257e+19,-1.65e-13
155.1552,0.9906767176,8104630389.563702,5.357587455166253e+19,-1.59e-13
156.1562,0.9906379291,8258332909.761028,5.56054063152673e+19,-1.53e-13
157.1572,0.9905992933,8413926270.343849,5.769805870117063e+19,-1.47e-13
158.1582,0.9905608092,8571421120.488954,5.985537233901896e+19,-1.42e-13
159.1592,0.9905224755,8730828096.268404,6.20789152973236e+19,-1.37e-13
160.1602,0.9904842911,8892157820.741947,6.437028339461397e+19,-1.32e-13
161.1612,0.9904462547,9055420903.952436,6.673110051212297e+19,-1.27e-13
162.1622,0.9904083653,9220627943.088198,6.916301890818372e+19,-1.23e-13
163.1632,0.9903706218,9387789522.588272,7.166771953415398e+19,-1.18e-13
164.1642,0.990333023,9556916214.077213,7.42469123518584e+19,-1.14e-13
165.1652,0.9902955678,9728018576.630579,7.690233665282718e+19,-1.1e-13
166.1662,0.9902582551,9901107156.733253,7.963576137890493e+19,-1.06e-13
167.1672,0.9902210839,10076192488.333517,8.24489854445659e+19,-1.03e-13
168.1682,0.9901840531,10253285093.029072,8.534383806086332e+19,-9.9e-14
169.1692,0.9901471616,10432395480.042463,8.83221790608591e+19,-9.6e-14
170.1702,0.9901104085,10613534146.38878,9.138589922677427e+19,-9.2e-14
171.1712,0.9900737926,10796711576.864353,9.453692061859548e+19,-8.9e-14
172.1722,0.990037313,10981938244.126453,9.777719690437096e+19,-8.6e-14
173.1732,0.9900009686,11169224608.841463,1.0110871369211919e+20,-8.3e-14
174.1742,0.9899647586,11358581119.685383,1.0453348886324571e+20,-8.1e-14
175.1752,0.9899286817,11550018213.448116,1.080535729076245e+20,-7.8e-14
176.1762,0.9898927372,11743546315.13511,1.1167104926027882e+20,-7.5e-14
177.1772,0.9898569241,11939175837.97887,1.1538803463957622e+20,-7.3e-14
178.1782,0.9898212413,12136917183.468367,1.1920667938705613e+20,-7.1e-14
179.1792,0.989785688,12336780741.563599,1.2312916780899051e+20,-6.8e-14
180.1802,0.9897502632,12538776890.657913,1.2715771851932393e+20,-6.6e-14
181.1812,0.989714966,12742915997.704948,1.3129458478438235e+20,-6.4e-14
182.1822,0.9896797954,12949208418.264101,1.355420548690651e+20,-6.2e-14
183.1832,0.9896447507,13157664496.44108,1.399024523845918e+20,-6e-14
184.1842,0.9896098309,13368294565.248499,1.4437813663820312e+20,-5.8e-14
185.1852,0.989575035,13581108946.43228,1.4897150298393418e+20,-5.6e-14
186.1862,0.9895403623,13796117950.468523,1.5368498317524537e+20,-5.5e-14
187.1872,0.9895058119,14013331877.005875,1.5852104571957815e+20,-5.3e-14
188.1882,0.9894713829,14232761014.630056,1.6348219623388663e+20,-5.1e-14
189.1892,0.9894370745,14454415640.814629,1.6857097780199817e+20,-5e-14
190.1902,0.9894028858,14678306022.289404,1.7378997133395385e+20,-4.8e-14
191.1912,0.989368816,14904442415.105553,1.791417959266234e+20,-4.7e-14
192.1922,0.9893348643,15132835064.375582,1.846291092256266e+20,-4.5e-14
193.1932,0.9893010298,15363494204.54706,1.9025460778944165e+20,-4.4e-14
194.1942,0.9892673119,15596430059.584328,1.96021027454936e+20,-4.3e-14
195.1952,0.9892337096,15831652842.767235,2.0193114370416643e+20,-4.1e-14
196.1962,0.9892002222,16069172756.92888,2.0798777203324718e+20,-4e-14
197.1972,0.9891668489,16308999994.531895,2.141937683226168e+20,-3.9e-14
198.1982,0.9891335889,16551144737.536617,2.2055202920871012e+20,-3.8e-14
199.1992,0.9891004415,16795617157.634256,2.2706549245766654e+20,-3.7e-14
200.2002,0.989067406,17042427416.37149,2.337371373404682e+20,-3.6e-14
201.2012,0.9890344815,17291585665.013557,2.405699850094278e+20,-3.5e-14
202.2022,0.9890016673,17543102044.597565,2.475670988765076e+20,-3.4e-14
203.2032,0.9889689627,17796986686.219727,2.54731584993537e+20,-3.3e-14
204.2042,0.988936367,18053249711.077812,2.6206659243369107e+20,-3.2e-14
205.2052,0.9889038795,18311901230.074104,2.695753136740912e+20,-3.1e-14
206.2062,0.9888714994,18572951344.33342,2.7726098498121853e+20,-3e-14
207.2072,0.988839226,18836410145.394825,2.851268867973765e+20,-2.9e-14
208.2082,0.9888070587,19102287714.72368,2.931763441280038e+20,-2.8e-14
209.2092,0.9887749967,19370594124.00196,3.014127269316459e+20,-2.8e-14
210.2102,0.9887430393,19641339435.549698,3.0983945051163564e+20,-2.7e-14
211.2112,0.988711186,19914533701.77455,3.1845997590807183e+20,-2.6e-14
212.2122,0.9886794359,20190186965.531193,3.272778102928292e+20,-2.5e-14
213.2132,0.9886477886,20468309260.416607,3.362965073658568e+20,-2.5e-14
214.2142,0.9886162432,20748910610.19619,3.4551966775203555e+20,-2.4e-14
215.2152,0.9885847991,21032001029.48608,3.5495093940148666e+20,-2.3e-14
216.2162,0.9885534557,21317590523.629646,3.645940179901136e+20,-2.3e-14
217.2172,0.9885222124,21605689088.354084,3.744526473217168e+20,-2.2e-14
218.2182,0.9884910685,21896306710.288124,3.845306197328458e+20,-2.2e-14
219.2192,0.9884600234,22189453366.88309,3.948317764984237e+20,-2.1e-14
220.2202,0.9884290764,22485139026.43847,4.0536000823915885e+20,-2e-14
221.2212,0.9883982271,22783373648.22877,4.161192553307479e+20,-2e-14
222.2222,0.9883674746,23084167182.38459,4.271135083142779e+20,-1.9e-14
223.2232,0.9883368185,23387529569.92407,4.383468083085908e+20,-1.9e-14
224.2242,0.9883062581,23693470743.20019,4.4982324742487527e+20,-1.8e-14
225.2252,0.9882757929,24002000625.435402,4.6154696918135085e+20,-1.8e-14
226.2262,0.9882454222,24313129130.98011,4.7352216892098144e+20,-1.7e-14
227.2272,0.9882151456,24626866165.7899,4.8575309423095166e+20,-1.7e-14
228.2282,0.9881849623,24943221626.72017,4.982440453618623e+20,-1.7e-14
229.2292,0.9881548718,25262205401.696228,5.109993756501726e+20,-1.6e-14
230.2302,0.9881248736,25583827370.43409,5.240234919431441e+20,-1.6e-14
231.2312,0.9880949671,25908097404.132923,5.373208550235091e+20,-1.5e-14
232.2322,0.9880651518,26235025364.87574,5.508959800354143e+20,-1.5e-14
233.2332,0.988035427,26564621106.46431,5.6475343691465746e+20,-1.5e-14
234.2342,0.9880057923,26896894474.652287,5.7889785081921405e+20,-1.4e-14
235.2352,0.9879762471,27231855306.24259,5.933339025594278e+20,-1.4e-14
236.2362,0.9879467908,27569513429.730984,6.080663290329437e+20,-1.4e-14
237.2372,0.987917423,27909878665.580772,6.23099923660211e+20,-1.3e-14
238.2382,0.9878881431,28252960825.75597,6.38439536820503e+20,-1.3e-14
239.2392,0.9878589506,28598769714.092148,6.540900762910863e+20,-1.3e-14
240.2402,0.987829845,28947315126.03813,6.700565076868002e+20,-1.2e-14
241.2412,0.9878008257,29298606848.90649,6.863438549024075e+20,-1.2e-14
242.2422,0.9877718923,29652654662.194633,7.029572005566032e+20,-1.2e-14
243.2432,0.9877430442,30009468337.19196,7.199016864362413e+20,-1.1e-14
244.2442,0.987714281,30369057636.855583,7.371825139428458e+20,-1.1e-14
245.2452,0.9876856021,30731432316.47415,7.54804944542457e+20,-1.1e-14
246.2462,0.9876570071,31096602123.69975,7.727743002156069e+20,-1.1e-14
247.2472,0.9876284955,31464576797.73753,7.910959639072242e+20,-1e-14
248.2482,0.9876000667,31835366069.918415,8.097753799814444e+20,-1e-14
249.2492,0.9875717204,32208979664.32639,8.288180546778508e+20,-1e-14
250.2503,0.987543456,32585427296.883133,8.482295565660291e+20,-1e-14
251.2513,0.987515273,32964718675.60595,8.680155170046495e+20,-9e-15
252.2523,0.9874871711,33346863501.357536,8.881816306031297e+20,-9e-15
253.2533,0.9874591497,33731871466.95289,9.087336556810434e+20,-9e-15
254.2543,0.9874312084,34119752257.534035,9.29677414732628e+20,-9e-15
255.2553,0.9874033467,34510515551.27808,9.510187948932441e+20,-9e-15
256.2563,0.9873755642,34904171018.07512,9.72763748402778e+20,-8e-15
257.2573,0.9873478604,35300728320.65027,9.94918293077063e+20,-8e-15
258.2583,0.987320235,35700197114.50358,1.017488512777295e+21,-8e-15
259.2593,0.9872926873,36102587047.298065,1.0404805578804874e+21,-8e-15
260.2603,0.9872652171,36507907759.675766,1.063900645754755e+21,-8e-15
261.2613,0.9872378239,36916168884.89851,1.0877550612334125e+21,-8e-15
262.2623,0.9872105072,37327380048.79126,1.1120501570915402e+21,-7e-15
263.2633,0.9871832667,37741550869.72322,1.136792354524304e+21,-7e-15
264.2643,0.9871561018,38158690959.435684,1.1619881436293632e+21,-7e-15
265.2653,0.9871290123,38578809922.28502,1.1876440838861824e+21,-7e-15
266.2663,0.9871019976,39001917354.76096,1.2137668046385355e+21,-7e-15
267.2673,0.9870750574,39428022847.282745,1.2403630055845095e+21,-7e-15
268.2683,0.9870481912,39857135982.82286,1.2674394572590775e+21,-6e-15
269.2693,0.9870213987,40289266336.97665,1.2950030015232887e+21,-6e-15
270.2703,0.9869946795,40724423478.92672,1.3230605520568202e+21,-6e-15
271.2713,0.9869680331,41162616970.28522,1.351619094846556e+21,-6e-15
272.2723,0.9869414592,41603856366.05086,1.380685688683141e+21,-6e-15
273.2733,0.9869149574,42048151214.439514,1.410267465655356e+21,-6e-15
274.2743,0.9868885272,42495511056.64078,1.4403716316466462e+21,-6e-15
275.2753,0.9868621683,42945945427.29918,1.4710054668349593e+21,-6e-15
276.2763,0.9868358804,43399463853.934204,1.5021763261913865e+21,-5e-15
277.2773,0.986809663,43856075856.84286,1.5338916399818736e+21,-5e-15
278.2783,0.9867835157,44315790950.59895,1.5661589142758912e+21,-5e-15
279.2793,0.9867574383,44778618643.13837,1.5989857314482954e+21,-5e-15
280.2803,0.9867314302,45244568434.57642,1.6323797506832668e+21,-5e-15
281.2813,0.9867054912,45713649819.17736,1.666348708489426e+21,-5e-15
282.2823,0.9866796209,46185872285.18248,1.700900419209557e+21,-5e-15
283.2833,0.986653819,46661245313.198364,1.7360427755274916e+21,-5e-15
284.2843,0.986628085,47139778377.087135,1.7717837489855107e+21,-5e-15
285.2853,0.9866024186,47621480945.96123,1.8081313905064139e+21,-5e-15
286.2863,0.9865768195,48106362481.34161,1.8450938309007209e+21,-4e-15
287.2873,0.9865512873,48594432437.7624,1.8826792813888222e+21,-4e-15
288.2883,0.9865258216,49085700264.41599,1.9208960341267647e+21,-4e-15
289.2893,0.9865004222,49580175403.36336,1.9597524627226716e+21,-4e-15
290.2903,0.9864750886,50077867291.05933,1.9992570227666536e+21,-4e-15
291.2913,0.9864498206,50578785357.6199,2.0394182523535208e+21,-4e-15
292.2923,0.9864246178,51082939025.820465,2.0802447726073754e+21,-4e-15
293.2933,0.9863994799,51590337713.23984,2.121745288218861e+21,-4e-15
294.2943,0.9863744065,52100990831.43139,2.1639285879727136e+21,-4e-15
295.2953,0.9863493973,52614907784.696526,2.2068035452764236e+21,-4e-15
296.2963,0.986324452,53132097971.96459,2.2503791187020439e+21,-4e-15
297.2973,0.9862995703,53652570786.387314,2.2946643525204325e+21,-4e-15
298.2983,0.9862747517,54176335613.777504,2.3396683772335541e+21,-3e-15
299.2993,0.9862499961,54703401835.080826,2.385400410124283e+21,-3e-15
300.3003,0.9862253031,55233778825.39794,2.431869755793018e+21,-3e-15
301.3013,0.9862006724,55767475952.195206,2.4790858066947264e+21,-3e-15
302.3023,0.9861761037,56304502578.37003,2.527058043696129e+21,-3e-15
303.3033,0.9861515966,56844868060.8978,2.5757960366162754e+21,-3e-15
304.3043,0.9861271509,57388581750.03898,2.625309444772432e+21,-3e-15
305.3053,0.9861027663,57935652991.1846,2.675608017537666e+21,-3e-15
306.3063,0.9860784424,58486091123.02906,2.7267015948847594e+21,-3e-15
307.3073,0.9860541789,59039905478.5199,2.778600107944789e+21,-3e-15
308.3083,0.9860299756,59597105385.36273,2.831313579563727e+21,-3e-15
309.3093,0.9860058322,60157700164.81471,2.8848521248550934e+21,-3e-15
310.3103,0.9859817483,60721699132.87072,2.939225951763768e+21,-3e-15
311.3113,0.9859577237,61289111600.21807,2.994445361626466e+21,-3e-15
312.3123,0.985933758,61859946870.910126,3.050520749728082e+21,-3e-15
313.3133,0.9859098511,62434214243.116745,3.107462605869923e+21,-3e-15
314.3143,0.9858860026,63011923011.21396,3.165281514944484e+21,-3e-15
315.3153,0.9858622121,63593082462.700905,3.2239881574887315e+21,-3e-15
316.3163,0.9858384796,64177701878.45542,3.2835933102558366e+21,-2e-15
317.3173,0.9858148046,64765790535.50677,3.3441078467986305e+21,-2e-15
318.3183,0.9857911869,65357357705.55549,3.4055427380353664e+21,-2e-15
319.3193,0.9857676262,65952412653.33476,3.467909052817001e+21,-2e-15
320.3203,0.9857441222,66550964638.477615,3.5312179585131023e+21,-2e-15
321.3213,0.9857206747,67153022916.44181,3.5954807215938223e+21,-2e-15
322.3223,0.9856972834,67758596736.6267,3.6607087082009317e+21,-2e-15
323.3233,0.985673948,68367695341.298515,3.7269133847245923e+21,-2e-15
324.3243,0.9856506683,68980327968.96469,3.794106318404345e+21,-2e-15
325.3253,0.985627444,69596503854.62013,3.8622991779140956e+21,-2e-15
326.3263,0.9856042748,70216232224.11148,3.9315037339215074e+21,-2e-15
327.3273,0.9855811606,70839522299.85979,4.001731859707711e+21,-2e-15
328.3283,0.9855581009,71466383300.52744,4.0729955317532386e+21,-2e-15
329.3293,0.9855350956,72096824436.21497,4.1453068303079477e+21,-2e-15
330.3303,0.9855121444,72730854914.86826,4.218677940018632e+21,-2e-15
331.3313,0.9854892471,73368483937.85938,4.2931211504997347e+21,-2e-15
332.3323,0.9854664033,74009720700.87245,4.368648856939104e+21,-2e-15
333.3333,0.985443613,74654574395.61868,4.445273560703754e+21,-2e-15
334.3343,0.9854208757,75303054207.6124,4.523007869931581e+21,-2e-15
335.3353,0.9853981913,75955169319.02751,4.6018645001487117e+21,-2e-15
336.3363,0.9853755596,76610928904.63985,4.681856274852365e+21,-2e-15
337.3373,0.9853529802,77270342135.45293,4.762996126139208e+21,-2e-15
338.3383,0.9853304529,77933418177.88074,4.845297095306955e+21,-2e-15
339.3393,0.9853079776,78600166192.08733,4.928772333457685e+21,-2e-15
340.3403,0.9852855539,79270595334.4212,5.013435102122493e+21,-2e-15
341.3413,0.9852631816,79944714754.94077,5.099298773861728e+21,-2e-15
342.3423,0.9852408605,80622533600.60577,5.186376832899934e+21,-2e-15
343.3433,0.9852185904,81304061012.38454,5.274682875724592e+21,-2e-15
344.3443,0.985196371,81989306125.77553,5.364230611711483e+21,-2e-15
345.3453,0.9851742021,82678278073.26361,5.455033863757904e+21,-1e-15
346.3463,0.9851520835,83370985979.17332,5.547106568876178e+21,-1e-15
347.3473,0.9851300149,84067438966.34468,5.640462778859951e+21,-1e-15
348.3483,0.9851079961,84767646153.33522,5.735116660890252e+21,-1e-15
349.3493,0.985086027,85471616649.28839,5.831082498136052e+21,-1e-15
350.3504,0.9850641072,86179359561.96057,5.928374690433712e+21,-1e-15
351.3514,0.9850422365,86890883996.19379,6.027007754907493e+21,-1e-15
352.3524,0.9850204148,87606199048.29982,6.126996326569511e+21,-1e-15
353.3534,0.9849986418,88325313810.0082,6.228355158981819e+21,-1e-15
354.3544,0.9849769174,89048237372.40271,6.331099124917504e+21,-1e-15
355.3554,0.9849552412,89774978818.59554,6.435243216951916e+21,-1e-15
356.3564,0.984933613,90505547226.23923,6.540802548123961e+21,-1e-15
357.3574,0.9849120328,91239951671.5519,6.647792352601965e+21,-1e-15
358.3584,0.9848905002,91978201224.55788,6.756227986298527e+21,-1e-15
359.3594,0.984869015,92720304950.38724,6.866124927526235e+21,-1e-15
360.3604,0.9848475771,93466271909.12572,6.977498777644774e+21,-1e-15
361.3614,0.9848261862,94216111157.13538,7.090365261721129e+21,-1e-15
362.3624,0.9848048421,94969831748.32864,7.20474022918924e+21,-1e-15
363.3634,0.9847835446,95727442729.27322,7.320639654470464e+21,-1e-15
364.3644,0.9847622936,96488953140.69397,7.438079637642189e+21,-1e-15
365.3654,0.9847410887,97254372023.56787,7.557076405136486e+21,-1e-15
366.3664,0.9847199299,98023708412.19855,7.677646310349299e+21,-1e-15
367.3674,0.9846988169,98796971334.47726,7.799805834307993e+21,-1e-15
368.3684,0.9846777496,99574169816.9989,7.923571586367983e+21,-1e-15
369.3694,0.9846567276,100355312879.75871,8.048960304840554e+21,-1e-15
370.3704,0.9846357509,101140409538.39601,8.175988857677594e+21,-1e-15
371.3714,0.9846148193,101929468807.643,8.304674243164018e+21,-1e-15
372.3724,0.9845939324,102722499696.3701,8.435033590551401e+21,-1e-15
373.3734,0.9845730903,103519511204.24872,8.567084160708174e+21,-1e-15
374.3744,0.9845522926,104320512331.88347,8.700843346870772e+21,-1e-15
375.3754,0.9845315392,105125512076.89636,8.83632867528502e+21,-1e-15
376.3764,0.9845108298,105934519427.92108,8.973557805844453e+21,-1e-15
377.3774,0.9844901644,106747543372.39311,9.112548532828071e+21,-1e-15
378.3784,0.9844695427,107564592892.07922,9.253318785546509e+21,-1e-15
379.3794,0.9844489645,108385676965.03235,9.395886629044255e+21,-1e-15
380.3804,0.9844284297,109210804567.76967,9.540270264798564e+21,-1e-15
381.3814,0.9844079381,110039984669.5562,9.686488031364158e+21,-1e-15
382.3824,0.9843874894,110873226235.31332,9.83455840508647e+21,-1e-15
383.3834,0.9843670836,111710538226.19623,9.984500000796338e+21,-1e-15
384.3844,0.9843467204,112551929599.79507,1.0136331572505867e+22,-1e-15
385.3854,0.9843263996,113397409312.37975,1.029007201412064e+22,-1e-15
386.3864,0.9843061212,114246986312.49582,1.0445740360083639e+22,-1e-15
387.3874,0.9842858848,115100669545.61852,1.0603355786116457e+22,-1e-15
388.3884,0.9842656904,115958467953.30743,1.0762937609907522e+22,-1e-15
389.3894,0.9842455377,116820390470.40262,1.0924505291797096e+22,-1e-15
390.3904,0.9842254267,117686446034.89165,1.108807843556129e+22,-1e-15
391.3914,0.984205357,118556643575.9626,1.1253676789014737e+22,-1e-15
392.3924,0.9841853286,119430992016.90427,1.1421320244751843e+22,-1e-15
393.3934,0.9841653413,120309500279.60051,1.1591028840887709e+22,-1e-15
394.3944,0.9841453949,121192177282.24864,1.1762822761756169e+22,-1e-15
395.3954,0.9841254892,122079031941.95815,1.1936722338641363e+22,-1e-15
396.3964,0.9841056241,122970073165.87518,1.211274805041892e+22,-1e-15
397.3974,0.9840857995,123865309859.53583,1.2290920524350031e+22,-1e-15
398.3984,0.9840660151,124764750927.68257,1.2471260536802642e+22,-1e-15
399.3994,0.9840462708,125668405268.2267,1.2653789013923234e+22,-1e-15
400.4004,0.9840265664,126576281774.34554,1.283852703237848e+22,-1e-15
401.4014,0.9840069018,127488389338.91798,1.3025495820121739e+22,-1e-15
402.4024,0.9839872768,128404736848.9103,1.3214716757065486e+22,-1e-15
403.4034,0.9839676912,129325333186.09923,1.3406211375823646e+22,-1e-15
404.4044,0.983948145,130250187232.57526,1.3600001362488277e+22,-1e-15
405.4054,0.9839286379,131179307862.99944,1.3796108557292352e+22,-1e-15
406.4064,0.9839091697,132112703950.92055,1.3994554955406577e+22,-1e-15
407.4074,0.9838897404,133050384364.13338,1.4195362707626999e+22,-1e-15
408.4084,0.9838703498,133992357965.39026,1.4398554121128867e+22,-1e-15
409.4094,0.9838509977,134938633619.4277,1.4604151660267243e+22,-1e-15
410.4104,0.983831684,135889220182.50906,1.4812177947221488e+22,-1e-15
411.4114,0.9838124085,136844126508.01735,1.5022655762797626e+22,-1e-15
412.4124,0.983793171,137803361447.9519,1.5235608047184324e+22,-1e-15
413.4134,0.9837739715,138766933845.99207,1.5451057900636997e+22,-1e-15
414.4144,0.9837548097,139734852546.74023,1.5669028584320932e+22,-1e-15
415.4154,0.9837356856,140707126393.7378,1.5889543521037707e+22,-1e-15
416.4164,0.9837165989,141683764219.36987,1.611262629588416e+22,-0.0
417.4174,0.9836975496,142664774852.64545,1.6338300657088737e+22,-0.0
418.4184,0.9836785375,143650167128.18747,1.6566590516857336e+22,-0.0
419.4194,0.9836595624,144639949872.682,1.6797519951991168e+22,-0.0
420.4204,0.9836406242,145634131900.43158,1.7031113204613922e+22,-0.0
421.4214,0.9836217227,146632722036.50183,1.726739468317133e+22,-0.0
422.4224,0.9836028579,147635729096.31763,1.7506388962973722e+22,-0.0
423.4234,0.9835840295,148643161885.4112,1.7748120786982593e+22,-0.0
424.4244,0.9835652375,149655029218.83554,1.7992615066768232e+22,-0.0
425.4254,0.9835464816,150671339897.35248,1.823989688303268e+22,-0.0
426.4264,0.9835277618,151692102722.75067,1.8489991486557364e+22,-0.0
427.4274,0.983509078,152717326494.9499,1.8742924298930834e+22,-0.0
428.4284,0.9834904299,153747020004.27216,1.8998720913260113e+22,-0.0
429.4294,0.9834718175,154781192046.2304,1.9257407095100708e+22,-0.0
430.4304,0.9834532405,155819851408.14777,1.9519008783093127e+22,-0.0
431.4314,0.983434699,156863006872.6398,1.9783552089791203e+22,-0.0
432.4324,0.9834161926,157910667220.99045,2.0051063302478704e+22,-0.0
433.4334,0.9833977214,158962841233.8985,2.0321568883970257e+22,-0.0
434.4344,0.9833792852,160019537684.21613,2.059509547331269e+22,-0.0
435.4354,0.9833608838,161080765342.099,2.087166988664718e+22,-0.0
436.4364,0.9833425171,162146532977.239,2.115131911801418e+22,-0.0
437.4374,0.983324185,163216849352.08017,2.1434070340083313e+22,-0.0
438.4384,0.9833058874,164291723232.09238,2.1719950905062304e+22,-0.0
439.4394,0.9832876241,165371163371.84738,2.2008988345335307e+22,-0.0
440.4404,0.9832693949,166455178528.2594,2.230121037442845e+22,-0.0
441.4414,0.9832511999,167543777456.18015,2.2596644887744412e+22,-0.0
442.4424,0.9832330388,168636968898.82855,2.2895319963273567e+22,-0.0
443.4434,0.9832149115,169734761606.26794,2.319726386261114e+22,-0.0
444.4444,0.9831968179,170837164316.81992,2.350250503154226e+22,-0.0
445.4454,0.9831787579,171944185770.58502,2.381107210103068e+22,-0.0
446.4464,0.9831607313,173055834709.92746,2.412299388801571e+22,-0.0
447.4474,0.983142738,174172119860.37076,2.443829939601511e+22,-0.0
448.4484,0.983124778,175293049955.89938,2.4757017816248026e+22,-0.0
449.4494,0.983106851,176418633722.5426,2.507917852824045e+22,-0.0
450.4505,0.9830889569,177548879879.14023,2.5404811100678227e+22,-0.0
451.4515,0.9830710957,178683797153.93518,2.573394529241753e+22,-0.0
452.4525,0.9830532673,179823394262.38184,2.606661105303857e+22,-0.0
453.4535,0.9830354714,180967679918.07504,2.6402838523819894e+22,-0.0
454.4545,0.983017708,182116662833.7171,2.674265803856651e+22,-0.0
455.4555,0.9829999769,183270351716.67874,2.708610012439747e+22,-0.0
456.4565,0.9829822781,184428755271.49173,2.7433195502602644e+22,-0.0
457.4575,0.9829646114,185591882199.74963,2.7783975089484985e+22,-0.0
458.4585,0.9829469768,186759741206.3658,2.8138469997272132e+22,-0.0
459.4595,0.982929374,187932340986.05347,2.8496711534781e+22,-0.0
460.4605,0.982911803,189109690230.62604,2.8858731208364463e+22,-0.0
461.4615,0.9828942637,190291797631.6116,2.922456072277789e+22,-0.0
462.4625,0.982876756,191478671874.88715,2.959423198196335e+22,-0.0
463.4635,0.9828592796,192670321648.49734,2.9967777089996395e+22,-0.0
464.4645,0.9828418346,193866755634.6688,3.0345228351828306e+22,-0.0
465.4655,0.9828244209,195067982510.77267,3.072661827415689e+22,-0.0
466.4665,0.9828070382,196274010951.7023,3.111197956630867e+22,-0.0
467.4675,0.9827896865,197484849633.0131,3.1501345141140568e+22,-0.0
468.4685,0.9827723657,198700507227.34644,3.1894748115842888e+22,-0.0
469.4695,0.9827550757,199920992394.59674,3.229222181267216e+22,-0.0
470.4705,0.9827378164,201146313807.02435,3.269379976016406e+22,-0.0
471.4715,0.9827205876,202376480128.6625,3.309951569368785e+22,-0.0
472.4725,0.9827033893,203611500008.63635,3.3509403556254704e+22,-0.0
473.4735,0.9826862213,204851382111.61505,3.3923497499790454e+22,-0.0
474.4745,0.9826690836,206096135087.01517,3.4341831885570045e+22,-0.0
475.4755,0.982651976,207345767585.24716,3.476444128534282e+22,-0.0
476.4765,0.9826348984,208600288260.88174,3.5191360482221696e+22,-0.0
477.4775,0.9826178508,209859705751.44598,3.5622624471279943e+22,-0.0
478.4785,0.9826008329,211124028704.79675,3.605826846081972e+22,-0.0
479.4795,0.9825838448,212393265761.0528,3.649832787297583e+22,-0.0
480.4805,0.9825668863,213667425547.91446,3.69428383445563e+22,-0.0
481.4815,0.9825499573,214946516709.34406,3.739183572833153e+22,-0.0
482.4825,0.9825330577,216230547878.03467,3.7845356093506685e+22,-0.0
483.4835,0.9825161875,217519527677.69797,3.830343572667078e+22,-0.0
484.4845,0.9824993464,218813464735.87793,3.8766111132856885e+22,-0.0
485.4855,0.9824825344,220112367676.7827,3.92334190363405e+22,-0.0
486.4865,0.9824657515,221416245124.71625,3.970539638157775e+22,-0.0
487.4875,0.9824489974,222725105688.02573,4.018208033386535e+22,-0.0
488.4885,0.9824322722,224038957991.15524,4.066350828073948e+22,-0.0
489.4895,0.9824155756,225357810654.6653,4.114971783253321e+22,-0.0
490.4905,0.9823989077,226681672270.3083,4.1640746822944615e+22,-0.0
491.4915,0.9823822683,228010551454.26654,4.213663331074905e+22,-0.0
492.4925,0.9823656573,229344456816.86856,4.2637415580210146e+22,-0.0
493.4935,0.9823490746,230683396958.03815,4.3143132141960705e+22,-0.0
494.4945,0.9823325202,232027380479.80545,4.365382173407722e+22,-0.0
495.4955,0.9823159939,233376415971.45062,4.416952332278529e+22,-0.0
496.4965,0.9822994956,234730512030.91278,4.469027610370462e+22,-0.0
497.4975,0.9822830252,236089677258.5269,4.521611950266106e+22,-0.0
498.4985,0.9822665827,237453920244.0911,4.574709317640504e+22,-0.0
499.4995,0.982250168,238823249563.3969,4.628323701348537e+22,-0.0
500.5005,0.9822337809,240197673804.93677,4.682459113561074e+22,-0.0
501.5015,0.9822174214,241577201559.7098,4.7371195898383225e+22,-0.0
502.5025,0.9822010893,242961841402.40094,4.792309189194701e+22,-0.0
503.5035,0.9821847846,244351601911.32495,4.848031994223973e+22,-0.0
504.5045,0.9821685073,245746491659.45224,4.904292111177178e+22,-0.0
505.5055,0.9821522571,247146519220.87912,4.961093670068159e+22,-0.0
506.5065,0.982136034,248551693166.80582,5.018440824758775e+22,-0.0
507.5075,0.982119838,249962022063.82242,5.076337753052068e+22,-0.0
508.5085,0.9821036689,251377514480.12805,5.13478865679513e+22,-0.0
509.5095,0.9820875266,252798178968.08496,5.19379776194521e+22,-0.0
510.5105,0.9820714111,254224024095.1789,5.253369318717613e+22,-0.0
511.5115,0.9820553222,255655058429.68167,5.313507601652592e+22,-0.0
512.5125,0.9820392599,257091290518.20264,5.37421690967556e+22,-0.0
513.5135,0.9820232242,258532728909.04816,5.435501566231633e+22,-0.0
514.5145,0.9820072148,259979382152.11285,5.497365919380616e+22,-0.0
515.5155,0.9819912317,261431258805.7945,5.5598143419046724e+22,-0.0
516.5165,0.9819752749,262888367415.99417,5.622851231366283e+22,-0.0
517.5175,0.9819593442,264350716521.08487,5.6864810102160334e+22,-0.0
518.5185,0.9819434396,265818314667.50235,5.7507081259138714e+22,-0.0
519.5195,0.9819275609,267291170385.2882,5.8155370509832815e+22,-0.0
520.5205,0.9819117082,268769292219.18558,5.8809722831647795e+22,-0.0
521.5215,0.9818958812,270252688707.25543,5.947018345470422e+22,-0.0
522.5225,0.98188008,271741368364.47876,6.013679786256931e+22,-0.0
523.5235,0.9818643044,273235339742.0463,6.080961179427603e+22,-0.0
524.5245,0.9818485544,274734611366.06122,6.148867124415087e+22,-0.0
525.5255,0.9818328298,276239191740.7304,6.2174022462932685e+22,-0.0
526.5265,0.9818171307,277749089410.1279,6.286571195982202e+22,-0.0
527.5275,0.9818014568,279264312891.8508,6.356378650223938e+22,-0.0
528.5285,0.9817858082,280784870693.6731,6.4268293117170904e+22,-0.0
529.5295,0.9817701848,282310771345.00616,6.497927909268951e+22,-0.0
530.5305,0.9817545864,283842023357.06384,6.569679197821385e+22,-0.0
531.5315,0.981739013,285378635237.48926,6.642087958579359e+22,-0.0
532.5325,0.9817234645,286920615496.584,6.715158999119609e+22,-0.0
533.5335,0.9817079408,288467972643.19324,6.788897153484171e+22,-0.0
534.5345,0.9816924419,290020715190.2838,6.863307282289151e+22,-0.0
535.5355,0.9816769677,291578851632.53174,6.93839427278267e+22,-0.0
536.5365,0.9816615181,293142390473.1158,7.014163038998432e+22,-0.0
537.5375,0.981646093,294711340213.09296,7.090618521831545e+22,-0.0
538.5385,0.9816306923,296285709341.3518,7.167765689124344e+22,-0.0
539.5395,0.981615316,297865506363.8795,7.245609535821209e+22,-0.0
540.5405,0.981599964,299450739766.0099,7.324155083995574e+22,-0.0
541.5415,0.9815846362,301041418043.8618,7.4034073830169e+22,-0.0
542.5425,0.9815693325,302637549688.3074,7.483371509614035e+22,-0.0
543.5435,0.9815540529,304239143166.51764,7.564052567947966e+22,-0.0
544.5445,0.9815387973,305846206977.083,7.64545568981922e+22,-0.0
545.5455,0.9815235656,307458749613.775,7.727586034695998e+22,-0.0
546.5465,0.9815083577,309076779543.6169,7.810448789775894e+22,-0.0
547.5475,0.9814931736,310700305231.27124,7.894049170138199e+22,-0.0
548.5485,0.9814780132,312329335171.00244,7.978392418910112e+22,-0.0
549.5495,0.9814628764,313963877837.5431,8.063483807266438e+22,-0.0
550.5506,0.9814477631,315603941690.896,8.149328634550202e+22,-0.0
551.5516,0.9814326733,317249535210.8368,8.23593222844075e+22,-0.0
552.5526,0.9814176069,318900666862.6258,8.323299944989197e+22,-0.0
553.5536,0.9814025638,320557345110.7447,8.411437168751453e+22,-0.0
554.5546,0.981387544,322219578410.8367,8.500349312874301e+22,-0.0
555.5556,0.9813725473,323887375233.28986,8.590041819251676e+22,-0.0
556.5566,0.9813575738,325560744048.1564,8.680520158592246e+22,-0.0
557.5576,0.9813426233,327239693292.0848,8.77178983046035e+22,-0.0
558.5586,0.9813276958,328924231426.0809,8.863856363502895e+22,-0.0
559.5596,0.9813127912,330614366921.9954,8.956725315520849e+22,-0.0
560.5606,0.9812979094,332310108210.3977,9.050402273467653e+22,-0.0
561.5616,0.9812830503,334011463744.8536,9.14489285369569e+22,-0.0
562.5626,0.981268214,335718441982.6558,9.240202702012141e+22,-0.0
563.5636,0.9812534003,337431051356.0845,9.336337493731945e+22,-0.0
564.5646,0.9812386091,339149300331.1965,9.433302933907104e+22,-0.0
565.5656,0.9812238404,340873197329.2313,9.53110475725982e+22,-0.0
566.5666,0.9812090942,342602750779.6776,9.629748728416593e+22,-0.0
567.5676,0.9811943702,344337969150.6753,9.729240642067635e+22,-0.0
568.5686,0.9811796686,346078860872.3018,9.829586322913124e+22,-0.0
569.5696,0.9811649892,347825434369.8049,9.930791625843947e+22,-0.0
570.5706,0.9811503319,349577698070.0843,1.0032862436063422e+23,-0.0
571.5716,0.9811356967,351335660417.4091,1.013580466923043e+23,-0.0
572.5726,0.9811210835,353099329839.51086,1.0239624271488377e+23,-0.0
573.5736,0.9811064923,354868714750.5575,1.034432721958695e+23,-0.0
574.5746,0.981091923,356643823580.68195,1.044991952105261e+23,-0.0
575.5756,0.9810773755,358424664755.5785,1.055640721425257e+23,-0.0
576.5766,0.9810628497,360211246703.7422,1.0663796368520439e+23,-0.0
577.5776,0.9810483456,362003577842.4124,1.0772093084232472e+23,-0.0
578.5786,0.9810338632,363801666577.4445,1.0881303492919707e+23,-0.0
579.5796,0.9810194023,365605521330.1357,1.0991433757438328e+23,-0.0
580.5806,0.9810049629,367415150515.99457,1.1102490072028525e+23,-0.0
581.5816,0.9809905449,369230562551.87823,1.121447866244494e+23,-0.0
582.5826,0.9809761483,371051765850.676,1.132740578605056e+23,-0.0
583.5836,0.9809617731,372878768795.8486,1.1441277731872424e+23,-0.0
584.5846,0.980947419,374711579816.99835,1.1556100820890934e+23,-0.0
585.5856,0.9809330862,376550207325.16516,1.1671881405988058e+23,-0.0
586.5866,0.9809187744,378394659702.5726,1.178862587204946e+23,-0.0
587.5876,0.9809044838,380244945371.9304,1.1906340636230635e+23,-0.0
588.5886,0.9808902141,382101072718.8803,1.2025032147885135e+23,-0.0
589.5896,0.9808759653,383963050130.9764,1.214470688877669e+23,-0.0
590.5906,0.9808617375,385830886025.0072,1.2265371373249217e+23,-0.0
591.5916,0.9808475304,387704588799.01154,1.2387032148226004e+23,-0.0
592.5926,0.9808333441,389584166833.335,1.2509695793326633e+23,-0.0
593.5936,0.9808191785,391469628518.59406,1.2633368921049173e+23,-0.0
594.5946,0.9808050336,393360982238.8103,1.275805817683836e+23,-0.0
595.5956,0.9807909092,395258236389.7826,1.2883770239249716e+23,-0.0
596.5966,0.9807768053,397161399369.09814,1.3010511820030537e+23,-0.0
597.5976,0.9807627218,399070479540.22394,1.313828966415287e+23,-0.0
598.5986,0.9807486588,400985485300.54193,1.3267110550095411e+23,-0.0
599.5996,0.9807346161,402906425026.4429,1.3396981289814329e+23,-0.0
600.6006,0.9807205937,404833307075.41974,1.3527908728874864e+23,-0.0
601.6016,0.9807065915,406766139853.4899,1.3659899746727054e+23,-0.0
602.6026,0.9806926095,408704931746.4604,1.3792961256645785e+23,-0.0
603.6036,0.9806786475,410649691113.0835,1.3927100205835828e+23,-0.0
604.6046,0.9806647057,412600426301.0722,1.4062323575585327e+23,-0.0
605.6056,0.9806507838,414557145691.30975,1.4198638381498504e+23,-0.0
606.6066,0.9806368818,416519857689.8921,1.4336051673580636e+23,-0.0
607.6076,0.9806229997,418488570646.6472,1.4474570536151334e+23,-0.0
608.6086,0.9806091375,420463292905.9777,1.4614202088097424e+23,-0.0
609.6096,0.980595295,422444032845.3834,1.4754953483083472e+23,-0.0
610.6106,0.9805814722,424430798833.448,1.4896831909558715e+23,-0.0
611.6116,0.9805676691,426423599217.0042,1.5039844590844353e+23,-0.0
612.6126,0.9805538855,428422442378.14343,1.5183998785400995e+23,-0.0
613.6136,0.9805401215,430427336670.0921,1.5329301786768848e+23,-0.0
614.6146,0.980526377,432438290427.453,1.5475760923728437e+23,-0.0
615.6156,0.9805126519,434455312019.7973,1.5623383560547763e+23,-0.0
616.6166,0.9804989462,436478409804.5107,1.577217709698046e+23,-0.0
617.6176,0.9804852599,438507592135.181,1.5922148968405344e+23,-0.0
618.6186,0.9804715927,440542867335.02563,1.607330664587546e+23,-0.0
619.6196,0.9804579448,442584243775.9484,1.622565763645479e+23,-0.0
620.6206,0.9804443161,444631729831.59686,1.637920948319473e+23,-0.0
621.6216,0.9804307065,446685333803.47614,1.6533969765070545e+23,-0.0
622.6226,0.9804171159,448745064031.8878,1.668994609740092e+23,-0.0
623.6236,0.9804035443,450810928889.4745,1.6847146131941592e+23,-0.0
624.6246,0.9803899917,452882936716.8525,1.7005577556832753e+23,-0.0
625.6256,0.980376458,454961095831.80927,1.716524809674908e+23,-0.0
626.6266,0.9803629431,457045414576.6064,1.7326165513150447e+23,-0.0
627.6276,0.980349447,459135901298.5988,1.748833760434363e+23,-0.0
628.6286,0.9803359696,461232564328.9517,1.7651772205549965e+23,-0.0
629.6296,0.980322511,463335412005.60443,1.781647718908881e+23,-0.0
630.6306,0.9803090709,465444452646.01483,1.798246046442275e+23,-0.0
631.6316,0.9802956495,467559694588.5165,1.814972997840063e+23,-0.0
632.6326,0.9802822466,469681146176.0592,1.831829371532372e+23,-0.0
633.6336,0.9802688621,471808815711.3016,1.8488159696950998e+23,-0.0
634.6346,0.9802554962,473942711532.49036,1.8659335982836163e+23,-0.0
635.6356,0.9802421485,476082841970.508,1.8831830670319877e+23,-0.0
636.6366,0.9802288192,478229215323.47626,1.9005651894591638e+23,-0.0
637.6376,0.9802155082,480381839947.2856,1.9180807829068484e+23,-0.0
638.6386,0.9802022155,482540724159.4757,1.935730668523211e+23,-0.0
639.6396,0.9801889409,484705876236.2435,1.953515671276446e+23,-0.0
640.6406,0.9801756844,486877304541.39514,1.9714366200033223e+23,-0.0
641.6416,0.9801624461,489055017380.0074,1.989494347378158e+23,-0.0
642.6426,0.9801492257,491239023035.9178,2.0076896899387634e+23,-0.0
643.6436,0.9801360234,493429329871.4839,2.0260234881258672e+23,-0.0
644.6446,0.9801228389,495625946179.1556,2.0444965862524174e+23,-0.0
645.6456,0.9801096724,497828880250.60675,2.0631098325379398e+23,-0.0
646.6466,0.9800965237,500038140404.61145,2.0818640791276584e+23,-0.0
647.6476,0.9800833928,502253734955.0065,2.100760182096642e+23,-0.0
648.6486,0.9800702797,504475672220.3172,2.119799001464417e+23,-0.0
649.6496,0.9800571842,506703960476.41534,2.1389814011941562e+23,-0.0
650.6507,0.9800441064,508938608047.9413,2.1583082492330332e+23,-0.0
651.6517,0.9800310462,511179623240.3994,2.1777804175029094e+23,-0.0
652.6527,0.9800180036,513427014316.89716,2.197398781908176e+23,-0.0
653.6537,0.9800049784,515680789622.5234,2.217164222384934e+23,-0.0
654.6547,0.9799919707,517940957441.2487,2.23707762286939e+23,-0.0
655.6557,0.9799789805,520207526057.3478,2.2571398713319567e+23,-0.0
656.6567,0.9799660076,522480503802.6288,2.2773518598016862e+23,-0.0
657.6577,0.979953052,524759898915.3089,2.2977144843374206e+23,-0.0
658.6587,0.9799401137,527045719701.7022,2.318228645091214e+23,-0.0
659.6597,0.9799271926,529337974495.2103,2.3388952463058176e+23,-0.0
660.6607,0.9799142888,531636671555.9916,2.359715196298783e+23,-0.0
661.6617,0.979901402,533941819175.7673,2.3806894075075058e+23,-0.0
662.6627,0.9798885324,536253425643.2177,2.4018187964908158e+23,-0.0
663.6637,0.9798756798,538571499243.45135,2.423104283942555e+23,-0.0
664.6647,0.9798628442,540896048253.115,2.4445467947023177e+23,-0.0
665.6657,0.9798500255,543227080961.62885,2.4661472577760907e+23,-0.0
666.6667,0.9798372238,545564605667.2035,2.487906606346775e+23,-0.0
667.6677,0.979824439,547908630636.53265,2.5098257777755723e+23,-0.0
668.6687,0.9798116709,550259164146.2834,2.5319057136279627e+23,-0.0
669.6697,0.9797989197,552616214467.7625,2.554147359681883e+23,-0.0
670.6707,0.9797861852,554979789907.7172,2.576551665954204e+23,-0.0
671.6717,0.9797734674,557349898730.5991,2.5991195866877272e+23,-0.0
672.6727,0.9797607662,559726549184.0264,2.6218520803749627e+23,-0.0
673.6737,0.9797480817,562109749576.4109,2.644750109794345e+23,-0.0
674.6747,0.9797354137,564499508160.4268,2.6678146419861808e+23,-0.0
675.6757,0.9797227622,566895833209.4865,2.69104664829197e+23,-0.0
676.6767,0.9797101272,569298733007.7228,2.714447104362507e+23,-0.0
677.6777,0.9796975087,571708215808.283,2.738016990159263e+23,-0.0
678.6787,0.9796849065,574124289888.7483,2.7617572899850617e+23,-0.0
679.6797,0.9796723207,576546963505.9243,2.7856689924826814e+23,-0.0
680.6807,0.9796597512,578976244916.7126,2.809753090655621e+23,-0.0
681.6817,0.979647198,581412142413.8652,2.8340105818928566e+23,-0.0
682.6827,0.979634661,583854664241.9092,2.858442467953918e+23,-0.0
683.6837,0.9796221402,586303818646.0061,2.8830497550004223e+23,-0.0
684.6847,0.9796096355,588759613920.9355,2.9078334536240113e+23,-0.0
685.6857,0.979597147,591222058301.9446,2.9327945788238963e+23,-0.0
686.6867,0.9795846745,593691160063.2349,2.9579341500546654e+23,-0.0
687.6877,0.979572218,596166927473.7595,2.9832531912225575e+23,-0.0
688.6887,0.9795597774,598649368728.2329,3.0087527306783055e+23,-0.0
689.6897,0.9795473529,601138492105.0718,3.0344338012837744e+23,-0.0
690.6907,0.9795349442,603634305906.1409,3.060297440403279e+23,-0.0
691.6917,0.9795225514,606136818357.0114,3.0863446898846134e+23,-0.0
692.6927,0.9795101744,608646037679.6418,3.112576596098313e+23,-0.0
693.6937,0.9794978131,611161972151.5703,3.138994209970909e+23,-0.0
694.6947,0.9794854676,613684630032.7744,3.16559858697278e+23,-0.0
695.6957,0.9794731378,616214019545.3969,3.1923907871262714e+23,-0.0
696.6967,0.9794608237,618750148925.7266,3.219371875037089e+23,-0.0
697.6977,0.9794485252,621293026441.233,3.246542919913991e+23,-0.0
698.6987,0.9794362422,623842660348.5549,3.273904995567289e+23,-0.0
699.6997,0.9794239748,626399058854.4448,3.301459180410083e+23,-0.0
700.7007,0.9794117229,628962230229.795,3.3292065575125396e+23,-0.0
701.7017,0.9793994864,631532182723.9915,3.357148214583347e+23,-0.0
702.7027,0.9793872654,634108924546.7278,3.385285243980374e+23,-0.0
703.7037,0.9793750597,636692463954.234,3.413618742753112e+23,-0.0
704.7047,0.9793628694,639282809157.9397,3.442149812624832e+23,-0.0
705.7057,0.9793506944,641879968403.9495,3.470879560035785e+23,-0.0
706.7067,0.9793385347,644483949967.6249,3.4998090961533494e+23,-0.0
707.7077,0.9793263902,647094762064.9801,3.52893953685562e+23,-0.0
708.7087,0.9793142609,649712412899.4778,3.558272002762849e+23,-0.0
709.7097,0.9793021467,652336910707.3389,3.587807619267505e+23,-0.0
710.7107,0.9792900477,654968263751.9579,3.617547516545865e+23,-0.0
711.7117,0.9792779637,657606480260.3683,3.647492829549086e+23,-0.0
712.7127,0.9792658948,660251568427.3436,3.6776446980200915e+23,-0.0
713.7137,0.9792538409,662903536488.8756,3.708004266534204e+23,-0.0
714.7147,0.979241802,665562392712.8408,3.7385726845090995e+23,-0.0
715.7157,0.9792297779,668228145277.2345,3.7693511061745734e+23,-0.0
716.7167,0.9792177688,670900802411.2057,3.8003406906413e+23,-0.0
717.7177,0.9792057746,673580372390.3613,3.831542601909041e+23,-0.0
718.7187,0.9791937951,676266863378.5023,3.86295800882572e+23,-0.0
719.7197,0.9791818304,678960283595.3745,3.89458808516421e+23,-0.0
720.7207,0.9791698805,681660641309.1716,3.926434009631733e+23,-0.0
721.7217,0.9791579453,684367944740.5759,3.9584969658495946e+23,-0.0
722.7227,0.9791460248,687082202042.2657,3.9907781423603966e+23,-0.0
723.7237,0.9791341189,689803421457.5698,4.0232787327034704e+23,-0.0
724.7247,0.9791222276,692531611271.1119,4.055999935406511e+23,-0.0
725.7257,0.9791103509,695266779621.7855,4.0889429539330286e+23,-0.0
726.7267,0.9790984887,698008934719.9504,4.1221089967801054e+23,-0.0
727.7277,0.979086641,700758084825.2721,4.155499277480815e+23,-0.0
728.7287,0.9790748078,703514238142.671,4.189115014581914e+23,-0.0
729.7297,0.979062989,706277402889.3475,4.222957431683294e+23,-0.0
730.7307,0.9790511846,709047587218.4883,4.25702775742356e+23,-0.0
731.7317,0.9790393946,711824799379.682,4.291327225558188e+23,-0.0
732.7327,0.9790276189,714609047639.076,4.3258570749384914e+23,-0.0
733.7337,0.9790158574,717400340103.275,4.360618549463402e+23,-0.0
734.7347,0.9790041102,720198685008.9928,4.3956128982062164e+23,-0.0
735.7357,0.9789923773,723004090629.8269,4.4308413753886985e+23,-0.0
736.7367,0.9789806585,725816565081.297,4.466305240324093e+23,-0.0
737.7377,0.9789689539,728636116592.6598,4.5020057575389794e+23,-0.0
738.7387,0.9789572634,731462753407.8809,4.537944196744256e+23,-0.0
739.7397,0.9789455869,734296483688.306,4.57412183281716e+23,-0.0
740.7407,0.9789339246,737137315654.1378,4.6105399458691526e+23,-0.0
741.7417,0.9789222762,739985257498.1151,4.6471998212273565e+23,-0.0
742.7427,0.9789106418,742840317413.3763,4.684102749461181e+23,-0.0
743.7437,0.9788990214,745702503608.5345,4.7212500264025634e+23,-0.0
744.7447,0.9788874149,748571824266.8243,4.7586429531450936e+23,-0.0
745.7457,0.9788758223,751448287570.7802,4.7962828360694555e+23,-0.0
746.7467,0.9788642435,754331901802.6809,4.8341709868980225e+23,-0.0
747.7477,0.9788526785,757222675091.1632,4.8723087226059985e+23,-0.0
748.7487,0.9788411273,760120615568.948,4.9106973655077484e+23,-0.0
749.7497,0.9788295899,763025731527.4501,4.9493382433254665e+23,-0.0
750.7508,0.9788180662,765938031128.9374,4.988232689092033e+23,-0.0
751.7518,0.9788065562,768857522583.0359,5.027382041238664e+23,-0.0
752.7528,0.9787950598,771784214038.6846,5.066787643563238e+23,-0.0
753.7538,0.978783577,774718113672.59,5.106450845286852e+23,-0.0
754.7548,0.9787721079,777659229744.9364,5.146373001085325e+23,-0.0
755.7558,0.9787606523,780607570400.9436,5.186555471027458e+23,-0.0
756.7568,0.9787492102,783563143826.8213,5.2269996206543936e+23,-0.0
757.7578,0.9787377816,786525958201.552,5.267706820973193e+23,-0.0
758.7588,0.9787263665,789496021734.1915,5.308678448490104e+23,-0.0
759.7598,0.9787149648,792473342597.4078,5.34991588519506e+23,-0.0
760.7608,0.9787035765,795457928913.817,5.391420518576384e+23,-0.0
761.7618,0.9786922016,798449788978.0715,5.4331937417249735e+23,-0.0
762.7628,0.97868084,801448930950.2281,5.475236953219899e+23,-0.0
763.7638,0.9786694918,804455362920.7375,5.517551557178747e+23,-0.0
764.7648,0.9786581568,807469093147.0876,5.560138963366002e+23,-0.0
765.7658,0.978646835,810490129804.8113,5.6030005871046396e+23,-0.0
766.7668,0.9786355265,813518481048.8496,5.646137849320757e+23,-0.0
767.7678,0.9786242311,816554155051.9911,5.6895521765724674e+23,-0.0
768.7688,0.9786129489,819597160006.0258,5.733245001068377e+23,-0.0
769.7698,0.9786016798,822647504075.9722,5.7772177606610987e+23,-0.0
770.7708,0.9785904238,825705195454.032,5.821471898889684e+23,-0.0
771.7718,0.9785791809,828770242321.0869,5.8660088649742064e+23,-0.0
772.7728,0.978567951,831842652804.6475,5.910830113819007e+23,-0.0
773.7738,0.9785567341,834922435137.3094,5.955937106092551e+23,-0.0
774.7748,0.9785455302,838009597466.4902,6.0013313081616494e+23,-0.0
775.7758,0.9785343392,841104147937.5436,6.047014192146661e+23,-0.0
776.7768,0.9785231611,844206094717.4568,6.092987235943563e+23,-0.0
777.7778,0.9785119959,847315446024.0469,6.139251923255771e+23,-0.0
778.7788,0.9785008435,850432210015.886,6.185809743557623e+23,-0.0
779.7798,0.978489704,853556394826.3597,6.232662192132294e+23,-0.0
780.7808,0.9784785773,856688008661.1372,6.279810770123559e+23,-0.0
781.7818,0.9784674633,859827059644.7373,6.327256984489053e+23,-0.0
782.7828,0.9784563621,862973555984.4027,6.375002348086991e+23,-0.0
783.7838,0.9784452736,866127505816.8805,6.42304837962284e+23,-0.0
784.7848,0.9784341978,869288917282.4498,6.471396603703217e+23,-0.0
785.7858,0.9784231346,872457798633.0366,6.520048550893746e+23,-0.0
786.7868,0.978412084,875634157971.2728,6.569005757622245e+23,-0.0
787.7878,0.978401046,878818003432.5637,6.618269766279187e+23,-0.0
788.7888,0.9783900206,882009343221.7522,6.667842125244392e+23,-0.0
789.7898,0.9783790077,885208185463.6095,6.71772438884047e+23,-0.0
790.7908,0.9783680073,888414538342.0027,6.767918117410691e+23,-0.0
791.7918,0.9783570194,891628410047.721,6.818424877309877e+23,-0.0
792.7928,0.978346044,894849808699.0349,6.869246240887484e+23,-0.0
793.7938,0.978335081,898078742439.713,6.920383786548262e+23,-0.0
794.7948,0.9783241303,901315219456.4231,6.971839098774809e+23,-0.0
795.7958,0.978313192,904559247910.4692,7.0236137681136e+23,-0.0
796.7968,0.9783022661,907810835900.5408,7.075709391175427e+23,-0.0
797.7978,0.9782913525,911069991583.5809,7.128127570707939e+23,-0.0
798.7988,0.9782804512,914336723230.463,7.180869915633399e+23,-0.0
799.7998,0.9782695621,917611038956.9487,7.233938040943297e+23,-0.0
800.8008,0.9782586852,920892946789.8977,7.28733356775123e+23,-0.0
801.8018,0.9782478206,924182454898.192,7.341058123410976e+23,-0.0
802.8028,0.9782369681,927479571576.8998,7.39511334152387e+23,-0.0
803.8038,0.9782261278,930784304987.8693,7.449500861834939e+23,-0.0
804.8048,0.9782152995,934096663076.651,7.504222330218869e+23,-0.0
805.8058,0.9782044834,937416654042.0604,7.559279398912448e+23,-0.0
806.8068,0.9781936794,940744286221.57,7.614673726468122e+23,-0.0
807.8078,0.9781828874,944079567640.4938,7.670406977569188e+23,-0.0
808.8088,0.9781721073,947422506361.151,7.726480823213979e+23,-0.0
809.8098,0.9781613393,950773110623.7246,7.782896940789108e+23,-0.0
810.8108,0.9781505833,954131388605.5378,7.83965701397693e+23,-0.0
811.8118,0.9781398391,957497348375.2533,7.896762732751935e+23,-0.0
812.8128,0.9781291069,960870998077.9563,7.95421579348691e+23,-0.0
813.8138,0.9781183866,964252345950.0579,8.012017898970497e+23,-0.0
814.8148,0.9781076781,967641400015.2162,8.070170758285066e+23,-0.0
815.8158,0.9780969814,971038168474.7296,8.128676087012147e+23,-0.0
816.8168,0.9780862966,974442659549.1665,8.187535607161825e+23,-0.0
817.8178,0.9780756235,977854881191.9425,8.246751047068197e+23,-0.0
818.8188,0.9780649622,981274841661.6855,8.306324141673705e+23,-0.0
819.8198,0.9780543126,984702549137.2236,8.366256632353981e+23,-0.0
820.8208,0.9780436747,988138011665.4283,8.426550266924999e+23,-0.0
821.8218,0.9780330484,991581237421.997,8.487206799774001e+23,-0.0
822.8228,0.9780224338,995032234543.4026,8.548227991801291e+23,-0.0
823.8238,0.9780118309,998491011170.618,8.609615610455822e+23,-0.0
824.8248,0.9780012395,1001957575438.9823,8.671371429749723e+23,-0.0
825.8258,0.9779906597,1005431935514.8125,8.733497230291224e+23,-0.0
826.8268,0.9779800915,1008914099449.1206,8.795994799232449e+23,-0.0
827.8278,0.9779695348,1012404075403.7816,8.858865930399497e+23,-0.0
828.8288,0.9779589895,1015901871611.4569,8.922112424281592e+23,-0.0
829.8298,0.9779484558,1019407496117.3159,8.985736087930421e+23,-0.0
830.8308,0.9779379335,1022920957032.7456,9.049738735101345e+23,-0.0
831.8318,0.9779274226,1026442262544.0905,9.114122186270609e+23,-0.0
832.8328,0.9779169231,1029971420729.2489,9.178888268565554e+23,-0.0
833.8338,0.977906435,1033508439763.6696,9.244038815885182e+23,-0.0
834.8348,0.9778959582,1037053327852.1074,9.309575668877213e+23,-0.0
835.8358,0.9778854928,1040606092991.7773,9.375500674846437e+23,-0.0
836.8368,0.9778750386,1044166743241.3451,9.441815687905981e+23,-0.0
837.8378,0.9778645958,1047735286916.2302,9.508522569085305e+23,-0.0
838.8388,0.9778541641,1051311732147.8969,9.575623186126494e+23,-0.0
839.8398,0.9778437438,1054896086942.9692,9.6431194135446e+23,-0.0
840.8408,0.9778333346,1058488359458.1976,9.711013132771632e+23,-0.0
841.8418,0.9778229366,1062088557820.9178,9.779306232088186e+23,-0.0
842.8428,0.9778125497,1065696690215.5565,9.84800060668336e+23,-0.0
843.8438,0.977802174,1069312764713.9429,9.917098158586536e+23,-0.0
844.8448,0.9777918094,1072936789435.1495,9.986600796771394e+23,-0.0
845.8458,0.9777814559,1076568772516.841,1.0056510437150351e+24,-0.0
846.8468,0.9777711134,1080208722028.6282,1.0126829002557726e+24,-0.0
847.8478,0.977760782,1083856646184.731,1.0197558422868448e+24,-0.0
848.8488,0.9777504616,1087512553121.0764,1.0268700634903435e+24,-0.0
849.8498,0.9777401522,1091176450938.7859,1.0340257582474297e+24,-0.0
850.8509,0.9777298537,1094848347637.4791,1.0412231216363994e+24,-0.0
851.8519,0.9777195662,1098528251390.4657,1.048462349449138e+24,-0.0
852.8529,0.9777092896,1102216170449.0894,1.0557436381865307e+24,-0.0
853.8539,0.9776990239,1105912112810.0464,1.0630671850447696e+24,-0.0
854.8549,0.9776887691,1109616086636.0776,1.070433187938277e+24,-0.0
855.8559,0.9776785252,1113328099993.088,1.0778418454875421e+24,-0.0
856.8569,0.977668292,1117048161003.1255,1.0852933570298537e+24,-0.0
857.8579,0.9776580697,1120776277867.0903,1.0927879226208537e+24,-0.0
858.8589,0.9776478581,1124512458680.1248,1.1003257430280419e+24,-0.0
859.8599,0.9776376574,1128256711546.525,1.1079070197378738e+24,-0.0
860.8609,0.9776274673,1132009044490.1138,1.1155319549535181e+24,-0.0
861.8619,0.977617288,1135769465695.4795,1.1232007516088968e+24,-0.0
862.8629,0.9776071194,1139537983299.9058,1.1309136133592516e+24,-0.0
863.8639,0.9775969614,1143314605436.415,1.1386707445860602e+24,-0.0
864.8649,0.9775868141,1147099340154.0015,1.1464723503938999e+24,-0.0
865.8659,0.9775766774,1150892195540.4294,1.1543186366198689e+24,-0.0
866.8669,0.9775665513,1154693179895.5264,1.1622098098429455e+24,-0.0
867.8679,0.9775564358,1158502301172.0054,1.1701460773573896e+24,-0.0
868.8689,0.9775463309,1162319567354.7812,1.1781276471954057e+24,-0.0
869.8699,0.9775362365,1166144986789.498,1.1861547281446566e+24,-0.0
870.8709,0.9775261526,1169978567549.3071,1.194227529716965e+24,-0.0
871.8719,0.9775160792,1173820317652.5322,1.2023462621630913e+24,-0.0
872.8729,0.9775060163,1177670245307.9392,1.2105111364859807e+24,-0.0
873.8739,0.9774959639,1181528358568.5154,1.218722364425056e+24,-0.0
874.8749,0.9774859218,1185394665497.1086,1.2269801584670158e+24,-0.0
875.8759,0.9774758902,1189269174204.2776,1.2352847318493378e+24,-0.0
876.8769,0.977465869,1193151892918.9307,1.2436362985660297e+24,-0.0
877.8779,0.9774558581,1197042829743.6724,1.252035073355926e+24,-0.0
878.8789,0.9774458576,1200941992629.1558,1.2604812717045328e+24,-0.0
879.8799,0.9774358674,1204849389756.48,1.268975109865457e+24,-0.0
880.8809,0.9774258875,1208765029269.4211,1.2775168048476782e+24,-0.0
881.8819,0.9774159179,1212688919199.9485,1.286106574414191e+24,-0.0
882.8829,0.9774059585,1216621067724.4087,1.294744637097294e+24,-0.0
883.8839,0.9773960094,1220561482977.5662,1.3034312121901032e+24,-0.0
884.8849,0.9773860705,1224510172984.902,1.3121665197455938e+24,-0.0
885.8859,0.9773761418,1228467145866.192,1.3209507805890926e+24,-0.0
886.8869,0.9773662233,1232432409792.6057,1.329784216317691e+24,-0.0
887.8879,0.9773563149,1236405972725.006,1.3386670492881449e+24,-0.0
888.8889,0.9773464167,1240387842786.2542,1.3475995026397553e+24,-0.0
889.8899,0.9773365286,1244378028234.5684,1.3565818002930073e+24,-0.0
890.8909,0.9773266506,1248376537026.1406,1.3656141669292184e+24,-0.0
891.8919,0.9773167826,1252383377381.316,1.3746968280232023e+24,-0.0
892.8929,0.9773069247,1256398557384.3853,1.3838300098219775e+24,-0.0
893.8939,0.9772970769,1260422084934.4724,1.3930139393464018e+24,-0.0
894.8949,0.977287239,1264453968296.877,1.402248844421435e+24,-0.0
895.8959,0.9772774111,1268494215609.7712,1.411534953651013e+24,-0.0
896.8969,0.9772675933,1272542834907.9302,1.4208724964223355e+24,-0.0
897.8979,0.9772577853,1276599834341.0105,1.4302617029190532e+24,-0.0
898.8989,0.9772479873,1280665221888.449,1.4397028041077144e+24,-0.0
899.8999,0.9772381992,1284739005688.051,1.4491960317584756e+24,-0.0
900.9009,0.977228421,1288821193976.4258,1.4587416184421262e+24,-0.0
901.9019,0.9772186527,1292911794672.504,1.4683397975104895e+24,-0.0
902.9029,0.9772088942,1297010815909.9578,1.4779908031279025e+24,-0.0
903.9039,0.9771991456,1301118265921.259,1.4876948702653035e+24,-0.0
904.9049,0.9771894067,1305234152719.1865,1.4974522346857745e+24,-0.0
905.9059,0.9771796777,1309358484314.0017,1.5072631329584946e+24,-0.0
906.9069,0.9771699584,1313491268829.4255,1.5171278024669922e+24,-0.0
907.9079,0.9771602489,1317632514379.6575,1.5270464814038803e+24,-0.0
908.9089,0.9771505491,1321782229138.9841,1.5370194087772158e+24,-0.0
909.9099,0.9771408591,1325940421211.9333,1.5470468244044342e+24,-0.0
910.9109,0.9771311787,1330107098538.3245,1.5571289689102745e+24,-0.0
911.9119,0.977121508,1334282269224.9133,1.5672660837467872e+24,-0.0
912.9129,0.977111847,1338465941434.8647,1.5774584111886552e+24,-0.0
913.9139,0.9771021956,1342658123387.3247,1.5877061943354505e+24,-0.0
914.9149,0.9770925538,1346858823053.223,1.59800967709611e+24,-0.0
915.9159,0.9770829217,1351068048297.3948,1.608369104200697e+24,-0.0
916.9169,0.9770732991,1355285807517.3875,1.618784721236724e+24,-0.0
917.9179,0.977063686,1359512108793.9514,1.6292567746022496e+24,-0.0
918.9189,0.9770540825,1363746960094.6113,1.6397855115224376e+24,-0.0
919.9199,0.9770444886,1367990369568.578,1.650371180065427e+24,-0.0
920.9209,0.9770349041,1372242345170.2683,1.6610140291249072e+24,-0.0
921.9219,0.9770253291,1376502895224.178,1.6717143084532817e+24,-0.0
922.9229,0.9770157636,1380772027751.6895,1.682472268624385e+24,-0.0
923.9239,0.9770062076,1385049750638.1497,1.69328816104798e+24,-0.0
924.9249,0.976996661,1389336072141.397,1.704162237998088e+24,-0.0
925.9259,0.9769871238,1393631000321.4053,1.715094752583178e+24,-0.0
926.9269,0.9769775959,1397934543373.4832,1.7260859587678028e+24,-0.0
927.9279,0.9769680775,1402246709301.5647,1.7371361113545757e+24,-0.0
928.9289,0.9769585684,1406567506031.212,1.7482454659951746e+24,-0.0
929.9299,0.9769490687,1410896941943.7085,1.7594142792206034e+24,-0.0
930.9309,0.9769395782,1415235024899.4456,1.770642808387301e+24,-0.0
931.9319,0.9769300971,1419581762941.842,1.7819313117225427e+24,-0.0
932.9329,0.9769206253,1423937164449.714,1.7932800483308605e+24,-0.0
933.9339,0.9769111627,1428301237275.2446,1.8046892781493966e+24,-0.0
934.9349,0.9769017094,1432673989522.735,1.8161592619948327e+24,-0.0
935.9359,0.9768922653,1437055429360.418,1.8276902615528808e+24,-0.0
936.9369,0.9768828304,1441445564829.249,1.8392825393708854e+24,-0.0
937.9379,0.9768734047,1445844404025.9705,1.850936358869568e+24,-0.0
938.9389,0.9768639882,1450251954913.1147,1.862651984334666e+24,-0.0
939.9399,0.9768545809,1454668225730.5034,1.8744296809429614e+24,-0.0
940.9409,0.9768451826,1459093224561.6973,1.8862697147375414e+24,-0.0
941.9419,0.9768357936,1463526959355.1172,1.8981723526338136e+24,-0.0
942.9429,0.9768264136,1467969438345.8276,1.9101378624439468e+24,-0.0
943.9439,0.9768170427,1472420669477.7217,1.9221665128459284e+24,-0.0
944.9449,0.9768076809,1476880660897.7886,1.9342585734155464e+24,-0.0
945.9459,0.9767983281,1481349420758.4214,1.946414314614546e+24,-0.0
946.9469,0.9767889844,1485826956994.9585,1.9586340077822927e+24,-0.0
947.9479,0.9767796496,1490313277752.2659,1.9709179251613755e+24,-0.0
948.9489,0.9767703239,1494808391173.8333,1.983266339887507e+24,-0.0
949.9499,0.9767610072,1499312305252.5117,1.995679525982898e+24,-0.0
950.951,0.9767516994,1503825028062.1252,2.0081577583727408e+24,-0.0
951.952,0.9767424006,1508346567802.196,2.0207013128885854e+24,-0.0
952.953,0.9767331108,1512876932463.0366,2.0333104662515002e+24,-0.0
953.954,0.9767238298,1517416130110.4648,2.0459854960914218e+24,-0.0
954.955,0.9767145577,1521964168852.6216,2.0587266809462985e+24,-0.0
955.956,0.9767052945,1526521056684.7727,2.0715343002558906e+24,-0.0
956.957,0.9766960402,1531086801736.7483,2.084408634378304e+24,-0.0
957.958,0.9766867948,1535661412261.2722,2.0973499645907747e+24,-0.0
958.959,0.9766775581,1540244896159.62,2.1103585730638334e+24,-0.0
959.96,0.9766683303,1544837261401.8384,2.1234347428902518e+24,-0.0
960.961,0.9766591113,1549438516245.2908,2.136578758097586e+24,-0.0
961.962,0.976649901,1554048668730.3018,2.1497909036213839e+24,-0.0
962.963,0.9766406995,1558667726967.706,2.163071465324778e+24,-0.0
963.964,0.9766315068,1563295698988.5747,2.1764207299907946e+24,-0.0
964.965,0.9766223228,1567932592735.374,2.1898389853254085e+24,-0.0
965.966,0.9766131475,1572578416470.7236,2.2033265199830297e+24,-0.0
966.967,0.9766039809,1577233178293.5872,2.2168836235389528e+24,-0.0
967.968,0.976594823,1581896886070.9043,2.2305105864894274e+24,-0.0
968.969,0.9765856738,1586569548048.9866,2.2442077002895442e+24,-0.0
969.97,0.9765765332,1591251172389.101,2.257975257326148e+24,-0.0
970.971,0.9765674012,1595941766962.9812,2.2718135509099405e+24,-0.0
971.972,0.9765582779,1600641339765.8335,2.2857228753018497e+24,-0.0
972.973,0.9765491631,1605349899116.099,2.2997035257268502e+24,-0.0
973.974,0.976540057,1610067453118.1294,2.313755798342394e+24,-0.0
974.975,0.9765309594,1614794009515.5696,2.3278799902347126e+24,-0.0
975.976,0.9765218703,1619529576537.1333,2.342076399470901e+24,-0.0
976.977,0.9765127898,1624274162518.2466,2.3563453250762762e+24,-0.0
977.978,0.9765037178,1629027775441.1477,2.3706870670105263e+24,-0.0
978.979,0.9764946544,1633790422963.4517,2.3851019261720872e+24,-0.0
979.98,0.9764855994,1638562113408.734,2.3995902044614147e+24,-0.0
980.981,0.9764765528,1643342855161.8538,2.4141522047412787e+24,-0.0
981.982,0.9764675148,1648132655795.1577,2.428788230791459e+24,-0.0
982.983,0.9764584852,1652931523613.417,2.443498587403925e+24,-0.0
983.984,0.976449464,1657739466838.314,2.458283580331508e+24,-0.0
984.985,0.9764404512,1662556493281.421,2.4731435162752e+24,-0.0
985.986,0.9764314468,1667382611154.397,2.488078702933038e+24,-0.0
986.987,0.9764224508,1672217828512.7358,2.5030894489684905e+24,-0.0
987.988,0.9764134631,1677062153306.1482,2.518176064016866e+24,-0.0
988.989,0.9764044838,1681915593675.465,2.533338858705063e+24,-0.0
989.99,0.9763955129,1686778157847.8818,2.548578144646751e+24,-0.0
990.991,0.9763865502,1691649853746.5486,2.56389423442103e+24,-0.0
991.992,0.9763775959,1696530689326.6912,2.579287441596836e+24,-0.0
992.993,0.9763686498,1701420672819.9258,2.5947580807480896e+24,-0.0
993.994,0.976359712,1706319812413.9504,2.610306467436718e+24,-0.0
994.995,0.9763507825,1711228115956.675,2.625932918196813e+24,-0.0
995.996,0.9763418612,1716145591489.497,2.6416377505715756e+24,-0.0
996.997,0.9763329481,1721072247299.6375,2.657421283115392e+24,-0.0
997.998,0.9763240433,1726008091213.5864,2.6732838353547567e+24,-0.0
998.999,0.9763151466,1724285342060.912,2.6888319174533836e+24,-0.0
1000.0,0.9763062581,1723868279813.2815,2.704600818989725e+24,-0.0
