z,null_t,null_r,timelike_t,timelike_r
0.0,1.0,0.0,1.0,0.0
1.001,0.99899943496211,0.001001,0.998999407615607,-0.0001
2.002,0.997998869823907,0.002001,0.997998815130896,-0.0002
3.003,0.996998304585191,0.003002,0.996998222545666,-0.0003
4.004,0.995997739245761,0.004002,0.995997629859717,-0.0004
5.005,0.994997173805416,0.005003,0.994997037072847,-0.0005
6.006,0.993996608263953,0.006003,0.993996444184855,-0.0006
7.007,0.992996042621171,0.007004,0.992995851195536,-0.0007
8.008,0.991995476876865,0.008005,0.991995258104689,-0.0008
9.009,0.990994911030832,0.009005,0.990994664912109,-0.000901
10.01,0.989994345082867,0.010006,0.989994071617591,-0.001001
11.011,0.988993779032765,0.011006,0.988993478220932,-0.001101
12.012,0.987993212880321,0.012007,0.987992884721923,-0.001201
13.013,0.986992646625328,0.013007,0.986992291120361,-0.001301
14.014,0.985992080267579,0.014008,0.985991697416036,-0.001401
15.015,0.984991513806867,0.015008,0.984991103608743,-0.001501
16.016,0.983990947242982,0.016009,0.983990509698272,-0.001601
17.017,0.982990380575717,0.01701,0.982989915684414,-0.001701
18.018,0.981989813804862,0.01801,0.98198932156696,-0.001801
19.019,0.980989246930206,0.019011,0.980988727345701,-0.001901
20.02,0.979988679951539,0.020011,0.979988133020424,-0.002001
21.021,0.97898811286865,0.021012,0.978987538590919,-0.002101
22.022,0.977987545681326,0.022012,0.977986944056974,-0.002201
23.023,0.976986978389355,0.023013,0.976986349418375,-0.002301
24.024,0.975986410992523,0.024014,0.97598575467491,-0.002401
25.025,0.974985843490616,0.025014,0.974985159826364,-0.002501
26.026,0.973985275883419,0.026015,0.973984564872522,-0.002602
27.027,0.972984708170718,0.027015,0.97298396981317,-0.002702
28.028,0.971984140352296,0.028016,0.971983374648091,-0.002802
29.029,0.970983572427936,0.029016,0.970982779377069,-0.002902
30.03,0.969983004397422,0.030017,0.969982183999885,-0.003002
31.031,0.968982436260534,0.031018,0.968981588516323,-0.003102
32.032,0.967981868017055,0.032018,0.967980992926164,-0.003202
33.033,0.966981299666765,0.033019,0.966980397229187,-0.003302
34.034,0.965980731209445,0.034019,0.965979801425173,-0.003402
35.035,0.964980162644872,0.03502,0.964979205513902,-0.003502
36.036,0.963979593972827,0.03602,0.963978609495151,-0.003602
37.037,0.962979025193086,0.037021,0.962978013368699,-0.003702
38.038,0.961978456305427,0.038022,0.961977417134324,-0.003802
39.039,0.960977887309627,0.039022,0.9609768207918,-0.003902
40.04,0.959977318205462,0.040023,0.959976224340905,-0.004002
41.041,0.958976748992706,0.041023,0.958975627781413,-0.004102
42.042,0.957976179671134,0.042024,0.9579750311131,-0.004202
43.043,0.95697561024052,0.043024,0.956974434335737,-0.004303
44.044,0.955975040700636,0.044025,0.955973837449099,-0.004403
45.045,0.954974471051256,0.045026,0.954973240452959,-0.004503
46.046,0.95397390129215,0.046026,0.953972643347086,-0.004603
47.047,0.95297333142309,0.047027,0.952972046131253,-0.004703
48.048,0.951972761443846,0.048027,0.951971448805229,-0.004803
49.049,0.950972191354187,0.049028,0.950970851368784,-0.004903
50.0501,0.949971621153882,0.050028,0.949970253821687,-0.005003
51.0511,0.948971050842699,0.051029,0.948969656163705,-0.005103
52.0521,0.947970480420406,0.05203,0.947969058394607,-0.005203
53.0531,0.946969909886768,0.05303,0.946968460514157,-0.005303
54.0541,0.945969339241551,0.054031,0.945967862522123,-0.005403
55.0551,0.944968768484521,0.055031,0.944967264418269,-0.005503
56.0561,0.943968197615443,0.056032,0.943966666202359,-0.005603
57.0571,0.942967626634079,0.057032,0.942966067874158,-0.005703
58.0581,0.941967055540192,0.058033,0.941965469433427,-0.005803
59.0591,0.940966484333544,0.059034,0.940964870879929,-0.005904
60.0601,0.939965913013897,0.060034,0.939964272213425,-0.006004
61.0611,0.938965341581012,0.061035,0.938963673433676,-0.006104
62.0621,0.937964770034648,0.062035,0.937963074540442,-0.006204
63.0631,0.936964198374563,0.063036,0.936962475533481,-0.006304
64.0641,0.935963626600517,0.064036,0.935961876412552,-0.006404
65.0651,0.934963054712267,0.065037,0.934961277177412,-0.006504
66.0661,0.93396248270957,0.066038,0.933960677827817,-0.006604
67.0671,0.932961910592181,0.067038,0.932960078363525,-0.006704
68.0681,0.931961338359856,0.068039,0.93195947878429,-0.006804
69.0691,0.930960766012349,0.069039,0.930958879089866,-0.006904
70.0701,0.929960193549413,0.07004,0.929958279280006,-0.007004
71.0711,0.928959620970802,0.07104,0.928957679354465,-0.007104
72.0721,0.927959048276267,0.072041,0.927957079312993,-0.007204
73.0731,0.92695847546556,0.073042,0.926956479155341,-0.007304
74.0741,0.925957902538431,0.074042,0.925955878881261,-0.007404
75.0751,0.924957329494629,0.075043,0.924955278490502,-0.007504
76.0761,0.923956756333904,0.076043,0.923954677982812,-0.007605
77.0771,0.922956183056004,0.077044,0.922954077357939,-0.007705
78.0781,0.921955609660674,0.078044,0.921953476615631,-0.007805
79.0791,0.920955036147663,0.079045,0.920952875755634,-0.007905
80.0801,0.919954462516714,0.080046,0.919952274777693,-0.008005
81.0811,0.918953888767574,0.081046,0.918951673681553,-0.008105
82.0821,0.917953314899986,0.082047,0.917951072466958,-0.008205
83.0831,0.916952740913692,0.083047,0.916950471133651,-0.008305
84.0841,0.915952166808436,0.084048,0.915949869681373,-0.008405
85.0851,0.914951592583958,0.085048,0.914949268109867,-0.008505
86.0861,0.913951018239999,0.086049,0.913948666418873,-0.008605
87.0871,0.912950443776299,0.08705,0.91294806460813,-0.008705
88.0881,0.911949869192596,0.08805,0.911947462677378,-0.008805
89.0891,0.910949294488628,0.089051,0.910946860626353,-0.008905
90.0901,0.909948719664132,0.090051,0.909946258454794,-0.009005
91.0911,0.908948144718845,0.091052,0.908945656162436,-0.009105
92.0921,0.907947569652502,0.092052,0.907945053749014,-0.009205
93.0931,0.906946994464838,0.093053,0.906944451214264,-0.009306
94.0941,0.905946419155585,0.094054,0.905943848557918,-0.009406
95.0951,0.904945843724478,0.095054,0.90494324577971,-0.009506
96.0961,0.903945268171247,0.096055,0.903942642879371,-0.009606
97.0971,0.902944692495623,0.097055,0.902942039856633,-0.009706
98.0981,0.901944116697337,0.098056,0.901941436711224,-0.009806
99.0991,0.900943540776118,0.099056,0.900940833442875,-0.009906
100.1001,0.899942964731694,0.100057,0.899940230051313,-0.010006
101.1011,0.898942388563792,0.101058,0.898939626536267,-0.010106
102.1021,0.89794181227214,0.102058,0.897939022897461,-0.010206
103.1031,0.896941235856462,0.103059,0.896938419134623,-0.010306
104.1041,0.895940659316483,0.104059,0.895937815247477,-0.010406
105.1051,0.894940082651926,0.10506,0.894937211235745,-0.010506
106.1061,0.893939505862516,0.10606,0.893936607099152,-0.010606
107.1071,0.892938928947973,0.107061,0.892936002837418,-0.010706
108.1081,0.891938351908019,0.108062,0.891935398450266,-0.010806
109.1091,0.890937774742373,0.109062,0.890934793937414,-0.010907
110.1101,0.889937197450754,0.110063,0.889934189298582,-0.011007
111.1111,0.888936620032882,0.111063,0.888933584533488,-0.011107
112.1121,0.887936042488472,0.112064,0.887932979641849,-0.011207
113.1131,0.886935464817242,0.113065,0.886932374623381,-0.011307
114.1141,0.885934887018905,0.114065,0.885931769477801,-0.011407
115.1151,0.884934309093178,0.115066,0.884931164204821,-0.011507
116.1161,0.883933731039773,0.116066,0.883930558804155,-0.011607
117.1171,0.882933152858402,0.117067,0.882929953275515,-0.011707
118.1181,0.881932574548777,0.118067,0.881929347618614,-0.011807
119.1191,0.880931996110608,0.119068,0.880928741833161,-0.011907
120.1201,0.879931417543605,0.120069,0.879928135918866,-0.012007
121.1211,0.878930838847477,0.121069,0.878927529875437,-0.012107
122.1221,0.87793026002193,0.12207,0.877926923702582,-0.012207
123.1231,0.876929681066671,0.12307,0.876926317400006,-0.012307
124.1241,0.875929101981406,0.124071,0.875925710967417,-0.012407
125.1251,0.87492852276584,0.125071,0.874925104404517,-0.012507
126.1261,0.873927943419674,0.126072,0.873924497711011,-0.012608
127.1271,0.872927363942613,0.127073,0.872923890886601,-0.012708
128.1281,0.871926784334358,0.128073,0.871923283930988,-0.012808
129.1291,0.870926204594608,0.129074,0.870922676843873,-0.012908
130.1301,0.869925624723064,0.130074,0.869922069624955,-0.013008
131.1311,0.868925044719423,0.131075,0.868921462273932,-0.013108
132.1321,0.867924464583383,0.132076,0.867920854790502,-0.013208
133.1331,0.866923884314641,0.133076,0.866920247174361,-0.013308
134.1341,0.865923303912891,0.134077,0.865919639425204,-0.013408
135.1351,0.864922723377828,0.135077,0.864919031542726,-0.013508
136.1361,0.863922142709144,0.136078,0.863918423526618,-0.013608
137.1371,0.862921561906533,0.137078,0.862917815376574,-0.013708
138.1381,0.861920980969684,0.138079,0.861917207092285,-0.013808
139.1391,0.860920399898288,0.13908,0.860916598673439,-0.013908
140.1401,0.859919818692034,0.14008,0.859915990119727,-0.014008
141.1411,0.858919237350609,0.141081,0.858915381430836,-0.014108
142.1421,0.8579186558737,0.142081,0.857914772606452,-0.014209
143.1431,0.856918074260993,0.143082,0.856914163646261,-0.014309
144.1441,0.855917492512172,0.144083,0.855913554549947,-0.014409
145.1451,0.854916910626921,0.145083,0.854912945317195,-0.014509
146.1461,0.853916328604921,0.146084,0.853912335947685,-0.014609
147.1471,0.852915746445855,0.147084,0.8529117264411,-0.014709
148.1481,0.851915164149401,0.148085,0.851911116797119,-0.014809
149.1491,0.85091458171524,0.149085,0.850910507015422,-0.014909
150.1502,0.849913999143049,0.150086,0.849909897095685,-0.015009
151.1512,0.848913416432504,0.151087,0.848909287037586,-0.015109
152.1522,0.847912833583281,0.152087,0.8479086768408,-0.015209
153.1532,0.846912250595055,0.153088,0.846908066505002,-0.015309
154.1542,0.845911667467498,0.154088,0.845907456029864,-0.015409
155.1552,0.844911084200283,0.155089,0.84490684541506,-0.015509
156.1562,0.843910500793081,0.156089,0.843906234660259,-0.015609
157.1572,0.842909917245562,0.15709,0.842905623765131,-0.015709
158.1582,0.841909333557394,0.158091,0.841905012729346,-0.015809
159.1592,0.840908749728244,0.159091,0.84090440155257,-0.01591
160.1602,0.839908165757779,0.160092,0.83990379023447,-0.01601
161.1612,0.838907581645664,0.161092,0.83890317877471,-0.01611
162.1622,0.837906997391563,0.162093,0.837902567172955,-0.01621
163.1632,0.836906412995139,0.163094,0.836901955428867,-0.01631
164.1642,0.835905828456052,0.164094,0.835901343542108,-0.01641
165.1652,0.834905243773964,0.165095,0.834900731512337,-0.01651
166.1662,0.833904658948532,0.166095,0.833900119339215,-0.01661
167.1672,0.832904073979416,0.167096,0.832899507022398,-0.01671
168.1682,0.831903488866272,0.168097,0.831898894561543,-0.01681
169.1692,0.830902903608754,0.169097,0.830898281956306,-0.01691
170.1702,0.829902318206518,0.170098,0.829897669206341,-0.01701
171.1712,0.828901732659216,0.171098,0.8288970563113,-0.01711
172.1722,0.827901146966499,0.172099,0.827896443270835,-0.01721
173.1732,0.826900561128018,0.173099,0.826895830084597,-0.01731
174.1742,0.825899975143423,0.1741,0.825895216752234,-0.01741
175.1752,0.824899389012361,0.175101,0.824894603273394,-0.017511
176.1762,0.823898802734478,0.176101,0.823893989647724,-0.017611
177.1772,0.82289821630942,0.177102,0.82289337587487,-0.017711
178.1782,0.821897629736831,0.178102,0.821892761954474,-0.017811
179.1792,0.820897043016353,0.179103,0.82089214788618,-0.017911
180.1802,0.819896456147629,0.180104,0.81989153366963,-0.018011
181.1812,0.818895869130297,0.181104,0.818890919304462,-0.018111
182.1822,0.817895281963998,0.182105,0.817890304790317,-0.018211
183.1832,0.816894694648367,0.183105,0.81688969012683,-0.018311
184.1842,0.815894107183043,0.184106,0.81588907531364,-0.018411
185.1852,0.814893519567658,0.185106,0.814888460350379,-0.018511
186.1862,0.813892931801848,0.186107,0.813887845236683,-0.018611
187.1872,0.812892343885243,0.187108,0.812887229972182,-0.018711
188.1882,0.811891755817475,0.188108,0.811886614556507,-0.018811
189.1892,0.810891167598173,0.189109,0.810885998989289,-0.018911
190.1902,0.809890579226965,0.190109,0.809885383270155,-0.019011
191.1912,0.808889990703479,0.19111,0.808884767398731,-0.019112
192.1922,0.807889402027338,0.192111,0.807884151374643,-0.019212
193.1932,0.806888813198168,0.193111,0.806883535197515,-0.019312
194.1942,0.80588822421559,0.194112,0.805882918866969,-0.019412
195.1952,0.804887635079226,0.195112,0.804882302382626,-0.019512
196.1962,0.803887045788695,0.196113,0.803881685744107,-0.019612
197.1972,0.802886456343617,0.197114,0.802881068951029,-0.019712
198.1982,0.801885866743607,0.198114,0.801880452003009,-0.019812
199.1992,0.800885276988281,0.199115,0.800879834899663,-0.019912
200.2002,0.799884687077253,0.200115,0.799879217640604,-0.020012
201.2012,0.798884097010137,0.201116,0.798878600225445,-0.020112
202.2022,0.797883506786542,0.202116,0.797877982653798,-0.020212
203.2032,0.796882916406079,0.203117,0.796877364925272,-0.020312
204.2042,0.795882325868356,0.204118,0.795876747039475,-0.020412
205.2052,0.79488173517298,0.205118,0.794876128996014,-0.020512
206.2062,0.793881144319556,0.206119,0.793875510794494,-0.020612
207.2072,0.792880553307687,0.207119,0.792874892434519,-0.020713
208.2082,0.791879962136977,0.20812,0.791874273915691,-0.020813
209.2092,0.790879370807025,0.209121,0.790873655237611,-0.020913
210.2102,0.789878779317432,0.210121,0.789873036399878,-0.021013
211.2112,0.788878187667795,0.211122,0.78887241740209,-0.021113
212.2122,0.78787759585771,0.212122,0.787871798243844,-0.021213
213.2132,0.786877003886772,0.213123,0.786871178924733,-0.021313
214.2142,0.785876411754574,0.214124,0.785870559444351,-0.021413
215.2152,0.784875819460708,0.215124,0.78486993980229,-0.021513
216.2162,0.783875227004764,0.216125,0.78386931999814,-0.021613
217.2172,0.782874634386331,0.217125,0.782868700031488,-0.021713
218.2182,0.781874041604995,0.218126,0.781868079901923,-0.021813
219.2192,0.780873448660342,0.219127,0.78086745960903,-0.021913
220.2202,0.779872855551956,0.220127,0.779866839152392,-0.022013
221.2212,0.778872262279418,0.221128,0.778866218531591,-0.022113
222.2222,0.777871668842311,0.222128,0.777865597746208,-0.022213
223.2232,0.776871075240211,0.223129,0.776864976795822,-0.022314
224.2242,0.775870481472698,0.22413,0.77586435568001,-0.022414
225.2252,0.774869887539347,0.22513,0.774863734398349,-0.022514
226.2262,0.773869293439731,0.226131,0.773863112950412,-0.022614
227.2272,0.772868699173424,0.227131,0.772862491335771,-0.022714
228.2282,0.771868104739995,0.228132,0.771861869553997,-0.022814
229.2292,0.770867510139016,0.229132,0.770861247604661,-0.022914
230.2302,0.769866915370052,0.230133,0.769860625487328,-0.023014
231.2312,0.768866320432669,0.231134,0.768860003201564,-0.023114
232.2322,0.767865725326433,0.232134,0.767859380746935,-0.023214
233.2332,0.766865130050905,0.233135,0.766858758123002,-0.023314
234.2342,0.765864534605646,0.234135,0.765858135329326,-0.023414
235.2352,0.764863938990215,0.235136,0.764857512365466,-0.023514
236.2362,0.763863343204169,0.236137,0.763856889230979,-0.023614
237.2372,0.762862747247064,0.237137,0.762856265925421,-0.023714
238.2382,0.761862151118455,0.238138,0.761855642448345,-0.023814
239.2392,0.760861554817892,0.239138,0.760855018799304,-0.023914
240.2402,0.759860958344926,0.240139,0.759854394977848,-0.024015
241.2412,0.758860361699106,0.24114,0.758853770983525,-0.024115
242.2422,0.757859764879979,0.24214,0.757853146815883,-0.024215
243.2432,0.75685916788709,0.243141,0.756852522474466,-0.024315
244.2442,0.755858570719981,0.244141,0.755851897958817,-0.024415
245.2452,0.754857973378195,0.245142,0.754851273268478,-0.024515
246.2462,0.753857375861271,0.246143,0.753850648402988,-0.024615
247.2472,0.752856778168747,0.247143,0.752850023361885,-0.024715
248.2482,0.751856180300158,0.248144,0.751849398144705,-0.024815
249.2492,0.750855582255039,0.249144,0.750848772750982,-0.024915
250.2503,0.749854984032922,0.250145,0.749848147180248,-0.025015
251.2513,0.748854385633337,0.251146,0.748847521432034,-0.025115
252.2523,0.747853787055814,0.252146,0.747846895505867,-0.025215
253.2533,0.746853188299878,0.253147,0.746846269401276,-0.025315
254.2543,0.745852589365054,0.254147,0.745845643117783,-0.025415
255.2553,0.744851990250866,0.255148,0.744845016654913,-0.025515
256.2563,0.743851390956833,0.256149,0.743844390012185,-0.025616
257.2573,0.742850791482476,0.257149,0.74284376318912,-0.025716
258.2583,0.741850191827311,0.25815,0.741843136185233,-0.025816
259.2593,0.740849591990854,0.25915,0.740842509000041,-0.025916
260.2603,0.739848991972617,0.260151,0.739841881633056,-0.026016
261.2613,0.738848391772112,0.261152,0.738841254083789,-0.026116
262.2623,0.737847791388848,0.262152,0.737840626351749,-0.026216
263.2633,0.736847190822332,0.263153,0.736839998436445,-0.026316
264.2643,0.73584659007207,0.264153,0.73583937033738,-0.026416
265.2653,0.734845989137565,0.265154,0.734838742054059,-0.026516
266.2663,0.733845388018318,0.266155,0.733838113585982,-0.026616
267.2673,0.732844786713828,0.267155,0.732837484932648,-0.026716
268.2683,0.731844185223592,0.268156,0.731836856093555,-0.026816
269.2693,0.730843583547107,0.269156,0.730836227068198,-0.026916
270.2703,0.729842981683864,0.270157,0.72983559785607,-0.027016
271.2713,0.728842379633354,0.271158,0.728834968456661,-0.027117
272.2723,0.727841777395068,0.272158,0.727834338869461,-0.027217
273.2733,0.72684117496849,0.273159,0.726833709093957,-0.027317
274.2743,0.725840572353107,0.274159,0.725833079129632,-0.027417
275.2753,0.724839969548401,0.27516,0.72483244897597,-0.027517
276.2763,0.723839366553852,0.276161,0.723831818632451,-0.027617
277.2773,0.722838763368938,0.277161,0.722831188098553,-0.027717
278.2783,0.721838159993136,0.278162,0.721830557373752,-0.027817
279.2793,0.72083755642592,0.279162,0.720829926457522,-0.027917
280.2803,0.719836952666761,0.280163,0.719829295349335,-0.028017
281.2813,0.71883634871513,0.281164,0.718828664048661,-0.028117
282.2823,0.717835744570493,0.282164,0.717828032554967,-0.028217
283.2833,0.716835140232316,0.283165,0.716827400867718,-0.028317
284.2843,0.715834535700061,0.284165,0.715826768986377,-0.028417
285.2853,0.71483393097319,0.285166,0.714826136910405,-0.028517
286.2863,0.713833326051162,0.286167,0.71382550463926,-0.028617
287.2873,0.712832720933431,0.287167,0.712824872172398,-0.028718
288.2883,0.711832115619453,0.288168,0.711824239509273,-0.028818
289.2893,0.710831510108679,0.289168,0.710823606649338,-0.028918
290.2903,0.709830904400558,0.290169,0.70982297359204,-0.029018
291.2913,0.708830298494537,0.29117,0.708822340336828,-0.029118
292.2923,0.707829692390062,0.29217,0.707821706883145,-0.029218
293.2933,0.706829086086574,0.293171,0.706821073230435,-0.029318
294.2943,0.705828479583514,0.294172,0.705820439378137,-0.029418
295.2953,0.704827872880319,0.295172,0.704819805325689,-0.029518
296.2963,0.703827265976424,0.296173,0.703819171072525,-0.029618
297.2973,0.702826658871263,0.297173,0.70281853661808,-0.029718
298.2983,0.701826051564266,0.298174,0.701817901961783,-0.029818
299.2993,0.700825444054861,0.299175,0.700817267103062,-0.029918
300.3003,0.699824836342473,0.300175,0.699816632041342,-0.030018
301.3013,0.698824228426526,0.301176,0.698815996776048,-0.030118
302.3023,0.697823620306441,0.302176,0.697815361306599,-0.030218
303.3033,0.696823011981636,0.303177,0.696814725632415,-0.030319
304.3043,0.695822403451526,0.304178,0.695814089752909,-0.030419
305.3053,0.694821794715525,0.305178,0.694813453667497,-0.030519
306.3063,0.693821185773044,0.306179,0.693812817375588,-0.030619
307.3073,0.69282057662349,0.307179,0.69281218087659,-0.030719
308.3083,0.69181996726627,0.30818,0.691811544169909,-0.030819
309.3093,0.690819357700786,0.309181,0.690810907254948,-0.030919
310.3103,0.689818747926439,0.310181,0.689810270131108,-0.031019
311.3113,0.688818137942627,0.311182,0.688809632797787,-0.031119
312.3123,0.687817527748746,0.312182,0.687808995254378,-0.031219
313.3133,0.686816917344187,0.313183,0.686808357500277,-0.031319
314.3143,0.685816306728342,0.314184,0.685807719534871,-0.031419
315.3153,0.684815695900596,0.315184,0.684807081357549,-0.031519
316.3163,0.683815084860337,0.316185,0.683806442967695,-0.031619
317.3173,0.682814473606944,0.317186,0.682805804364692,-0.031719
318.3183,0.681813862139798,0.318186,0.681805165547917,-0.031819
319.3193,0.680813250458274,0.319187,0.680804526516749,-0.03192
320.3203,0.679812638561748,0.320187,0.679803887270561,-0.03202
321.3213,0.67881202644959,0.321188,0.678803247808723,-0.03212
322.3223,0.677811414121169,0.322189,0.677802608130605,-0.03222
323.3233,0.67681080157585,0.323189,0.676801968235572,-0.03232
324.3243,0.675810188812997,0.32419,0.675801328122986,-0.03242
325.3253,0.674809575831968,0.32519,0.674800687792208,-0.03252
326.3263,0.673808962632122,0.326191,0.673800047242595,-0.03262
327.3273,0.672808349212812,0.327192,0.6727994064735,-0.03272
328.3283,0.67180773557339,0.328192,0.671798765484275,-0.03282
329.3293,0.670807121713205,0.329193,0.670798124274269,-0.03292
330.3303,0.669806507631602,0.330193,0.669797482842828,-0.03302
331.3313,0.668805893327925,0.331194,0.668796841189293,-0.03312
332.3323,0.667805278801512,0.332195,0.667796199313006,-0.03322
333.3333,0.666804664051701,0.333195,0.666795557213302,-0.03332
334.3343,0.665804049077826,0.334196,0.665794914889515,-0.033421
335.3353,0.664803433879218,0.335197,0.664794272340977,-0.033521
336.3363,0.663802818455205,0.336197,0.663793629567016,-0.033621
337.3373,0.662802202805111,0.337198,0.662792986566955,-0.033721
338.3383,0.661801586928259,0.338198,0.661792343340117,-0.033821
339.3393,0.660800970823967,0.339199,0.660791699885821,-0.033921
340.3403,0.659800354491552,0.3402,0.659791056203382,-0.034021
341.3413,0.658799737930325,0.3412,0.658790412292113,-0.034121
342.3423,0.657799121139597,0.342201,0.657789768151324,-0.034221
343.3433,0.656798504118674,0.343201,0.65678912378032,-0.034321
344.3443,0.655797886866858,0.344202,0.655788479178406,-0.034421
345.3453,0.654797269383452,0.345203,0.65478783434488,-0.034521
346.3463,0.65379665166775,0.346203,0.653787189279041,-0.034621
347.3473,0.652796033719047,0.347204,0.65278654398018,-0.034721
348.3483,0.651795415536634,0.348205,0.65178589844759,-0.034821
349.3493,0.650794797119797,0.349205,0.650785252680557,-0.034921
350.3504,0.649794178467821,0.350206,0.649784606678364,-0.035022
351.3514,0.648793559579986,0.351206,0.648783960440293,-0.035122
352.3524,0.64779294045557,0.352207,0.647783313965621,-0.035222
353.3534,0.646792321093846,0.353208,0.646782667253622,-0.035322
354.3544,0.645791701494087,0.354208,0.645782020303566,-0.035422
355.3554,0.644791081655558,0.355209,0.644781373114722,-0.035522
356.3564,0.643790461577524,0.35621,0.643780725686351,-0.035622
357.3574,0.642789841259245,0.35721,0.642780078017716,-0.035722
358.3584,0.641789220699979,0.358211,0.641779430108073,-0.035822
359.3594,0.640788599898979,0.359211,0.640778781956675,-0.035922
360.3604,0.639787978855496,0.360212,0.639778133562773,-0.036022
361.3614,0.638787357568775,0.361213,0.638777484925614,-0.036122
362.3624,0.637786736038061,0.362213,0.637776836044439,-0.036222
363.3634,0.636786114262593,0.363214,0.636776186918491,-0.036322
364.3644,0.635785492241607,0.364215,0.635775537547003,-0.036422
365.3654,0.634784869974335,0.365215,0.634774887929208,-0.036523
366.3664,0.633784247460007,0.366216,0.633774238064336,-0.036623
367.3674,0.632783624697848,0.367216,0.632773587951612,-0.036723
368.3684,0.631783001687079,0.368217,0.631772937590256,-0.036823
369.3694,0.630782378426919,0.369218,0.630772286979487,-0.036923
370.3704,0.629781754916581,0.370218,0.629771636118519,-0.037023
371.3714,0.628781131155276,0.371219,0.628770985006562,-0.037123
372.3724,0.627780507142211,0.372219,0.627770333642824,-0.037223
373.3734,0.626779882876589,0.37322,0.626769682026506,-0.037323
374.3744,0.625779258357609,0.374221,0.625769030156809,-0.037423
375.3754,0.624778633584467,0.375221,0.624768378032927,-0.037523
376.3764,0.623778008556354,0.376222,0.623767725654053,-0.037623
377.3774,0.622777383272458,0.377223,0.622767073019373,-0.037723
378.3784,0.621776757731963,0.378223,0.621766420128071,-0.037823
379.3794,0.620776131934049,0.379224,0.620765766979327,-0.037923
380.3804,0.619775505877891,0.380224,0.619765113572318,-0.038023
381.3814,0.618774879562662,0.381225,0.618764459906214,-0.038124
382.3824,0.61777425298753,0.382226,0.617763805980184,-0.038224
383.3834,0.616773626151659,0.383226,0.616763151793392,-0.038324
384.3844,0.615772999054208,0.384227,0.615762497344998,-0.038424
385.3854,0.614772371694334,0.385228,0.614761842634157,-0.038524
386.3864,0.613771744071189,0.386228,0.613761187660021,-0.038624
387.3874,0.612771116183919,0.387229,0.612760532421738,-0.038724
388.3884,0.61177048803167,0.38823,0.611759876918451,-0.038824
389.3894,0.610769859613579,0.38923,0.6107592211493,-0.038924
390.3904,0.609769230928783,0.390231,0.609758565113419,-0.039024
391.3914,0.608768601976412,0.391231,0.608757908809939,-0.039124
392.3924,0.607767972755593,0.392232,0.607757252237987,-0.039224
393.3934,0.606767343265449,0.393233,0.606756595396686,-0.039324
394.3944,0.605766713505097,0.394233,0.605755938285153,-0.039424
395.3954,0.604766083473651,0.395234,0.604755280902502,-0.039524
396.3964,0.603765453170221,0.396235,0.603754623247842,-0.039625
397.3974,0.602764822593912,0.397235,0.602753965320278,-0.039725
398.3984,0.601764191743824,0.398236,0.60175330711891,-0.039825
399.3994,0.600763560619053,0.399236,0.600752648642835,-0.039925
400.4004,0.599762929218691,0.400237,0.599751989891144,-0.040025
401.4014,0.598762297541825,0.401238,0.598751330862924,-0.040125
402.4024,0.597761665587538,0.402238,0.597750671557257,-0.040225
403.4034,0.596761033354908,0.403239,0.596750011973222,-0.040325
404.4044,0.595760400843008,0.40424,0.595749352109891,-0.040425
405.4054,0.594759768050907,0.40524,0.594748691966334,-0.040525
406.4064,0.593759134977669,0.406241,0.593748031541614,-0.040625
407.4074,0.592758501622353,0.407241,0.592747370834791,-0.040725
408.4084,0.591757867984014,0.408242,0.591746709844918,-0.040825
409.4094,0.590757234061703,0.409243,0.590746048571047,-0.040925
410.4104,0.589756599854463,0.410243,0.589745387012221,-0.041025
411.4114,0.588755965361336,0.411244,0.588744725167481,-0.041126
412.4124,0.587755330581357,0.412245,0.587744063035862,-0.041226
413.4134,0.586754695513556,0.413245,0.586743400616396,-0.041326
414.4144,0.585754060156959,0.414246,0.585742737908107,-0.041426
415.4154,0.584753424510588,0.415247,0.584742074910015,-0.041526
416.4164,0.583752788573456,0.416247,0.583741411621137,-0.041626
417.4174,0.582752152344576,0.417248,0.582740748040483,-0.041726
418.4184,0.581751515822952,0.418248,0.581740084167058,-0.041826
419.4194,0.580750879007586,0.419249,0.580739419999863,-0.041926
420.4204,0.579750241897472,0.42025,0.579738755537893,-0.042026
421.4214,0.578749604491601,0.42125,0.578738090780137,-0.042126
422.4224,0.577748966788957,0.422251,0.577737425725582,-0.042226
423.4234,0.576748328788521,0.423252,0.576736760373206,-0.042326
424.4244,0.575747690489268,0.424252,0.575736094721984,-0.042426
425.4254,0.574747051890166,0.425253,0.574735428770885,-0.042526
426.4264,0.573746412990179,0.426254,0.573734762518872,-0.042627
427.4274,0.572745773788266,0.427254,0.572734095964905,-0.042727
428.4284,0.571745134283379,0.428255,0.571733429107935,-0.042827
429.4294,0.570744494474467,0.429256,0.570732761946911,-0.042927
430.4304,0.56974385436047,0.430256,0.569732094480774,-0.043027
431.4314,0.568743213940328,0.431257,0.568731426708461,-0.043127
432.4324,0.567742573212969,0.432257,0.567730758628903,-0.043227
433.4334,0.566741932177319,0.433258,0.566730090241024,-0.043327
434.4344,0.565741290832299,0.434259,0.565729421543745,-0.043427
435.4354,0.564740649176822,0.435259,0.56472875253598,-0.043527
436.4364,0.563740007209797,0.43626,0.563728083216636,-0.043627
437.4374,0.562739364930126,0.437261,0.562727413584616,-0.043727
438.4384,0.561738722336706,0.438261,0.561726743638816,-0.043827
439.4394,0.560738079428428,0.439262,0.560726073378128,-0.043927
440.4404,0.559737436204177,0.440263,0.559725402801436,-0.044027
441.4414,0.558736792662831,0.441263,0.558724731907619,-0.044128
442.4424,0.557736148803265,0.442264,0.557724060695551,-0.044228
443.4434,0.556735504624345,0.443264,0.556723389164097,-0.044328
444.4444,0.555734860124932,0.444265,0.555722717312119,-0.044428
445.4454,0.554734215303882,0.445266,0.554722045138472,-0.044528
446.4464,0.553733570160042,0.446266,0.553721372642005,-0.044628
447.4474,0.552732924692256,0.447267,0.552720699821559,-0.044728
448.4484,0.55173227889936,0.448268,0.55172002667597,-0.044828
449.4494,0.550731632780184,0.449268,0.55071935320407,-0.044928
450.4505,0.549730986333551,0.450269,0.54971867940468,-0.045028
451.4515,0.548730339558279,0.45127,0.548718005276619,-0.045128
452.4525,0.547729692453179,0.45227,0.547717330818697,-0.045228
453.4535,0.546729045017056,0.453271,0.546716656029719,-0.045328
454.4545,0.545728397248707,0.454272,0.545715980908483,-0.045428
455.4555,0.544727749146925,0.455272,0.544715305453779,-0.045528
456.4565,0.543727100710493,0.456273,0.543714629664393,-0.045629
457.4575,0.54272645193819,0.457274,0.542713953539101,-0.045729
458.4585,0.541725802828787,0.458274,0.541713277076676,-0.045829
459.4595,0.540725153381048,0.459275,0.540712600275882,-0.045929
460.4605,0.539724503593733,0.460275,0.539711923135476,-0.046029
461.4615,0.538723853465592,0.461276,0.53871124565421,-0.046129
462.4625,0.537723202995368,0.462277,0.537710567830827,-0.046229
463.4635,0.5367225521818,0.463277,0.536709889664065,-0.046329
464.4645,0.535721901023617,0.464278,0.535709211152653,-0.046429
465.4655,0.534721249519542,0.465279,0.534708532295315,-0.046529
466.4665,0.533720597668293,0.466279,0.533707853090766,-0.046629
467.4675,0.532719945468576,0.46728,0.532707173537715,-0.046729
468.4685,0.531719292919095,0.468281,0.531706493634862,-0.046829
469.4695,0.530718640018542,0.469281,0.530705813380903,-0.046929
470.4705,0.529717986765606,0.470282,0.529705132774524,-0.047029
471.4715,0.528717333158966,0.471283,0.528704451814404,-0.04713
472.4725,0.527716679197293,0.472283,0.527703770499216,-0.04723
473.4735,0.526716024879254,0.473284,0.526703088827625,-0.04733
474.4745,0.525715370203504,0.474285,0.525702406798286,-0.04743
475.4755,0.524714715168695,0.475285,0.52470172440985,-0.04753
476.4765,0.523714059773467,0.476286,0.523701041660958,-0.04763
477.4775,0.522713404016455,0.477287,0.522700358550244,-0.04773
478.4785,0.521712747896284,0.478287,0.521699675076334,-0.04783
479.4795,0.520712091411575,0.479288,0.520698991237847,-0.04793
480.4805,0.519711434560936,0.480289,0.519698307033393,-0.04803
481.4815,0.518710777342971,0.481289,0.518697622461574,-0.04813
482.4825,0.517710119756275,0.48229,0.517696937520985,-0.04823
483.4835,0.516709461799434,0.483291,0.516696252210213,-0.04833
484.4845,0.515708803471027,0.484291,0.515695566527835,-0.04843
485.4855,0.514708144769625,0.485292,0.514694880472423,-0.048531
486.4865,0.513707485693788,0.486293,0.513694194042536,-0.048631
487.4875,0.512706826242071,0.487293,0.51269350723673,-0.048731
488.4885,0.511706166413019,0.488294,0.511692820053548,-0.048831
489.4895,0.510705506205169,0.489294,0.510692132491527,-0.048931
490.4905,0.509704845617048,0.490295,0.509691444549196,-0.049031
491.4915,0.508704184647177,0.491296,0.508690756225074,-0.049131
492.4925,0.507703523294066,0.492296,0.507690067517671,-0.049231
493.4935,0.506702861556219,0.493297,0.50668937842549,-0.049331
494.4945,0.505702199432128,0.494298,0.505688688947025,-0.049431
495.4955,0.504701536920278,0.495298,0.504687999080759,-0.049531
496.4965,0.503700874019145,0.496299,0.503687308825167,-0.049631
497.4975,0.502700210727196,0.4973,0.502686618178717,-0.049731
498.4985,0.501699547042887,0.4983,0.501685927139865,-0.049831
499.4995,0.500698882964667,0.499301,0.500685235707059,-0.049931
500.5005,0.499698218490977,0.500302,0.499684543878739,-0.050032
501.5015,0.498697553620244,0.501302,0.498683851653335,-0.050132
502.5025,0.497696888350891,0.502303,0.497683159029266,-0.050232
503.5035,0.496696222681328,0.503304,0.496682466004944,-0.050332
504.5045,0.495695556609957,0.504304,0.49568177257877,-0.050432
505.5055,0.49469489013517,0.505305,0.494681078749135,-0.050532
506.5065,0.493694223255349,0.506306,0.493680384514423,-0.050632
507.5075,0.492693555968868,0.507306,0.492679689873004,-0.050732
508.5085,0.491692888274087,0.508307,0.491678994823241,-0.050832
509.5095,0.49069222016936,0.509308,0.490678299363487,-0.050932
510.5105,0.489691551653031,0.510308,0.489677603492084,-0.051032
511.5115,0.488690882723432,0.511309,0.488676907207366,-0.051132
512.5125,0.487690213378884,0.51231,0.487676210507653,-0.051232
513.5135,0.486689543617702,0.51331,0.48667551339126,-0.051332
514.5145,0.485688873438188,0.514311,0.485674815856487,-0.051433
515.5155,0.484688202838632,0.515312,0.484674117901626,-0.051533
516.5165,0.483687531817316,0.516312,0.483673419524958,-0.051633
517.5175,0.482686860372511,0.517313,0.482672720724752,-0.051733
518.5185,0.481686188502476,0.518314,0.481672021499268,-0.051833
519.5195,0.48068551620546,0.519314,0.480671321846756,-0.051933
520.5205,0.479684843479702,0.520315,0.479670621765454,-0.052033
521.5215,0.47868417032343,0.521316,0.478669921253587,-0.052133
522.5225,0.477683496734859,0.522317,0.477669220309374,-0.052233
523.5235,0.476682822712196,0.523317,0.476668518931019,-0.052333
524.5245,0.475682148253634,0.524318,0.475667817116716,-0.052433
525.5255,0.474681473357357,0.525319,0.474667114864647,-0.052533
526.5265,0.473680798021536,0.526319,0.473666412172983,-0.052633
527.5275,0.47268012224433,0.52732,0.472665709039884,-0.052733
528.5285,0.471679446023888,0.528321,0.471665005463497,-0.052833
529.5295,0.470678769358346,0.529321,0.47066430144196,-0.052934
530.5305,0.46967809224583,0.530322,0.469663596973397,-0.053034
531.5315,0.468677414684452,0.531323,0.46866289205592,-0.053134
532.5325,0.467676736672313,0.532323,0.46766218668763,-0.053234
533.5335,0.466676058207504,0.533324,0.466661480866617,-0.053334
534.5345,0.4656753792881,0.534325,0.465660774590957,-0.053434
535.5355,0.464674699912166,0.535325,0.464660067858714,-0.053534
536.5365,0.463674020077755,0.536326,0.463659360667939,-0.053634
537.5375,0.462673339782906,0.537327,0.462658653016671,-0.053734
538.5385,0.461672659025645,0.538327,0.461657944902938,-0.053834
539.5395,0.460671977803987,0.539328,0.460657236324753,-0.053934
540.5405,0.459671296115933,0.540329,0.459656527280118,-0.054034
541.5415,0.458670613959473,0.541329,0.45865581776702,-0.054134
542.5425,0.457669931332582,0.54233,0.457655107783436,-0.054234
543.5435,0.456669248233221,0.543331,0.456654397327327,-0.054335
544.5445,0.455668564659342,0.544331,0.455653686396642,-0.054435
545.5455,0.454667880608879,0.545332,0.454652974989317,-0.054535
546.5465,0.453667196079754,0.546333,0.453652263103273,-0.054635
547.5475,0.452666511069876,0.547333,0.452651550736418,-0.054735
548.5485,0.45166582557714,0.548334,0.451650837886646,-0.054835
549.5495,0.450665139599426,0.549335,0.450650124551839,-0.054935
550.5506,0.449664453134602,0.550336,0.449649410729863,-0.055035
551.5516,0.448663766180521,0.551336,0.44864869641857,-0.055135
552.5526,0.447663078735021,0.552337,0.447647981615799,-0.055235
553.5536,0.446662390795927,0.553338,0.446647266319375,-0.055335
554.5546,0.445661702361049,0.554338,0.445646550527106,-0.055435
555.5556,0.444661013428183,0.555339,0.444645834236788,-0.055535
556.5566,0.443660323995108,0.55634,0.443645117446201,-0.055635
557.5576,0.442659634059591,0.55734,0.442644400153108,-0.055736
558.5586,0.441658943619381,0.558341,0.441643682355262,-0.055836
559.5596,0.440658252672213,0.559342,0.440642964050395,-0.055936
560.5606,0.439657561215809,0.560342,0.43964224523623,-0.056036
561.5616,0.438656869247874,0.561343,0.438641525910469,-0.056136
562.5626,0.437656176766096,0.562344,0.437640806070803,-0.056236
563.5636,0.436655483768149,0.563345,0.436640085714904,-0.056336
564.5646,0.435654790251691,0.564345,0.43563936484043,-0.056436
565.5656,0.434654096214365,0.565346,0.434638643445022,-0.056536
566.5666,0.433653401653795,0.566347,0.433637921526305,-0.056636
567.5676,0.432652706567591,0.567347,0.432637199081887,-0.056736
568.5686,0.431652010953344,0.568348,0.43163647610936,-0.056836
569.5696,0.430651314808632,0.569349,0.430635752606302,-0.056936
570.5706,0.429650618131015,0.570349,0.429635028570271,-0.057036
571.5716,0.428649920918034,0.57135,0.428634303998809,-0.057137
572.5726,0.427649223167216,0.572351,0.427633578889442,-0.057237
573.5736,0.42664852487607,0.573351,0.426632853239678,-0.057337
574.5746,0.425647826042086,0.574352,0.425632127047008,-0.057437
575.5756,0.42464712666274,0.575353,0.424631400308905,-0.057537
576.5766,0.423646426735486,0.576354,0.423630673022824,-0.057637
577.5776,0.422645726257761,0.577354,0.422629945186202,-0.057737
578.5786,0.421645025226987,0.578355,0.421629216796459,-0.057837
579.5796,0.420644323640564,0.579356,0.420628487850996,-0.057937
580.5806,0.419643621495877,0.580356,0.419627758347197,-0.058037
581.5816,0.418642918790291,0.581357,0.418627028282426,-0.058137
582.5826,0.417642215521152,0.582358,0.417626297654029,-0.058237
583.5836,0.416641511685787,0.583358,0.416625566459334,-0.058337
584.5846,0.415640807281505,0.584359,0.415624834695648,-0.058438
585.5856,0.414640102305597,0.58536,0.414624102360259,-0.058538
586.5866,0.413639396755331,0.586361,0.413623369450438,-0.058638
587.5876,0.412638690627956,0.587361,0.412622635963432,-0.058738
588.5886,0.411637983920703,0.588362,0.411621901896471,-0.058838
589.5896,0.410637276630783,0.589363,0.410621167246766,-0.058938
590.5906,0.409636568755384,0.590363,0.409620432011506,-0.059038
591.5916,0.408635860291678,0.591364,0.40861969618786,-0.059138
592.5926,0.407635151236814,0.592365,0.407618959772978,-0.059238
593.5936,0.40663444158792,0.593366,0.406618222763987,-0.059338
594.5946,0.405633731342104,0.594366,0.405617485157995,-0.059438
595.5956,0.404633020496452,0.595367,0.404616746952087,-0.059538
596.5966,0.40363230904803,0.596368,0.403616008143326,-0.059638
597.5976,0.402631596993879,0.597368,0.402615268728756,-0.059738
598.5986,0.401630884331022,0.598369,0.401614528705395,-0.059839
599.5996,0.400630171056456,0.59937,0.400613788070245,-0.059939
600.6006,0.39962945716716,0.600371,0.399613046820282,-0.060039
601.6016,0.398628742660089,0.601371,0.398612304952459,-0.060139
602.6026,0.397628027532174,0.602372,0.397611562463709,-0.060239
603.6036,0.396627311780326,0.603373,0.39661081935094,-0.060339
604.6046,0.39562659540143,0.604373,0.395610075611038,-0.060439
605.6056,0.394625878392349,0.605374,0.394609331240865,-0.060539
606.6066,0.393625160749922,0.606375,0.393608586237257,-0.060639
607.6076,0.392624442470964,0.607376,0.39260784059703,-0.060739
608.6086,0.391623723552265,0.608376,0.391607094316974,-0.060839
609.6096,0.390623003990591,0.609377,0.390606347393854,-0.060939
610.6106,0.389622283782686,0.610378,0.389605599824413,-0.061039
611.6116,0.388621562925267,0.611378,0.388604851605368,-0.06114
612.6126,0.387620841415025,0.612379,0.387604102733409,-0.06124
613.6136,0.386620119248629,0.61338,0.386603353205205,-0.06134
614.6146,0.385619396422719,0.614381,0.385602603017395,-0.06144
615.6156,0.384618672933913,0.615381,0.384601852166595,-0.06154
616.6166,0.383617948778798,0.616382,0.383601100649391,-0.06164
617.6176,0.382617223953937,0.617383,0.382600348462347,-0.06174
618.6186,0.381616498455866,0.618384,0.381599595601996,-0.06184
619.6196,0.380615772281094,0.619384,0.380598842064848,-0.06194
620.6206,0.379615045426103,0.620385,0.379598087847386,-0.06204
621.6216,0.378614317887349,0.621386,0.378597332946061,-0.06214
622.6226,0.377613589661257,0.622386,0.377596577357302,-0.06224
623.6236,0.376612860744228,0.623387,0.376595821077506,-0.06234
624.6246,0.375612131132631,0.624388,0.375595064103043,-0.06244
625.6256,0.37461140082281,0.625389,0.374594306430255,-0.062541
626.6266,0.373610669811076,0.626389,0.373593548055451,-0.062641
627.6276,0.372609938093712,0.62739,0.372592788974913,-0.062741
628.6286,0.37160920566697,0.628391,0.371592029184895,-0.062841
629.6296,0.370608472527075,0.629392,0.37059126868162,-0.062941
630.6306,0.369607738670221,0.630392,0.369590507461282,-0.063041
631.6316,0.368607004092572,0.631393,0.368589745520042,-0.063141
632.6326,0.367606268790258,0.632394,0.367588982854032,-0.063241
633.6336,0.366605532759381,0.633394,0.366588219459352,-0.063341
634.6346,0.365604795996013,0.634395,0.365587455332073,-0.063441
635.6356,0.36460405849619,0.635396,0.364586690468229,-0.063541
636.6366,0.363603320255918,0.636397,0.363585924863825,-0.063641
637.6376,0.362602581271167,0.637397,0.36258515851483,-0.063741
638.6386,0.361601841537878,0.638398,0.361584391417185,-0.063842
639.6396,0.360601101051955,0.639399,0.360583623566794,-0.063942
640.6406,0.359600359809273,0.6404,0.359582854959531,-0.064042
641.6416,0.358599617805671,0.6414,0.358582085591232,-0.064142
642.6426,0.357598875036952,0.642401,0.357581315457702,-0.064242
643.6436,0.356598131498887,0.643402,0.35658054455471,-0.064342
644.6446,0.35559738718721,0.644403,0.355579772877989,-0.064442
645.6456,0.354596642097621,0.645403,0.354579000423236,-0.064542
646.6466,0.353595896225782,0.646404,0.353578227186113,-0.064642
647.6476,0.352595149567317,0.647405,0.352577453162243,-0.064742
648.6486,0.351594402117817,0.648406,0.351576678347215,-0.064842
649.6496,0.350593653872832,0.649406,0.350575902736581,-0.064942
650.6507,0.349592904827877,0.650407,0.349575126325855,-0.065042
651.6517,0.348592154978432,0.651408,0.348574349110512,-0.065143
652.6527,0.347591404319933,0.652409,0.34757357108599,-0.065243
653.6537,0.346590652847779,0.653409,0.346572792247688,-0.065343
654.6547,0.345589900557332,0.65441,0.345572012590966,-0.065443
655.6557,0.344589147443913,0.655411,0.344571232111141,-0.065543
656.6567,0.343588393502799,0.656412,0.343570450803491,-0.065643
657.6577,0.34258763872923,0.657412,0.342569668663252,-0.065743
658.6587,0.341586883118403,0.658413,0.341568885685623,-0.065843
659.6597,0.340586126665471,0.659414,0.340568101865757,-0.065943
660.6607,0.339585369365552,0.660415,0.33956731719877,-0.066043
661.6617,0.338584611213717,0.661415,0.33856653167973,-0.066143
662.6627,0.337583852204993,0.662416,0.337565745303665,-0.066243
663.6637,0.336583092334366,0.663417,0.33656495806556,-0.066344
664.6647,0.335582331596777,0.664418,0.335564169960354,-0.066444
665.6657,0.334581569987124,0.665418,0.334563380982942,-0.066544
666.6667,0.333580807500254,0.666419,0.33356259112817,-0.066644
667.6677,0.332580044130971,0.66742,0.332561800390841,-0.066744
668.6687,0.331579279874033,0.668421,0.331561008765711,-0.066844
669.6697,0.330578514724152,0.669421,0.330560216247493,-0.066944
670.6707,0.32957774867599,0.670422,0.329559422830851,-0.067044
671.6717,0.328576981724168,0.671423,0.328558628510397,-0.067144
672.6727,0.327576213863251,0.672424,0.327557833280698,-0.067244
673.6737,0.326575445087757,0.673425,0.326557037136276,-0.067344
674.6747,0.325574675392159,0.674425,0.325556240071595,-0.067444
675.6757,0.324573904770874,0.675426,0.324555442081073,-0.067544
676.6767,0.323573133218269,0.676427,0.323554643159074,-0.067645
677.6777,0.322572360728658,0.677428,0.322553843299911,-0.067745
678.6787,0.321571587296303,0.678428,0.321553042497845,-0.067845
679.6797,0.320570812915415,0.679429,0.320552240747088,-0.067945
680.6807,0.319570037580152,0.68043,0.319551438041798,-0.068045
681.6817,0.31856926128462,0.681431,0.318550634376072,-0.068145
682.6827,0.317568484022864,0.682432,0.31754982974396,-0.068245
683.6837,0.316567705788879,0.683432,0.316549024139456,-0.068345
684.6847,0.315566926576603,0.684433,0.315548217556494,-0.068445
685.6857,0.314566146379917,0.685434,0.314547409988952,-0.068545
686.6867,0.313565365192641,0.686435,0.313546601430647,-0.068645
687.6877,0.312564583008537,0.687435,0.312545791875341,-0.068745
688.6887,0.311563799821308,0.688436,0.311544981316736,-0.068846
689.6897,0.310563015624599,0.689437,0.310544169748477,-0.068946
690.6907,0.309562230411994,0.690438,0.309543357164148,-0.069046
691.6917,0.30856144417702,0.691439,0.308542543557267,-0.069146
692.6927,0.307560656913133,0.692439,0.307541728921296,-0.069246
693.6937,0.306559868613734,0.69344,0.306540913249634,-0.069346
694.6947,0.305559079272159,0.694441,0.305540096535611,-0.069446
695.6957,0.304558288881678,0.695442,0.304539278772495,-0.069546
696.6967,0.303557497435492,0.696443,0.303538459953485,-0.069646
697.6977,0.302556704926739,0.697443,0.302537640071715,-0.069746
698.6987,0.301555911348485,0.698444,0.301536819120255,-0.069846
699.6997,0.300555116693733,0.699445,0.300535997092104,-0.069946
700.7007,0.299554320955419,0.700446,0.299535173980199,-0.070046
701.7017,0.298553524126408,0.701446,0.298534349777397,-0.070147
702.7027,0.29755272619949,0.702447,0.297533524476493,-0.070247
703.7037,0.29655192716739,0.703448,0.296532698070207,-0.070347
704.7047,0.295551127022758,0.704449,0.295531870551188,-0.070447
705.7057,0.294550325758171,0.70545,0.294531041912005,-0.070547
706.7067,0.293549523366125,0.70645,0.293530212145156,-0.070647
707.7077,0.292548719839045,0.707451,0.292529381243061,-0.070747
708.7087,0.291547915169276,0.708452,0.291528549198066,-0.070847
709.7097,0.290547109349088,0.709453,0.290527716002439,-0.070947
710.7107,0.289546302370674,0.710454,0.289526881648376,-0.071047
711.7117,0.288545494226151,0.711455,0.288526046127981,-0.071147
712.7127,0.287544684907545,0.712455,0.287525209433286,-0.071247
713.7137,0.286543874406808,0.713456,0.286524371556243,-0.071348
714.7147,0.285543062715811,0.714457,0.285523532488714,-0.071448
715.7157,0.284542249826335,0.715458,0.284522692222477,-0.071548
716.7167,0.283541435730075,0.716459,0.283521850749224,-0.071648
717.7177,0.282540620418637,0.717459,0.28252100806056,-0.071748
718.7187,0.281539803883541,0.71846,0.281520164148003,-0.071848
719.7197,0.280538986116219,0.719461,0.280519319002986,-0.071948
720.7207,0.279538167108016,0.720462,0.279518472616853,-0.072048
721.7217,0.278537346850188,0.721463,0.278517624980847,-0.072148
722.7227,0.277536525333886,0.722463,0.277516776086129,-0.072248
723.7237,0.276535702550179,0.723464,0.276515925923763,-0.072348
724.7247,0.275534878490041,0.724465,0.275515074484716,-0.072448
725.7257,0.274534053144341,0.725466,0.274514221759854,-0.072549
726.7267,0.273533226503852,0.726467,0.273513367739943,-0.072649
727.7277,0.272532398559242,0.727468,0.272512512415652,-0.072749
728.7287,0.271531569301082,0.728468,0.27151165577755,-0.072849
729.7297,0.270530738719841,0.729469,0.270510797816106,-0.072949
730.7307,0.269529906805886,0.73047,0.269509938521687,-0.073049
731.7317,0.268529073549483,0.731471,0.268509077884545,-0.073149
732.7327,0.267528238940778,0.732472,0.267508215894834,-0.073249
733.7337,0.266527402969819,0.733473,0.2665073525426,-0.073349
734.7347,0.265526565626546,0.734473,0.265506487817773,-0.073449
735.7357,0.264525726900781,0.735474,0.26450562171017,-0.073549
736.7367,0.263524886782227,0.736475,0.26350475420949,-0.07365
737.7377,0.262524045260474,0.737476,0.26250388530532,-0.07375
738.7387,0.261523202324993,0.738477,0.261503014987131,-0.07385
739.7397,0.26052235796514,0.739478,0.260502143244279,-0.07395
740.7407,0.259521512170154,0.740478,0.259501270066003,-0.07405
741.7417,0.258520664929155,0.741479,0.258500395441404,-0.07415
742.7427,0.257519816231122,0.74248,0.257499519359476,-0.07425
743.7437,0.256518966064925,0.743481,0.256498641809081,-0.07435
744.7447,0.255518114419305,0.744482,0.255497762778952,-0.07445
745.7457,0.254517261282866,0.745483,0.254496882257686,-0.07455
746.7467,0.253516406644076,0.746484,0.253496000233745,-0.07465
747.7477,0.252515550491268,0.747484,0.25249511669546,-0.07475
748.7487,0.25151469281264,0.748485,0.251494231631028,-0.074851
749.7497,0.250513833596252,0.749486,0.250493345028511,-0.074951
750.7508,0.249512972830031,0.750487,0.249492456875834,-0.075051
751.7518,0.248512110501764,0.751488,0.248491567160763,-0.075151
752.7528,0.247511246599075,0.752489,0.247490675870937,-0.075251
753.7538,0.246510381109458,0.75349,0.246489782993846,-0.075351
754.7548,0.245509514020258,0.75449,0.245488888516821,-0.075451
755.7558,0.24450864531866,0.755491,0.244487992427038,-0.075551
756.7568,0.243507774991688,0.756492,0.243487094711519,-0.075651
757.7578,0.242506903026211,0.757493,0.242486195357126,-0.075751
758.7588,0.241506029408935,0.758494,0.241485294350566,-0.075851
759.7598,0.240505154126411,0.759495,0.240484391678391,-0.075952
760.7608,0.239504277165028,0.760496,0.23948348732699,-0.076052
761.7618,0.238503398511014,0.761497,0.238482581282565,-0.076152
762.7628,0.237502518150404,0.762497,0.23748167353117,-0.076252
763.7638,0.236501636069083,0.763498,0.236480764058681,-0.076352
764.7648,0.235500752252758,0.764499,0.235479852850793,-0.076452
765.7658,0.234499866686947,0.7655,0.234478939893014,-0.076552
766.7668,0.233498979356983,0.766501,0.233478025170669,-0.076652
767.7678,0.23249809024801,0.767502,0.232477108668898,-0.076752
768.7688,0.231497199344985,0.768503,0.231476190372659,-0.076852
769.7698,0.23049630663268,0.769504,0.230475270266723,-0.076952
770.7708,0.229495412095676,0.770505,0.229474348335674,-0.077053
771.7718,0.228494515718363,0.771505,0.22847342456387,-0.077153
772.7728,0.227493617484905,0.772506,0.227472498935496,-0.077253
773.7738,0.226492717379287,0.773507,0.22647157143453,-0.077353
774.7748,0.225491815385283,0.774508,0.225470642044729,-0.077453
775.7758,0.224490911486446,0.775509,0.224469710749632,-0.077553
776.7768,0.223490005666105,0.77651,0.223468777532562,-0.077653
777.7778,0.222489097907366,0.777511,0.222467842376621,-0.077753
778.7788,0.221488188193117,0.778512,0.221466905264694,-0.077853
779.7798,0.220487276506018,0.779513,0.220465966179446,-0.077953
780.7808,0.219486362828512,0.780514,0.219465025103317,-0.078053
781.7818,0.218485447142808,0.781515,0.218464082018481,-0.078154
782.7828,0.217484529430847,0.782515,0.217463136906906,-0.078254
783.7838,0.216483609674359,0.783516,0.21646218975031,-0.078354
784.7848,0.21548268785482,0.784517,0.215461240530151,-0.078454
785.7858,0.214481763953444,0.785518,0.214460289227625,-0.078554
786.7868,0.213480837951174,0.786519,0.213459335823669,-0.078654
787.7878,0.21247990982869,0.78752,0.212458380298955,-0.078754
788.7888,0.211478979566407,0.788521,0.211457422633899,-0.078854
789.7898,0.210478047144473,0.789522,0.210456462808651,-0.078954
790.7908,0.209477112542769,0.790523,0.209455500803095,-0.079054
791.7918,0.208476175740904,0.791524,0.208454536596788,-0.079155
792.7928,0.207475236718156,0.792525,0.207453570169048,-0.079255
793.7938,0.206474295453555,0.793526,0.206452601498891,-0.079355
794.7948,0.205473351925828,0.794527,0.205451630565017,-0.079455
795.7958,0.204472406113378,0.795528,0.204450657345812,-0.079555
796.7968,0.20347145799429,0.796529,0.20344968181935,-0.079655
797.7978,0.202470507546328,0.797529,0.202448703963385,-0.079755
798.7988,0.201469554746933,0.79853,0.201447723755363,-0.079855
799.7998,0.200468599573229,0.799531,0.20044674117241,-0.079955
800.8008,0.199467642002017,0.800532,0.199445756191328,-0.080055
801.8018,0.198466682009767,0.801533,0.198444768788525,-0.080156
802.8028,0.197465719572546,0.802534,0.19744377894012,-0.080256
803.8038,0.196464754666126,0.803535,0.196442786621864,-0.080356
804.8048,0.195463787265909,0.804536,0.195441791809128,-0.080456
805.8058,0.194462817346904,0.805537,0.194440794476898,-0.080556
806.8068,0.193461844883729,0.806538,0.193439794599778,-0.080656
807.8078,0.192460869850614,0.807539,0.192438792151991,-0.080756
808.8088,0.191459892221399,0.80854,0.191437787107377,-0.080856
809.8098,0.190458911969531,0.809541,0.190436779439391,-0.080956
810.8108,0.18945792906807,0.810542,0.189435769121091,-0.081056
811.8118,0.188456943489667,0.811543,0.188434756125052,-0.081157
812.8128,0.187455955206481,0.812544,0.187433740423499,-0.081257
813.8138,0.186454964190314,0.813545,0.186432721988209,-0.081357
814.8148,0.18545397041251,0.814546,0.185431700790484,-0.081457
815.8158,0.184452973843933,0.815547,0.184430676801162,-0.081557
816.8168,0.183451974454966,0.816548,0.183429649990607,-0.081657
817.8178,0.182450972215513,0.817549,0.182428620328715,-0.081757
818.8188,0.181449967094999,0.81855,0.181427587784911,-0.081857
819.8198,0.180448959062367,0.819551,0.18042655232815,-0.081957
820.8208,0.179447948086082,0.820552,0.179425513926895,-0.082057
821.8218,0.178446934134107,0.821553,0.17842447254901,-0.082158
822.8228,0.17744591717379,0.822554,0.177423428161931,-0.082258
823.8238,0.176444897172044,0.823555,0.176422380732538,-0.082358
824.8248,0.175443874095214,0.824556,0.175421330227126,-0.082458
825.8258,0.174442847909048,0.825557,0.174420276611404,-0.082558
826.8268,0.173441818578696,0.826558,0.1734192198505,-0.082658
827.8278,0.172440786068711,0.827559,0.172418159908957,-0.082758
828.8288,0.17143975034305,0.82856,0.171417096750734,-0.082858
829.8298,0.170438711365072,0.829561,0.170416030339208,-0.082958
830.8308,0.16943766909754,0.830562,0.169414960637137,-0.083059
831.8318,0.16843662350259,0.831563,0.16841388760653,-0.083159
832.8328,0.167435574541585,0.832564,0.167412811208869,-0.083259
833.8338,0.166434522175352,0.833565,0.166411731404934,-0.083359
834.8348,0.165433466364002,0.834567,0.16541064815477,-0.083459
835.8358,0.164432407066892,0.835568,0.164409561417689,-0.083559
836.8368,0.16343134424263,0.836569,0.163408471152268,-0.083659
837.8378,0.16243027784907,0.83757,0.162407377316348,-0.083759
838.8388,0.161429207843315,0.838571,0.161406279867038,-0.083859
839.8398,0.160428134181716,0.839572,0.160405178760711,-0.083959
840.8408,0.159427056819872,0.840573,0.159404073952963,-0.08406
841.8418,0.158425975712588,0.841574,0.158402965398429,-0.08416
842.8428,0.157424890813684,0.842575,0.157401853051092,-0.08426
843.8438,0.156423802076309,0.843576,0.156400736864038,-0.08436
844.8448,0.155422709452701,0.844577,0.155399616789419,-0.08446
845.8458,0.154421612894134,0.845578,0.154398492778446,-0.08456
846.8468,0.153420512350925,0.846579,0.153397364781397,-0.08466
847.8478,0.152419407772427,0.847581,0.152396232747612,-0.08476
848.8488,0.151418299107034,0.848582,0.151395096625492,-0.08486
849.8498,0.15041718630218,0.849583,0.150393956362503,-0.084961
850.8509,0.149416069304336,0.850584,0.149392811905113,-0.085061
851.8519,0.148414948058956,0.851585,0.148391663198547,-0.085161
852.8529,0.147413822510216,0.852586,0.147390510187206,-0.085261
853.8539,0.146412692601441,0.853587,0.146389352814331,-0.085361
854.8549,0.145411558274779,0.854588,0.145388191021952,-0.085461
855.8559,0.144410419471126,0.85559,0.144387024750882,-0.085561
856.8569,0.143409276130134,0.856591,0.143385853940722,-0.085661
857.8579,0.142408128190207,0.857592,0.142384678529855,-0.085762
858.8589,0.141406975588501,0.858593,0.141383498455454,-0.085862
859.8599,0.140405818260923,0.859594,0.140382313653474,-0.085962
860.8609,0.139404656142136,0.860595,0.13938112405857,-0.086062
861.8619,0.138403489165471,0.861597,0.138379929603761,-0.086162
862.8629,0.13740231726257,0.862598,0.137378730221008,-0.086262
863.8639,0.136401140363989,0.863599,0.136377525840749,-0.086362
864.8649,0.135399958398727,0.8646,0.135376316391821,-0.086462
865.8659,0.134398771294133,0.865601,0.134375101801457,-0.086562
866.8669,0.133397578975905,0.866602,0.133373881995286,-0.086663
867.8679,0.132396381368094,0.867604,0.132372656897336,-0.086763
868.8689,0.1313951783931,0.868605,0.131371426430033,-0.086863
869.8699,0.130393969971675,0.869606,0.130370190514199,-0.086963
870.8709,0.12939275602292,0.870607,0.129368949068926,-0.087063
871.8719,0.128391536464166,0.871608,0.128367702011103,-0.087163
872.8729,0.127390311210466,0.87261,0.127366449256252,-0.087263
873.8739,0.126389080175461,0.873611,0.126365190717843,-0.087363
874.8749,0.125387843270697,0.874612,0.12536392630719,-0.087464
875.8759,0.124386600405488,0.875613,0.124362655933445,-0.087564
876.8769,0.123385351486923,0.876615,0.123361379503602,-0.087664
877.8779,0.122384096419863,0.877616,0.122360096922494,-0.087764
878.8789,0.121382835106941,0.878617,0.121358808092797,-0.087864
879.8799,0.120381567448565,0.879618,0.120357512915025,-0.087964
880.8809,0.119380293342912,0.88062,0.119356211287343,-0.088064
881.8819,0.118379012685753,0.881621,0.11835490310488,-0.088165
882.8829,0.117377725369704,0.882622,0.117353588260961,-0.088265
883.8839,0.116376431285526,0.883624,0.11635226664609,-0.088365
884.8849,0.115375130321081,0.884625,0.11535093814779,-0.088465
885.8859,0.114373822361147,0.885626,0.114349602650605,-0.088565
886.8869,0.113372507287421,0.886627,0.113348260036095,-0.088665
887.8879,0.112371184978516,0.887629,0.112346910182843,-0.088765
888.8889,0.111369855309962,0.88863,0.111345552966448,-0.088865
889.8899,0.11036851815421,0.889631,0.110344188259531,-0.088966
890.8909,0.109367173380625,0.890633,0.109342815931431,-0.089066
891.8919,0.108365820855204,0.891634,0.108341435847192,-0.089166
892.8929,0.107364460439467,0.892636,0.107340047869438,-0.089266
893.8939,0.106363091992439,0.893637,0.106338651856795,-0.089366
894.8949,0.105361715369025,0.894638,0.105337247663658,-0.089466
895.8959,0.104360330419743,0.89564,0.10433583514019,-0.089566
896.8969,0.103358936990718,0.896641,0.103334414132318,-0.089667
897.8979,0.102357534923683,0.897642,0.102332984481737,-0.089767
898.8989,0.10135612405598,0.898644,0.101331546025912,-0.089867
899.8999,0.100354704220561,0.899645,0.100330098598071,-0.089967
900.9009,0.099353275245986,0.900647,0.099328642026728,-0.090067
901.9019,0.09835183695596,0.901648,0.098327176134112,-0.090167
902.9029,0.097350389167605,0.90265,0.097325700739137,-0.090267
903.9039,0.096348931694627,0.903651,0.096324215654868,-0.090368
904.9049,0.095347464344684,0.904653,0.095322720688153,-0.090468
905.9059,0.094345986918957,0.905654,0.094321215639619,-0.090568
906.9069,0.093344499212155,0.906656,0.093319700303675,-0.090668
907.9079,0.092343001012509,0.907657,0.092318174468511,-0.090768
908.9089,0.091341492101774,0.908659,0.091316637916099,-0.090868
909.9099,0.09033997225523,0.90966,0.090315090422191,-0.090968
910.9109,0.089338441241683,0.910662,0.089313531755501,-0.091069
911.9119,0.088336898822668,0.911663,0.088311961675176,-0.091169
912.9129,0.087335344749652,0.912665,0.087310379935742,-0.091269
913.9139,0.086333778769327,0.913666,0.086308786282804,-0.091369
914.9149,0.085332200619126,0.914668,0.085307180452443,-0.091469
915.9159,0.084330610026527,0.915669,0.084305562171224,-0.091569
916.9169,0.083329006709043,0.916671,0.083303931156187,-0.09167
917.9179,0.082327390374229,0.917673,0.08230228711485,-0.09177
918.9189,0.081325760719679,0.918674,0.081300629745213,-0.09187
919.9199,0.080324117433028,0.919676,0.080298958735753,-0.09197
920.9209,0.079322460191948,0.920678,0.079297273763948,-0.09207
921.9219,0.078320788662714,0.921679,0.078295574491998,-0.09217
922.9229,0.077319102495409,0.922681,0.077293860575534,-0.092271
923.9239,0.07631740133333,0.923683,0.076292131655885,-0.092371
924.9249,0.075315684804861,0.924684,0.075290387359033,-0.092471
925.9259,0.074313952522241,0.925686,0.074288627295616,-0.092571
926.9269,0.073312204081563,0.926688,0.073286851060929,-0.092671
927.9279,0.072310439062773,0.92769,0.07228505823492,-0.092771
928.9289,0.071308657029671,0.928691,0.071283248382193,-0.092872
929.9299,0.070306857529912,0.929693,0.070281421052009,-0.092972
930.9309,0.069305040095004,0.930695,0.069279575775416,-0.093072
931.9319,0.068303204237495,0.931697,0.068277712057515,-0.093172
932.9329,0.067301349442188,0.932699,0.067275829394017,-0.093272
933.9339,0.066299475184222,0.933701,0.06627392725617,-0.093373
934.9349,0.06529758091307,0.934702,0.065272005088818,-0.093473
935.9359,0.064295666050212,0.935704,0.064270062310401,-0.093573
936.9369,0.063293729989134,0.936706,0.063268098312955,-0.093673
937.9379,0.062291772095328,0.937708,0.062266112462111,-0.093773
938.9389,0.061289791706289,0.93871,0.061264104097097,-0.093874
939.9399,0.060287788131523,0.939712,0.060262072530738,-0.093974
940.9409,0.059285760652538,0.940714,0.059260017043327,-0.094074
941.9419,0.058283708516765,0.941716,0.058257936867426,-0.094174
942.9429,0.057281630919984,0.942718,0.057255831222623,-0.094274
943.9439,0.056279527044839,0.94372,0.056253699282965,-0.094375
944.9449,0.055277396025777,0.944723,0.055251540172947,-0.094475
945.9459,0.054275236944169,0.945725,0.054249352967518,-0.094575
946.9469,0.053273048828314,0.946727,0.053247136692075,-0.094675
947.9479,0.052270830653437,0.947729,0.052244890322465,-0.094776
948.9489,0.051268581341688,0.948731,0.051242612784987,-0.094876
949.9499,0.050266299762144,0.949734,0.050240302956388,-0.094976
950.951,0.049263984730807,0.950736,0.049237959648899,-0.095076
951.952,0.048261634995481,0.951738,0.048235581576896,-0.095176
952.953,0.047259249196293,0.952741,0.04723316744059,-0.095277
953.954,0.046256825960285,0.953743,0.046230715844819,-0.095377
954.955,0.045254363812296,0.954746,0.045228225289531,-0.095477
955.956,0.04425186116316,0.955748,0.044225694169793,-0.095577
956.957,0.043249316309703,0.956751,0.043223120775784,-0.095678
957.958,0.042246727434745,0.957753,0.042220503292801,-0.095778
958.959,0.041244092607099,0.958756,0.041217839801252,-0.095878
959.96,0.040241409781571,0.959759,0.040215128276665,-0.095978
960.961,0.039238676798961,0.960761,0.039212366545062,-0.096079
961.962,0.038235891339792,0.961764,0.038209552197986,-0.096179
962.963,0.037233050819786,0.962767,0.037206682839449,-0.096279
963.964,0.036230152677551,0.96377,0.036203755835527,-0.09638
964.965,0.03522719409169,0.964773,0.035200768286651,-0.09648
965.966,0.034224171945356,0.965776,0.034197717027607,-0.09658
966.967,0.033221082826257,0.966779,0.033194598627537,-0.096681
967.968,0.032217923026653,0.967782,0.032191409389938,-0.096781
968.969,0.031214688543356,0.968785,0.031188145352663,-0.096881
969.97,0.030211375077729,0.969789,0.03018480228792,-0.096982
970.971,0.02920797803569,0.970792,0.029181375517584,-0.097082
971.972,0.028204492326997,0.971796,0.028177859643808,-0.097182
972.973,0.027200912010138,0.972799,0.027174249571583,-0.097283
973.974,0.026197231548265,0.973803,0.026170539412272,-0.097383
974.975,0.025193444505697,0.974807,0.025166722369964,-0.097483
975.976,0.024189543394944,0.97581,0.024162790741476,-0.097584
976.977,0.023185519676711,0.976814,0.023158735916352,-0.097684
977.978,0.022181363759897,0.977819,0.022154548376868,-0.097785
978.979,0.021177065001595,0.978823,0.021150217698022,-0.097885
979.98,0.020172611707092,0.979827,0.020145732547545,-0.097985
980.981,0.019167991129868,0.980832,0.019141079176238,-0.098086
981.982,0.018163187629486,0.981837,0.018136240269407,-0.098186
982.983,0.017158180832865,0.982842,0.01713120352537,-0.098287
983.984,0.016152957584511,0.983847,0.016125951823227,-0.098387
984.985,0.015147498753268,0.984853,0.015120462280605,-0.098488
985.986,0.014141777800945,0.985858,0.014114706253661,-0.098589
986.987,0.013135760782312,0.986864,0.013108649337082,-0.098689
987.988,0.012129406345102,0.987871,0.012102251364085,-0.09879
988.989,0.01112266573001,0.988877,0.011095466406414,-0.09889
989.99,0.010115482770694,0.989885,0.010088242774345,-0.098991
990.991,0.009107793893774,0.990892,0.009080503958368,-0.099092
991.992,0.008099512369756,0.9919,0.008072151060228,-0.099193
992.993,0.007090519934574,0.992909,0.007063143844221,-0.099294
993.994,0.006080723413093,0.993919,0.006053338085183,-0.099395
994.995,0.005069900536509,0.99493,0.005042472554869,-0.099496
995.996,0.00405768653797,0.995942,0.00403016902195,-0.099597
996.997,0.003043574152573,0.996956,0.003015932252015,-0.099698
997.998,0.002043646327833,0.997956,0.002011317593973,-0.099799
998.999,0.00106147571707,0.998939,0.001030024903827,-0.099897
1000.0,1e-06,0.999999,1e-06,-0.1
