z,A_clock,R_tilde,K_tilde,det_g
1.0,0.5,-0.42,0.0348,-0.00390625
1.0139,0.4965427201,-0.411348,0.033381,-0.003695327655324
1.028,0.4930857708,-0.402816,0.032011,-0.003494457483376
1.0424,0.4896294826,-0.394405,0.030688,-0.003303242703362
1.0569,0.4861741855,-0.386113,0.029411,-0.003121297484954
1.0716,0.4827202095,-0.377942,0.028179,-0.002948246900579
1.0865,0.4792678839,-0.369891,0.026992,-0.00278372686294
1.1016,0.4758175373,-0.36196,0.025847,-0.002627384048501
1.117,0.4723694977,-0.354148,0.024743,-0.002478875807645
1.1325,0.4689240921,-0.346455,0.02368,-0.00233787006224
1.1483,0.4654816465,-0.338881,0.022656,-0.002204045191345
1.1643,0.462042486,-0.331425,0.02167,-0.002077089905789
1.1805,0.4586069341,-0.324087,0.020721,-0.001956703112358
1.197,0.4551753132,-0.316866,0.019808,-0.001842593768308
1.2136,0.4517479441,-0.309762,0.018929,-0.001734480726938
1.2305,0.448325146,-0.302774,0.018085,-0.001632092574928
1.2477,0.4449072364,-0.295902,0.017273,-0.001535167462156
1.265,0.441494531,-0.289145,0.016493,-0.00144345292467
1.2826,0.4380873433,-0.282502,0.015744,-0.001356705701515
1.3005,0.4346859852,-0.275973,0.015025,-0.00127469154606
1.3186,0.4312907659,-0.269556,0.014334,-0.001197185032484
1.337,0.4279019927,-0.263252,0.013672,-0.00112396935805
1.3556,0.4245199703,-0.257059,0.013036,-0.001054836141773
1.3745,0.4211450011,-0.250977,0.012427,-0.000989585220072
1.3936,0.4177773846,-0.245004,0.011842,-0.000928024439995
1.413,0.4144174178,-0.239141,0.011282,-0.000869969450531
1.4327,0.4110653948,-0.233385,0.010745,-0.00081524349257
1.4527,0.407721607,-0.227735,0.010232,-0.000763677187996
1.4729,0.4043863424,-0.222192,0.00974,-0.000715108328389
1.4934,0.4010598864,-0.216754,0.009269,-0.000669381663813
1.5142,0.3977425208,-0.21142,0.008818,-0.000626348692092
1.5353,0.3944345243,-0.206188,0.008387,-0.000585867449017
1.5567,0.3911361723,-0.201059,0.007975,-0.000547802299831
1.5783,0.3878477366,-0.19603,0.007581,-0.000512023732386
1.6003,0.3845694857,-0.191101,0.007205,-0.000478408152283
1.6226,0.3813016842,-0.186271,0.006845,-0.00044683768032
1.6452,0.3780445933,-0.181538,0.006502,-0.000417199952535
1.6681,0.3747984703,-0.176902,0.006174,-0.000389387923106
1.6913,0.3715635687,-0.172361,0.005861,-0.00036329967035
1.7149,0.3683401382,-0.167914,0.005562,-0.000338838206059
1.7388,0.3651284244,-0.16356,0.005278,-0.000315911288346
1.763,0.361928669,-0.159297,0.005006,-0.000294431238197
1.7875,0.3587411095,-0.155125,0.004747,-0.000274314759895
1.8124,0.3555659795,-0.151043,0.004501,-0.000255482765427
1.8377,0.3524035082,-0.147048,0.004266,-0.000237860203029
1.8632,0.3492539206,-0.143141,0.004042,-0.000221375889944
1.8892,0.3461174374,-0.139319,0.003829,-0.000205962349492
1.9155,0.3429942752,-0.135581,0.003626,-0.000191555652515
1.9422,0.339884646,-0.131927,0.003434,-0.000178095263259
1.9692,0.3367887573,-0.128355,0.00325,-0.000165523889718
1.9966,0.3337068124,-0.124863,0.003076,-0.000153787338467
2.0244,0.33063901,-0.121451,0.00291,-0.000142834374011
2.0526,0.3275855444,-0.118117,0.002752,-0.000132616582624
2.0812,0.3245466051,-0.11486,0.002603,-0.000123088240681
2.1102,0.3215223772,-0.111679,0.002461,-0.000114206187456
2.1396,0.3185130413,-0.108573,0.002326,-0.00010592970235
2.1694,0.3155187734,-0.105539,0.002197,-9.8220386507e-05
2.1996,0.3125397445,-0.102578,0.002076,-9.1042048765e-05
2.2302,0.3095761214,-0.099688,0.00196,-8.4360595889e-05
2.2613,0.3066280662,-0.096867,0.001851,-7.8143927008e-05
2.2928,0.303695736,-0.094114,0.001747,-7.2361832196e-05
2.3247,0.3007792836,-0.091429,0.001649,-6.6985895114e-05
2.3571,0.297878857,-0.088809,0.001556,-6.1989399621e-05
2.3899,0.2949945995,-0.086254,0.001468,-5.7347240286e-05
2.4232,0.2921266498,-0.083763,0.001384,-5.3035836688e-05
2.4569,0.2892751418,-0.081334,0.001305,-4.9033051424e-05
2.4911,0.2864402049,-0.078966,0.00123,-4.5318111724e-05
2.5258,0.2836219638,-0.076658,0.001159,-4.187153457e-05
2.561,0.2808205385,-0.074409,0.001092,-3.8675055222e-05
2.5967,0.2780360445,-0.072218,0.001029,-3.5711559042e-05
2.6328,0.2752685925,-0.070082,0.000969,-3.2965016524e-05
2.6695,0.2725182888,-0.068003,0.000912,-3.0420421415e-05
2.7067,0.2697852351,-0.065977,0.000859,-2.8063731825e-05
2.7443,0.2670695284,-0.064005,0.000808,-2.5881814229e-05
2.7826,0.2643712613,-0.062084,0.00076,-2.3862390247e-05
2.8213,0.2616905219,-0.060215,0.000715,-2.1993986109e-05
2.8606,0.2590273938,-0.058395,0.000673,-2.0265884698e-05
2.9004,0.2563819562,-0.056624,0.000633,-1.8668080071e-05
2.9408,0.2537542838,-0.054901,0.000595,-1.7191234362e-05
2.9818,0.251144447,-0.053224,0.000559,-1.5826636967e-05
3.0233,0.2485525119,-0.051593,0.000525,-1.4566165916e-05
3.0654,0.2459785402,-0.050007,0.000493,-1.3402251341e-05
3.1081,0.2434225893,-0.048464,0.000463,-1.2327840945e-05
3.1514,0.2408847126,-0.046964,0.000435,-1.1336367392e-05
3.1952,0.2383649591,-0.045506,0.000409,-1.0421717511e-05
3.2397,0.2358633736,-0.044088,0.000383,-9.578203262e-06
3.2849,0.2333799972,-0.04271,0.00036,-8.800534343e-06
3.3306,0.2309148665,-0.041371,0.000338,-8.0837924e-06
3.377,0.2284680142,-0.04007,0.000317,-7.423406724e-06
3.424,0.2260394694,-0.038805,0.000297,-6.815131392e-06
3.4717,0.2236292568,-0.037577,0.000279,-6.255023764e-06
3.52,0.2212373976,-0.036384,0.000261,-5.739424267e-06
3.569,0.218863909,-0.035226,0.000245,-5.264937407e-06
3.6187,0.2165088045,-0.034101,0.000229,-4.828413941e-06
3.6691,0.2141720939,-0.033009,0.000215,-4.426934148e-06
3.7202,0.2118537835,-0.031948,0.000201,-4.057792134e-06
3.772,0.2095538758,-0.030919,0.000189,-3.71848113e-06
3.8246,0.2072723699,-0.02992,0.000177,-3.40667971e-06
3.8778,0.2050092613,-0.028951,0.000165,-3.120238894e-06
3.9318,0.2027645422,-0.02801,0.000155,-2.85717007e-06
3.9866,0.2005382015,-0.027098,0.000145,-2.615633706e-06
4.0421,0.1983302245,-0.026212,0.000136,-2.393928794e-06
4.0984,0.1961405936,-0.025354,0.000127,-2.190482981e-06
4.1555,0.1939692879,-0.024521,0.000119,-2.003843366e-06
4.2133,0.1918162832,-0.023714,0.000111,-1.832667894e-06
4.272,0.1896815524,-0.022931,0.000104,-1.67571734e-06
4.3315,0.1875650655,-0.022172,9.7e-05,-1.531847826e-06
4.3918,0.1854667893,-0.021436,9.1e-05,-1.400003849e-06
4.453,0.1833866878,-0.020723,8.5e-05,-1.279211791e-06
4.515,0.1813247223,-0.020031,7.9e-05,-1.168573864e-06
4.5778,0.1792808513,-0.019362,7.4e-05,-1.067262489e-06
4.6416,0.1772550304,-0.018713,6.9e-05,-9.74515053e-07
4.7062,0.1752472127,-0.018084,6.5e-05,-8.89629046e-07
4.7718,0.1732573488,-0.017475,6e-05,-8.11957535e-07
4.8382,0.1712853867,-0.016885,5.6e-05,-7.40904956e-07
4.9056,0.1693312718,-0.016314,5.3e-05,-6.75923215e-07
4.9739,0.1673949474,-0.01576,4.9e-05,-6.16508065e-07
5.0432,0.1654763542,-0.015225,4.6e-05,-5.62195742e-07
5.1134,0.1635754308,-0.014706,4.3e-05,-5.12559847e-07
5.1846,0.1616921133,-0.014204,4e-05,-4.6720846e-07
5.2568,0.159826336,-0.013718,3.7e-05,-4.2578146e-07
5.33,0.1579780308,-0.013247,3.5e-05,-3.87948046e-07
5.4042,0.1561471278,-0.012792,3.2e-05,-3.5340444e-07
5.4795,0.154333555,-0.012352,3e-05,-3.21871764e-07
5.5558,0.1525372383,-0.011925,2.8e-05,-2.93094071e-07
5.6331,0.1507581021,-0.011513,2.6e-05,-2.66836535e-07
5.7116,0.1489960687,-0.011114,2.4e-05,-2.4288376e-07
5.7911,0.1472510588,-0.010728,2.3e-05,-2.21038237e-07
5.8718,0.1455229912,-0.010355,2.1e-05,-2.01118909e-07
5.9535,0.1438117833,-0.009994,2e-05,-1.82959841e-07
6.0364,0.1421173509,-0.009645,1.8e-05,-1.66409006e-07
6.1205,0.140439608,-0.009307,1.7e-05,-1.51327155e-07
6.2057,0.1387784674,-0.008981,1.6e-05,-1.37586776e-07
6.2921,0.1371338403,-0.008665,1.5e-05,-1.25071139e-07
6.3798,0.1355056367,-0.00836,1.4e-05,-1.1367341e-07
6.4686,0.1338937651,-0.008065,1.3e-05,-1.0329584e-07
6.5587,0.1322981329,-0.00778,1.2e-05,-9.3849015e-08
6.65,0.1307186462,-0.007505,1.1e-05,-8.5251166e-08
6.7426,0.1291552098,-0.007239,1e-05,-7.7427535e-08
6.8365,0.1276077276,-0.006982,1e-05,-7.030979e-08
6.9317,0.1260761025,-0.006733,9e-06,-6.383549e-08
7.0282,0.124560236,-0.006493,8e-06,-5.794759e-08
7.1261,0.1230600289,-0.006262,8e-06,-5.2593988e-08
7.2253,0.1215753812,-0.006038,7e-06,-4.7727108e-08
7.326,0.1201061917,-0.005822,7e-06,-4.3303517e-08
7.428,0.1186523586,-0.005613,6e-06,-3.9283575e-08
7.5314,0.1172137792,-0.005411,6e-06,-3.563111e-08
7.6363,0.1157903502,-0.005216,5e-06,-3.2313123e-08
7.7426,0.1143819673,-0.005028,5e-06,-2.9299519e-08
7.8505,0.1129885259,-0.004847,5e-06,-2.6562854e-08
7.9598,0.1116099206,-0.004671,4e-06,-2.407811e-08
8.0706,0.1102460454,-0.004502,4e-06,-2.1822483e-08
8.183,0.1088967938,-0.004339,4e-06,-1.9775194e-08
8.297,0.1075620589,-0.004181,3e-06,-1.7917312e-08
8.4125,0.1062417332,-0.004029,3e-06,-1.6231594e-08
8.5296,0.1049357088,-0.003882,3e-06,-1.4702338e-08
8.6484,0.1036438775,-0.003741,3e-06,-1.3315247e-08
8.7689,0.1023661307,-0.003604,3e-06,-1.2057307e-08
8.891,0.1011023596,-0.003472,2e-06,-1.0916674e-08
9.0148,0.0998524549,-0.003345,2e-06,-9.882572e-09
9.1403,0.0986163072,-0.003222,2e-06,-8.945197e-09
9.2676,0.097393807,-0.003104,2e-06,-8.095632e-09
9.3966,0.0961848444,-0.00299,2e-06,-7.325768e-09
9.5275,0.0949893094,-0.00288,2e-06,-6.628234e-09
9.6602,0.0938070922,-0.002774,2e-06,-5.996328e-09
9.7947,0.0926380824,-0.002671,1e-06,-5.42396e-09
9.9311,0.09148217,-0.002572,1e-06,-4.905595e-09
10.0694,0.0903392448,-0.002477,1e-06,-4.436205e-09
10.2096,0.0892091965,-0.002385,1e-06,-4.011225e-09
10.3518,0.088091915,-0.002297,1e-06,-3.626506e-09
10.4959,0.0869872902,-0.002212,1e-06,-3.278283e-09
10.6421,0.0858952121,-0.002129,1e-06,-2.963136e-09
10.7903,0.0848155708,-0.00205,1e-06,-2.677964e-09
10.9405,0.0837482566,-0.001974,1e-06,-2.419949e-09
11.0929,0.0826931598,-0.0019,1e-06,-2.186536e-09
11.2474,0.081650171,-0.001829,1e-06,-1.975408e-09
11.404,0.080619181,-0.001761,1e-06,-1.784461e-09
11.5628,0.0796000808,-0.001695,1e-06,-1.611789e-09
11.7238,0.0785927618,-0.001631,1e-06,-1.455662e-09
11.8871,0.0775971154,-0.00157,0.0,-1.314512e-09
12.0526,0.0766130336,-0.001511,0.0,-1.18692e-09
12.2204,0.0756404084,-0.001454,0.0,-1.071596e-09
12.3906,0.0746791323,-0.001399,0.0,-9.67373e-10
12.5632,0.0737290982,-0.001347,0.0,-8.73195e-10
12.7381,0.0727901993,-0.001296,0.0,-7.88104e-10
12.9155,0.0718623291,-0.001247,0.0,-7.1123e-10
13.0954,0.0709453817,-0.0012,0.0,-6.4179e-10
13.2777,0.0700392514,-0.001154,0.0,-5.79071e-10
13.4626,0.069143833,-0.001111,0.0,-5.22429e-10
13.6501,0.0682590219,-0.001069,0.0,-4.71282e-10
13.8402,0.0673847138,-0.001028,0.0,-4.251e-10
14.0329,0.066520805,-0.000989,0.0,-3.83407e-10
14.2283,0.065667192,-0.000951,0.0,-3.4577e-10
14.4264,0.0648237721,-0.000915,0.0,-3.11799e-10
14.6273,0.0639904432,-0.00088,0.0,-2.81139e-10
14.831,0.0631671033,-0.000847,0.0,-2.53471e-10
15.0376,0.0623536513,-0.000815,0.0,-2.28505e-10
15.247,0.0615499865,-0.000783,0.0,-2.05979e-10
15.4593,0.0607560088,-0.000754,0.0,-1.85658e-10
15.6746,0.0599716187,-0.000725,0.0,-1.67327e-10
15.8928,0.0591967172,-0.000697,0.0,-1.50793e-10
16.1141,0.0584312059,-0.00067,0.0,-1.35881e-10
16.3385,0.0576749871,-0.000645,0.0,-1.22433e-10
16.5661,0.0569279635,-0.00062,0.0,-1.10308e-10
16.7967,0.0561900387,-0.000596,0.0,-9.9374e-11
17.0307,0.0554611167,-0.000573,0.0,-8.9518e-11
17.2678,0.0547411021,-0.000551,0.0,-8.0632e-11
17.5083,0.0540299003,-0.00053,0.0,-7.2623e-11
17.7521,0.0533274172,-0.00051,0.0,-6.5404e-11
17.9993,0.0526335594,-0.00049,0.0,-5.8898e-11
18.2499,0.0519482342,-0.000471,0.0,-5.3035e-11
18.5041,0.0512713495,-0.000453,0.0,-4.7753e-11
18.7617,0.0506028138,-0.000435,0.0,-4.2993e-11
19.023,0.0499425364,-0.000419,0.0,-3.8705e-11
19.2879,0.0492904271,-0.000402,0.0,-3.4842e-11
19.5565,0.0486463966,-0.000387,0.0,-3.1362e-11
19.8288,0.048010356,-0.000372,0.0,-2.8228e-11
20.105,0.0473822174,-0.000357,0.0,-2.5405e-11
20.3849,0.0467618932,-0.000344,0.0,-2.2863e-11
20.6688,0.0461492969,-0.00033,0.0,-2.0574e-11
20.9566,0.0455443423,-0.000317,0.0,-1.8513e-11
21.2485,0.0449469442,-0.000305,0.0,-1.6657e-11
21.5443,0.0443570179,-0.000293,0.0,-1.4986e-11
21.8444,0.0437744795,-0.000282,0.0,-1.3482e-11
22.1486,0.0431992457,-0.000271,0.0,-1.2129e-11
22.457,0.0426312339,-0.00026,0.0,-1.091e-11
22.7697,0.0420703624,-0.00025,0.0,-9.813e-12
23.0868,0.0415165498,-0.00024,0.0,-8.826e-12
23.4083,0.0409697159,-0.000231,0.0,-7.938e-12
23.7342,0.0404297807,-0.000222,0.0,-7.139e-12
24.0648,0.0398966652,-0.000213,0.0,-6.419e-12
24.3999,0.0393702911,-0.000205,0.0,-5.772e-12
24.7396,0.0388505807,-0.000197,0.0,-5.19e-12
25.0842,0.0383374569,-0.000189,0.0,-4.666e-12
25.4335,0.0378308436,-0.000182,0.0,-4.195e-12
25.7876,0.037330665,-0.000175,0.0,-3.772e-12
26.1467,0.0368368464,-0.000168,0.0,-3.39e-12
26.5108,0.0363493134,-0.000161,0.0,-3.048e-12
26.88,0.0358679926,-0.000155,0.0,-2.739e-12
27.2543,0.0353928112,-0.000149,0.0,-2.462e-12
27.6339,0.0349236969,-0.000143,0.0,-2.213e-12
28.0187,0.0344605784,-0.000138,0.0,-1.989e-12
28.4088,0.0340033849,-0.000132,0.0,-1.787e-12
28.8044,0.0335520462,-0.000127,0.0,-1.606e-12
29.2056,0.033106493,-0.000122,0.0,-1.443e-12
29.6123,0.0326666565,-0.000117,0.0,-1.297e-12
30.0246,0.0322324687,-0.000113,0.0,-1.165e-12
30.4427,0.0318038622,-0.000108,0.0,-1.047e-12
30.8666,0.0313807701,-0.000104,0.0,-9.4e-13
31.2965,0.0309631265,-0.0001,0.0,-8.45e-13
31.7323,0.030550866,-9.6e-05,0.0,-7.59e-13
32.1742,0.0301439238,-9.2e-05,0.0,-6.82e-13
32.6222,0.0297422359,-8.8e-05,0.0,-6.12e-13
33.0765,0.0293457387,-8.5e-05,0.0,-5.5e-13
33.5371,0.0289543695,-8.2e-05,0.0,-4.94e-13
34.0041,0.0285680663,-7.8e-05,0.0,-4.44e-13
34.4776,0.0281867673,-7.5e-05,0.0,-3.98e-13
34.9578,0.0278104119,-7.2e-05,0.0,-3.58e-13
35.4446,0.0274389398,-6.9e-05,0.0,-3.21e-13
35.9381,0.0270722914,-6.7e-05,0.0,-2.89e-13
36.4386,0.0267104077,-6.4e-05,0.0,-2.59e-13
36.946,0.0263532304,-6.1e-05,0.0,-2.33e-13
37.4605,0.0260007018,-5.9e-05,0.0,-2.09e-13
37.9822,0.0256527647,-5.7e-05,0.0,-1.88e-13
38.5111,0.0253093627,-5.4e-05,0.0,-1.68e-13
39.0474,0.0249704398,-5.2e-05,0.0,-1.51e-13
39.5911,0.0246359407,-5e-05,0.0,-1.36e-13
40.1424,0.0243058109,-4.8e-05,0.0,-1.22e-13
40.7014,0.0239799962,-4.6e-05,0.0,-1.09e-13
41.2682,0.023658443,-4.4e-05,0.0,-9.8e-14
41.8429,0.0233410985,-4.3e-05,0.0,-8.8e-14
42.4256,0.0230279103,-4.1e-05,0.0,-7.9e-14
43.0164,0.0227188267,-3.9e-05,0.0,-7.1e-14
43.6154,0.0224137965,-3.8e-05,0.0,-6.4e-14
44.2227,0.022112769,-3.6e-05,0.0,-5.7e-14
44.8386,0.0218156943,-3.5e-05,0.0,-5.1e-14
45.463,0.0215225228,-3.3e-05,0.0,-4.6e-14
46.096,0.0212332055,-3.2e-05,0.0,-4.1e-14
46.738,0.0209476942,-3.1e-05,0.0,-3.7e-14
47.3888,0.0206659409,-3e-05,0.0,-3.3e-14
48.0487,0.0203878984,-2.8e-05,0.0,-3e-14
48.7178,0.0201135198,-2.7e-05,0.0,-2.7e-14
49.3962,0.0198427591,-2.6e-05,0.0,-2.4e-14
50.0841,0.0195755704,-2.5e-05,0.0,-2.2e-14
50.7815,0.0193119085,-2.4e-05,0.0,-1.9e-14
51.4887,0.019051729,-2.3e-05,0.0,-1.7e-14
52.2057,0.0187949875,-2.2e-05,0.0,-1.6e-14
52.9327,0.0185416404,-2.1e-05,0.0,-1.4e-14
53.6698,0.0182916447,-2.1e-05,0.0,-1.3e-14
54.4171,0.0180449577,-2e-05,0.0,-1.1e-14
55.1749,0.0178015373,-1.9e-05,0.0,-1e-14
55.9433,0.0175613418,-1.8e-05,0.0,-9e-15
56.7223,0.0173243301,-1.7e-05,0.0,-8e-15
57.5122,0.0170904615,-1.7e-05,0.0,-7e-15
58.3131,0.0168596958,-1.6e-05,0.0,-7e-15
59.1251,0.0166319934,-1.5e-05,0.0,-6e-15
59.9484,0.0164073149,-1.5e-05,0.0,-5e-15
60.7832,0.0161856216,-1.4e-05,0.0,-5e-15
61.6297,0.0159668751,-1.4e-05,0.0,-4e-15
62.4879,0.0157510377,-1.3e-05,0.0,-4e-15
63.358,0.0155380718,-1.3e-05,0.0,-3e-15
64.2403,0.0153279405,-1.2e-05,0.0,-3e-15
65.1349,0.0151206074,-1.2e-05,0.0,-3e-15
66.0419,0.0149160362,-1.1e-05,0.0,-2e-15
66.9616,0.0147141914,-1.1e-05,0.0,-2e-15
67.8941,0.0145150378,-1e-05,0.0,-2e-15
68.8395,0.0143185404,-1e-05,0.0,-2e-15
69.7981,0.014124665,-9e-06,0.0,-2e-15
70.7701,0.0139333777,-9e-06,0.0,-1e-15
71.7556,0.0137446447,-9e-06,0.0,-1e-15
72.7548,0.0135584331,-8e-06,0.0,-1e-15
73.768,0.01337471,-8e-06,0.0,-1e-15
74.7952,0.0131934432,-8e-06,0.0,-1e-15
75.8368,0.0130146007,-7e-06,0.0,-1e-15
76.8928,0.0128381509,-7e-06,0.0,-1e-15
77.9636,0.0126640627,-7e-06,0.0,-1e-15
79.0493,0.0124923053,-7e-06,0.0,-1e-15
80.1501,0.0123228483,-6e-06,0.0,-1e-15
81.2662,0.0121556617,-6e-06,0.0,-0.0
82.3979,0.0119907158,-6e-06,0.0,-0.0
83.5453,0.0118279813,-6e-06,0.0,-0.0
84.7087,0.0116674294,-5e-06,0.0,-0.0
85.8883,0.0115090313,-5e-06,0.0,-0.0
87.0843,0.011352759,-5e-06,0.0,-0.0
88.297,0.0111985846,-5e-06,0.0,-0.0
89.5266,0.0110464805,-5e-06,0.0,-0.0
90.7733,0.0108964195,-4e-06,0.0,-0.0
92.0373,0.010748375,-4e-06,0.0,-0.0
93.319,0.0106023202,-4e-06,0.0,-0.0
94.6185,0.0104582292,-4e-06,0.0,-0.0
95.9361,0.010316076,-4e-06,0.0,-0.0
97.272,0.0101758352,-4e-06,0.0,-0.0
98.6266,0.0100374815,-3e-06,0.0,-0.0
100.0,0.0099009901,-3e-06,0.0,-0.0
101.3925,0.0097663364,-3e-06,0.0,-0.0
102.8045,0.0096334962,-3e-06,0.0,-0.0
104.2361,0.0095024455,-3e-06,0.0,-0.0
105.6876,0.0093731608,-3e-06,0.0,-0.0
107.1593,0.0092456185,-3e-06,0.0,-0.0
108.6516,0.0091197958,-3e-06,0.0,-0.0
110.1646,0.0089956699,-2e-06,0.0,-0.0
111.6987,0.0088732182,-2e-06,0.0,-0.0
113.2541,0.0087524187,-2e-06,0.0,-0.0
114.8312,0.0086332494,-2e-06,0.0,-0.0
116.4303,0.0085156888,-2e-06,0.0,-0.0
118.0517,0.0083997154,-2e-06,0.0,-0.0
119.6956,0.0082853082,-2e-06,0.0,-0.0
121.3624,0.0081724465,-2e-06,0.0,-0.0
123.0524,0.0080611096,-2e-06,0.0,-0.0
124.766,0.0079512774,-2e-06,0.0,-0.0
126.5034,0.0078429298,-2e-06,0.0,-0.0
128.265,0.0077360471,-2e-06,0.0,-0.0
130.0511,0.0076306098,-1e-06,0.0,-0.0
131.8621,0.0075265986,-1e-06,0.0,-0.0
133.6984,0.0074239946,-1e-06,0.0,-0.0
135.5602,0.0073227789,-1e-06,0.0,-0.0
137.4479,0.0072229332,-1e-06,0.0,-0.0
139.3619,0.0071244391,-1e-06,0.0,-0.0
141.3026,0.0070272785,-1e-06,0.0,-0.0
143.2703,0.0069314338,-1e-06,0.0,-0.0
145.2654,0.0068368873,-1e-06,0.0,-0.0
147.2883,0.0067436216,-1e-06,0.0,-0.0
149.3393,0.0066516197,-1e-06,0.0,-0.0
151.4189,0.0065608647,-1e-06,0.0,-0.0
153.5275,0.0064713399,-1e-06,0.0,-0.0
155.6654,0.0063830289,-1e-06,0.0,-0.0
157.8331,0.0062959153,-1e-06,0.0,-0.0
160.031,0.0062099832,-1e-06,0.0,-0.0
162.2595,0.0061252168,-1e-06,0.0,-0.0
164.5191,0.0060416003,-1e-06,0.0,-0.0
166.8101,0.0059591185,-1e-06,0.0,-0.0
169.133,0.0058777561,-1e-06,0.0,-0.0
171.4882,0.0057974981,-1e-06,0.0,-0.0
173.8762,0.0057183297,-1e-06,0.0,-0.0
176.2975,0.0056402363,-1e-06,0.0,-0.0
178.7526,0.0055632033,-1e-06,0.0,-0.0
181.2418,0.0054872167,-1e-06,0.0,-0.0
183.7656,0.0054122623,-1e-06,0.0,-0.0
186.3246,0.0053383263,-1e-06,0.0,-0.0
188.9193,0.0052653949,-0.0,0.0,-0.0
191.5501,0.0051934547,-0.0,0.0,-0.0
194.2175,0.0051224924,-0.0,0.0,-0.0
196.922,0.0050524948,-0.0,0.0,-0.0
199.6642,0.0049834488,-0.0,0.0,-0.0
202.4447,0.0049153418,-0.0,0.0,-0.0
205.2638,0.004848161,-0.0,0.0,-0.0
208.1222,0.0047818941,-0.0,0.0,-0.0
211.0203,0.0047165285,-0.0,0.0,-0.0
213.9589,0.0046520524,-0.0,0.0,-0.0
216.9384,0.0045884535,-0.0,0.0,-0.0
219.9593,0.0045257202,-0.0,0.0,-0.0
223.0223,0.0044638407,-0.0,0.0,-0.0
226.128,0.0044028036,-0.0,0.0,-0.0
229.2769,0.0043425974,-0.0,0.0,-0.0
232.4697,0.0042832109,-0.0,0.0,-0.0
235.7069,0.0042246332,-0.0,0.0,-0.0
238.9893,0.0041668532,-0.0,0.0,-0.0
242.3173,0.0041098602,-0.0,0.0,-0.0
245.6916,0.0040536435,-0.0,0.0,-0.0
249.113,0.0039981928,-0.0,0.0,-0.0
252.582,0.0039434975,-0.0,0.0,-0.0
256.0993,0.0038895476,-0.0,0.0,-0.0
259.6656,0.0038363329,-0.0,0.0,-0.0
263.2815,0.0037838435,-0.0,0.0,-0.0
266.9478,0.0037320695,-0.0,0.0,-0.0
270.6652,0.0036810014,-0.0,0.0,-0.0
274.4343,0.0036306295,-0.0,0.0,-0.0
278.2559,0.0035809444,-0.0,0.0,-0.0
282.1308,0.0035319369,-0.0,0.0,-0.0
286.0596,0.0034835977,-0.0,0.0,-0.0
290.043,0.0034359178,-0.0,0.0,-0.0
294.082,0.0033888883,-0.0,0.0,-0.0
298.1772,0.0033425004,-0.0,0.0,-0.0
302.3295,0.0032967453,-0.0,0.0,-0.0
306.5395,0.0032516145,-0.0,0.0,-0.0
310.8082,0.0032070996,-0.0,0.0,-0.0
315.1363,0.0031631921,-0.0,0.0,-0.0
319.5248,0.0031198839,-0.0,0.0,-0.0
323.9743,0.0030771668,-0.0,0.0,-0.0
328.4857,0.0030350327,-0.0,0.0,-0.0
333.06,0.0029934739,-0.0,0.0,-0.0
337.698,0.0029524825,-0.0,0.0,-0.0
342.4006,0.0029120507,-0.0,0.0,-0.0
347.1687,0.002872171,-0.0,0.0,-0.0
352.0031,0.0028328359,-0.0,0.0,-0.0
356.9049,0.002794038,-0.0,0.0,-0.0
361.875,0.00275577,-0.0,0.0,-0.0
366.9142,0.0027180247,-0.0,0.0,-0.0
372.0237,0.002680795,-0.0,0.0,-0.0
377.2042,0.0026440739,-0.0,0.0,-0.0
382.457,0.0026078545,-0.0,0.0,-0.0
387.7828,0.00257213,-0.0,0.0,-0.0
393.1829,0.0025368936,-0.0,0.0,-0.0
398.6581,0.0025021387,-0.0,0.0,-0.0
404.2096,0.0024678587,-0.0,0.0,-0.0
409.8384,0.0024340473,-0.0,0.0,-0.0
415.5455,0.0024006979,-0.0,0.0,-0.0
421.3322,0.0023678044,-0.0,0.0,-0.0
427.1994,0.0023353606,-0.0,0.0,-0.0
433.1483,0.0023033603,-0.0,0.0,-0.0
439.1801,0.0022717974,-0.0,0.0,-0.0
445.2959,0.0022406661,-0.0,0.0,-0.0
451.4968,0.0022099605,-0.0,0.0,-0.0
457.7841,0.0021796747,-0.0,0.0,-0.0
464.1589,0.0021498031,-0.0,0.0,-0.0
470.6225,0.00212034,-0.0,0.0,-0.0
477.1761,0.0020912798,-0.0,0.0,-0.0
483.821,0.0020626171,-0.0,0.0,-0.0
490.5584,0.0020343464,-0.0,0.0,-0.0
497.3896,0.0020064624,-0.0,0.0,-0.0
504.3159,0.0019789599,-0.0,0.0,-0.0
511.3388,0.0019518336,-0.0,0.0,-0.0
518.4594,0.0019250784,-0.0,0.0,-0.0
525.6791,0.0018986893,-0.0,0.0,-0.0
532.9994,0.0018726613,-0.0,0.0,-0.0
540.4216,0.0018469893,-0.0,0.0,-0.0
547.9472,0.0018216687,-0.0,0.0,-0.0
555.5776,0.0017966946,-0.0,0.0,-0.0
563.3143,0.0017720622,-0.0,0.0,-0.0
571.1586,0.001747767,-0.0,0.0,-0.0
579.1123,0.0017238043,-0.0,0.0,-0.0
587.1766,0.0017001695,-0.0,0.0,-0.0
595.3533,0.0016768583,-0.0,0.0,-0.0
603.6439,0.0016538662,-0.0,0.0,-0.0
612.0498,0.0016311888,-0.0,0.0,-0.0
620.5729,0.0016088218,-0.0,0.0,-0.0
629.2146,0.0015867611,-0.0,0.0,-0.0
637.9767,0.0015650023,-0.0,0.0,-0.0
646.8608,0.0015435415,-0.0,0.0,-0.0
655.8686,0.0015223746,-0.0,0.0,-0.0
665.0018,0.0015014974,-0.0,0.0,-0.0
674.2622,0.0014809062,-0.0,0.0,-0.0
683.6516,0.0014605969,-0.0,0.0,-0.0
693.1717,0.0014405657,-0.0,0.0,-0.0
702.8244,0.0014208089,-0.0,0.0,-0.0
712.6115,0.0014013226,-0.0,0.0,-0.0
722.5349,0.0013821032,-0.0,0.0,-0.0
732.5965,0.0013631471,-0.0,0.0,-0.0
742.7982,0.0013444506,-0.0,0.0,-0.0
753.142,0.0013260102,-0.0,0.0,-0.0
763.6298,0.0013078224,-0.0,0.0,-0.0
774.2637,0.0012898837,-0.0,0.0,-0.0
785.0456,0.0012721908,-0.0,0.0,-0.0
795.9777,0.0012547403,-0.0,0.0,-0.0
807.062,0.0012375288,-0.0,0.0,-0.0
818.3007,0.0012205531,-0.0,0.0,-0.0
829.6959,0.00120381,-0.0,0.0,-0.0
841.2497,0.0011872963,-0.0,0.0,-0.0
852.9644,0.0011710089,-0.0,0.0,-0.0
864.8423,0.0011549447,-0.0,0.0,-0.0
876.8856,0.0011391006,-0.0,0.0,-0.0
889.0966,0.0011234736,-0.0,0.0,-0.0
901.4776,0.0011080607,-0.0,0.0,-0.0
914.0311,0.0010928591,-0.0,0.0,-0.0
926.7593,0.0010778657,-0.0,0.0,-0.0
939.6648,0.0010630779,-0.0,0.0,-0.0
952.75,0.0010484927,-0.0,0.0,-0.0
966.0175,0.0010341075,-0.0,0.0,-0.0
979.4697,0.0010199194,-0.0,0.0,-0.0
993.1092,0.0010059257,-0.0,0.0,-0.0
1006.9386,0.0009921239,-0.0,0.0,-0.0
1020.9607,0.0009785112,-0.0,0.0,-0.0
1035.178,0.0009650852,-0.0,0.0,-0.0
1049.5932,0.0009518432,-0.0,0.0,-0.0
1064.2092,0.0009387827,-0.0,0.0,-0.0
1079.0288,0.0009259012,-0.0,0.0,-0.0
1094.0547,0.0009131964,-0.0,0.0,-0.0
1109.2899,0.0009006657,-0.0,0.0,-0.0
1124.7372,0.0008883068,-0.0,0.0,-0.0
1140.3996,0.0008761174,-0.0,0.0,-0.0
1156.2801,0.000864095,-0.0,0.0,-0.0
1172.3818,0.0008522375,-0.0,0.0,-0.0
1188.7077,0.0008405426,-0.0,0.0,-0.0
1205.2609,0.000829008,-0.0,0.0,-0.0
1222.0447,0.0008176316,-0.0,0.0,-0.0
1239.0622,0.0008064112,-0.0,0.0,-0.0
1256.3166,0.0007953446,-0.0,0.0,-0.0
1273.8113,0.0007844298,-0.0,0.0,-0.0
1291.5497,0.0007736647,-0.0,0.0,-0.0
1309.535,0.0007630471,-0.0,0.0,-0.0
1327.7708,0.0007525752,-0.0,0.0,-0.0
1346.2606,0.0007422469,-0.0,0.0,-0.0
1365.0078,0.0007320602,-0.0,0.0,-0.0
1384.0161,0.0007220133,-0.0,0.0,-0.0
1403.2891,0.0007121041,-0.0,0.0,-0.0
1422.8305,0.0007023308,-0.0,0.0,-0.0
1442.644,0.0006926916,-0.0,0.0,-0.0
1462.7334,0.0006831845,-0.0,0.0,-0.0
1483.1025,0.0006738079,-0.0,0.0,-0.0
1503.7553,0.0006645599,-0.0,0.0,-0.0
1524.6957,0.0006554387,-0.0,0.0,-0.0
1545.9277,0.0006464426,-0.0,0.0,-0.0
1567.4554,0.0006375699,-0.0,0.0,-0.0
1589.2829,0.0006288189,-0.0,0.0,-0.0
1611.4143,0.000620188,-0.0,0.0,-0.0
1633.8539,0.0006116755,-0.0,0.0,-0.0
1656.606,0.0006032797,-0.0,0.0,-0.0
1679.6749,0.0005949991,-0.0,0.0,-0.0
1703.065,0.0005868321,-0.0,0.0,-0.0
1726.7809,0.0005787771,-0.0,0.0,-0.0
1750.827,0.0005708326,-0.0,0.0,-0.0
1775.208,0.0005629971,-0.0,0.0,-0.0
1799.9285,0.0005552691,-0.0,0.0,-0.0
1824.9932,0.0005476472,-0.0,0.0,-0.0
1850.407,0.0005401297,-0.0,0.0,-0.0
1876.1747,0.0005327155,-0.0,0.0,-0.0
1902.3012,0.0005254029,-0.0,0.0,-0.0
1928.7915,0.0005181907,-0.0,0.0,-0.0
1955.6507,0.0005110774,-0.0,0.0,-0.0
1982.8839,0.0005040617,-0.0,0.0,-0.0
2010.4964,0.0004971423,-0.0,0.0,-0.0
2038.4934,0.0004903178,-0.0,0.0,-0.0
2066.8802,0.000483587,-0.0,0.0,-0.0
2095.6624,0.0004769485,-0.0,0.0,-0.0
2124.8454,0.0004704011,-0.0,0.0,-0.0
2154.4347,0.0004639435,-0.0,0.0,-0.0
2184.4361,0.0004575746,-0.0,0.0,-0.0
2214.8552,0.000451293,-0.0,0.0,-0.0
2245.698,0.0004450977,-0.0,0.0,-0.0
2276.9703,0.0004389873,-0.0,0.0,-0.0
2308.678,0.0004329608,-0.0,0.0,-0.0
2340.8273,0.000427017,-0.0,0.0,-0.0
2373.4243,0.0004211547,-0.0,0.0,-0.0
2406.4752,0.0004153729,-0.0,0.0,-0.0
2439.9863,0.0004096705,-0.0,0.0,-0.0
2473.9641,0.0004040463,-0.0,0.0,-0.0
2508.4151,0.0003984992,-0.0,0.0,-0.0
2543.3458,0.0003930283,-0.0,0.0,-0.0
2578.7629,0.0003876325,-0.0,0.0,-0.0
2614.6732,0.0003823108,-0.0,0.0,-0.0
2651.0836,0.000377062,-0.0,0.0,-0.0
2688.001,0.0003718853,-0.0,0.0,-0.0
2725.4325,0.0003667797,-0.0,0.0,-0.0
2763.3853,0.0003617441,-0.0,0.0,-0.0
2801.8666,0.0003567776,-0.0,0.0,-0.0
2840.8837,0.0003518793,-0.0,0.0,-0.0
2880.4442,0.0003470482,-0.0,0.0,-0.0
2920.5555,0.0003422834,-0.0,0.0,-0.0
2961.2254,0.000337584,-0.0,0.0,-0.0
3002.4617,0.0003329491,-0.0,0.0,-0.0
3044.2722,0.0003283779,-0.0,0.0,-0.0
3086.6649,0.0003238693,-0.0,0.0,-0.0
3129.648,0.0003194227,-0.0,0.0,-0.0
3173.2296,0.0003150371,-0.0,0.0,-0.0
3217.4182,0.0003107116,-0.0,0.0,-0.0
3262.222,0.0003064456,-0.0,0.0,-0.0
3307.6498,0.0003022381,-0.0,0.0,-0.0
3353.7102,0.0002980883,-0.0,0.0,-0.0
3400.4119,0.0002939956,-0.0,0.0,-0.0
3447.7641,0.0002899589,-0.0,0.0,-0.0
3495.7756,0.0002859777,-0.0,0.0,-0.0
3544.4557,0.0002820512,-0.0,0.0,-0.0
3593.8137,0.0002781785,-0.0,0.0,-0.0
3643.859,0.000274359,-0.0,0.0,-0.0
3694.6012,0.000270592,-0.0,0.0,-0.0
3746.05,0.0002668766,-0.0,0.0,-0.0
3798.2153,0.0002632122,-0.0,0.0,-0.0
3851.107,0.0002595982,-0.0,0.0,-0.0
3904.7352,0.0002560337,-0.0,0.0,-0.0
3959.1103,0.0002525182,-0.0,0.0,-0.0
4014.2425,0.000249051,-0.0,0.0,-0.0
4070.1425,0.0002456313,-0.0,0.0,-0.0
4126.8208,0.0002422586,-0.0,0.0,-0.0
4184.2885,0.0002389322,-0.0,0.0,-0.0
4242.5564,0.0002356514,-0.0,0.0,-0.0
4301.6358,0.0002324157,-0.0,0.0,-0.0
4361.5378,0.0002292244,-0.0,0.0,-0.0
4422.274,0.0002260769,-0.0,0.0,-0.0
4483.8559,0.0002229726,-0.0,0.0,-0.0
4546.2955,0.0002199109,-0.0,0.0,-0.0
4609.6045,0.0002168913,-0.0,0.0,-0.0
4673.7951,0.0002139131,-0.0,0.0,-0.0
4738.8796,0.0002109758,-0.0,0.0,-0.0
4804.8704,0.0002080789,-0.0,0.0,-0.0
4871.7802,0.0002052217,-0.0,0.0,-0.0
4939.6217,0.0002024037,-0.0,0.0,-0.0
5008.408,0.0001996244,-0.0,0.0,-0.0
5078.1521,0.0001968833,-0.0,0.0,-0.0
5148.8675,0.0001941798,-0.0,0.0,-0.0
5220.5675,0.0001915134,-0.0,0.0,-0.0
5293.2661,0.0001888836,-0.0,0.0,-0.0
5366.9769,0.0001862899,-0.0,0.0,-0.0
5441.7143,0.0001837319,-0.0,0.0,-0.0
5517.4924,0.0001812089,-0.0,0.0,-0.0
5594.3257,0.0001787206,-0.0,0.0,-0.0
5672.229,0.0001762665,-0.0,0.0,-0.0
5751.2171,0.000173846,-0.0,0.0,-0.0
5831.3051,0.0001714588,-0.0,0.0,-0.0
5912.5084,0.0001691044,-0.0,0.0,-0.0
5994.8425,0.0001667822,-0.0,0.0,-0.0
6078.3231,0.000164492,-0.0,0.0,-0.0
6162.9663,0.0001622332,-0.0,0.0,-0.0
6248.7881,0.0001600054,-0.0,0.0,-0.0
6335.805,0.0001578082,-0.0,0.0,-0.0
6424.0337,0.0001556412,-0.0,0.0,-0.0
6513.4909,0.0001535039,-0.0,0.0,-0.0
6604.194,0.000151396,-0.0,0.0,-0.0
6696.1601,0.000149317,-0.0,0.0,-0.0
6789.4068,0.0001472666,-0.0,0.0,-0.0
6883.9521,0.0001452443,-0.0,0.0,-0.0
6979.8139,0.0001432498,-0.0,0.0,-0.0
7077.0107,0.0001412826,-0.0,0.0,-0.0
7175.5609,0.0001393425,-0.0,0.0,-0.0
7275.4835,0.000137429,-0.0,0.0,-0.0
7376.7976,0.0001355418,-0.0,0.0,-0.0
7479.5225,0.0001336805,-0.0,0.0,-0.0
7583.6779,0.0001318448,-0.0,0.0,-0.0
7689.2837,0.0001300342,-0.0,0.0,-0.0
7796.3601,0.0001282485,-0.0,0.0,-0.0
7904.9276,0.0001264874,-0.0,0.0,-0.0
8015.007,0.0001247504,-0.0,0.0,-0.0
8126.6192,0.0001230373,-0.0,0.0,-0.0
8239.7857,0.0001213477,-0.0,0.0,-0.0
8354.5281,0.0001196812,-0.0,0.0,-0.0
8470.8683,0.0001180377,-0.0,0.0,-0.0
8588.8286,0.0001164168,-0.0,0.0,-0.0
8708.4315,0.0001148181,-0.0,0.0,-0.0
8829.7,0.0001132413,-0.0,0.0,-0.0
8952.6571,0.0001116862,-0.0,0.0,-0.0
9077.3265,0.0001101525,-0.0,0.0,-0.0
9203.732,0.0001086398,-0.0,0.0,-0.0
9331.8977,0.0001071479,-0.0,0.0,-0.0
9461.8482,0.0001056764,-0.0,0.0,-0.0
9593.6083,0.0001042252,-0.0,0.0,-0.0
9727.2032,0.0001027939,-0.0,0.0,-0.0
9862.6585,0.0001013823,-0.0,0.0,-0.0
10000.0,9.999e-05,-0.0,0.0,-0.0
10139.2541,9.86169e-05,-0.0,0.0,-0.0
10280.4473,9.72626e-05,-0.0,0.0,-0.0
10423.6067,9.59269e-05,-0.0,0.0,-0.0
10568.7597,9.46095e-05,-0.0,0.0,-0.0
10715.934,9.33103e-05,-0.0,0.0,-0.0
10865.1577,9.20288e-05,-0.0,0.0,-0.0
11016.4595,9.0765e-05,-0.0,0.0,-0.0
11169.8682,8.95186e-05,-0.0,0.0,-0.0
11325.4132,8.82892e-05,-0.0,0.0,-0.0
11483.1241,8.70767e-05,-0.0,0.0,-0.0
11643.0313,8.58809e-05,-0.0,0.0,-0.0
11805.1653,8.47015e-05,-0.0,0.0,-0.0
11969.557,8.35383e-05,-0.0,0.0,-0.0
12136.238,8.23911e-05,-0.0,0.0,-0.0
12305.24,8.12596e-05,-0.0,0.0,-0.0
12476.5955,8.01436e-05,-0.0,0.0,-0.0
12650.3372,7.9043e-05,-0.0,0.0,-0.0
12826.4983,7.79575e-05,-0.0,0.0,-0.0
13005.1125,7.68869e-05,-0.0,0.0,-0.0
13186.214,7.5831e-05,-0.0,0.0,-0.0
13369.8374,7.47896e-05,-0.0,0.0,-0.0
13556.0179,7.37625e-05,-0.0,0.0,-0.0
13744.7909,7.27495e-05,-0.0,0.0,-0.0
13936.1927,7.17505e-05,-0.0,0.0,-0.0
14130.2599,7.07651e-05,-0.0,0.0,-0.0
14327.0295,6.97933e-05,-0.0,0.0,-0.0
14526.5393,6.88348e-05,-0.0,0.0,-0.0
14728.8272,6.78895e-05,-0.0,0.0,-0.0
14933.9322,6.69571e-05,-0.0,0.0,-0.0
15141.8933,6.60376e-05,-0.0,0.0,-0.0
15352.7503,6.51307e-05,-0.0,0.0,-0.0
15566.5436,6.42362e-05,-0.0,0.0,-0.0
15783.3141,6.3354e-05,-0.0,0.0,-0.0
16003.1031,6.2484e-05,-0.0,0.0,-0.0
16225.9529,6.16259e-05,-0.0,0.0,-0.0
16451.9059,6.07795e-05,-0.0,0.0,-0.0
16681.0054,5.99448e-05,-0.0,0.0,-0.0
16913.2952,5.91216e-05,-0.0,0.0,-0.0
17148.8197,5.83097e-05,-0.0,0.0,-0.0
17387.624,5.75089e-05,-0.0,0.0,-0.0
17629.7538,5.67191e-05,-0.0,0.0,-0.0
17875.2553,5.59401e-05,-0.0,0.0,-0.0
18124.1755,5.51719e-05,-0.0,0.0,-0.0
18376.562,5.44142e-05,-0.0,0.0,-0.0
18632.4631,5.36669e-05,-0.0,0.0,-0.0
18891.9278,5.29299e-05,-0.0,0.0,-0.0
19155.0056,5.22029e-05,-0.0,0.0,-0.0
19421.7468,5.1486e-05,-0.0,0.0,-0.0
19692.2026,5.07789e-05,-0.0,0.0,-0.0
19966.4245,5.00816e-05,-0.0,0.0,-0.0
20244.4651,4.93938e-05,-0.0,0.0,-0.0
20526.3775,4.87154e-05,-0.0,0.0,-0.0
20812.2157,4.80464e-05,-0.0,0.0,-0.0
21102.0343,4.73866e-05,-0.0,0.0,-0.0
21395.8887,4.67358e-05,-0.0,0.0,-0.0
21693.8352,4.60939e-05,-0.0,0.0,-0.0
21995.9307,4.54609e-05,-0.0,0.0,-0.0
22302.233,4.48365e-05,-0.0,0.0,-0.0
22612.8007,4.42208e-05,-0.0,0.0,-0.0
22927.6931,4.36135e-05,-0.0,0.0,-0.0
23246.9706,4.30145e-05,-0.0,0.0,-0.0
23570.6941,4.24238e-05,-0.0,0.0,-0.0
23898.9257,4.18411e-05,-0.0,0.0,-0.0
24231.7279,4.12665e-05,-0.0,0.0,-0.0
24569.1646,4.06998e-05,-0.0,0.0,-0.0
24911.3003,4.01408e-05,-0.0,0.0,-0.0
25258.2003,3.95895e-05,-0.0,0.0,-0.0
25609.931,3.90458e-05,-0.0,0.0,-0.0
25966.5597,3.85096e-05,-0.0,0.0,-0.0
26328.1547,3.79807e-05,-0.0,0.0,-0.0
26694.7849,3.74591e-05,-0.0,0.0,-0.0
27066.5207,3.69446e-05,-0.0,0.0,-0.0
27443.433,3.64373e-05,-0.0,0.0,-0.0
27825.594,3.59368e-05,-0.0,0.0,-0.0
28213.0768,3.54433e-05,-0.0,0.0,-0.0
28605.9554,3.49565e-05,-0.0,0.0,-0.0
29004.3049,3.44765e-05,-0.0,0.0,-0.0
29408.2017,3.4003e-05,-0.0,0.0,-0.0
29817.7229,3.3536e-05,-0.0,0.0,-0.0
30232.9468,3.30754e-05,-0.0,0.0,-0.0
30653.953,3.26212e-05,-0.0,0.0,-0.0
31080.8217,3.21731e-05,-0.0,0.0,-0.0
31513.6348,3.17313e-05,-0.0,0.0,-0.0
31952.4751,3.12955e-05,-0.0,0.0,-0.0
32397.4263,3.08657e-05,-0.0,0.0,-0.0
32848.5737,3.04418e-05,-0.0,0.0,-0.0
33306.0034,3.00237e-05,-0.0,0.0,-0.0
33769.8031,2.96114e-05,-0.0,0.0,-0.0
34240.0614,2.92047e-05,-0.0,0.0,-0.0
34716.8682,2.88036e-05,-0.0,0.0,-0.0
35200.3147,2.8408e-05,-0.0,0.0,-0.0
35690.4935,2.80179e-05,-0.0,0.0,-0.0
36187.4981,2.76331e-05,-0.0,0.0,-0.0
36691.4238,2.72536e-05,-0.0,0.0,-0.0
37202.3668,2.68793e-05,-0.0,0.0,-0.0
37720.4249,2.65101e-05,-0.0,0.0,-0.0
38245.6972,2.6146e-05,-0.0,0.0,-0.0
38778.2841,2.5787e-05,-0.0,0.0,-0.0
39318.2876,2.54328e-05,-0.0,0.0,-0.0
39865.8107,2.50835e-05,-0.0,0.0,-0.0
40420.9584,2.4739e-05,-0.0,0.0,-0.0
40983.8367,2.43993e-05,-0.0,0.0,-0.0
41554.5533,2.40642e-05,-0.0,0.0,-0.0
42133.2174,2.37337e-05,-0.0,0.0,-0.0
42719.9397,2.34077e-05,-0.0,0.0,-0.0
43314.8322,2.30862e-05,-0.0,0.0,-0.0
43918.0089,2.27692e-05,-0.0,0.0,-0.0
44529.5851,2.24565e-05,-0.0,0.0,-0.0
45149.6777,2.21481e-05,-0.0,0.0,-0.0
45778.4054,2.18439e-05,-0.0,0.0,-0.0
46415.8883,2.15439e-05,-0.0,0.0,-0.0
47062.2485,2.1248e-05,-0.0,0.0,-0.0
47717.6095,2.09562e-05,-0.0,0.0,-0.0
48382.0966,2.06684e-05,-0.0,0.0,-0.0
49055.8371,2.03845e-05,-0.0,0.0,-0.0
49738.9596,2.01046e-05,-0.0,0.0,-0.0
50431.5949,1.98284e-05,-0.0,0.0,-0.0
51133.8754,1.95561e-05,-0.0,0.0,-0.0
51845.9354,1.92875e-05,-0.0,0.0,-0.0
52567.9112,1.90227e-05,-0.0,0.0,-0.0
53299.9408,1.87614e-05,-0.0,0.0,-0.0
54042.1642,1.85037e-05,-0.0,0.0,-0.0
54794.7234,1.82496e-05,-0.0,0.0,-0.0
55557.7622,1.7999e-05,-0.0,0.0,-0.0
56331.4267,1.77518e-05,-0.0,0.0,-0.0
57115.8648,1.7508e-05,-0.0,0.0,-0.0
57911.2265,1.72675e-05,-0.0,0.0,-0.0
58717.6639,1.70304e-05,-0.0,0.0,-0.0
59535.3313,1.67965e-05,-0.0,0.0,-0.0
60364.3851,1.65658e-05,-0.0,0.0,-0.0
61204.9837,1.63383e-05,-0.0,0.0,-0.0
62057.2881,1.61139e-05,-0.0,0.0,-0.0
62921.4611,1.58926e-05,-0.0,0.0,-0.0
63797.6681,1.56743e-05,-0.0,0.0,-0.0
64686.0766,1.5459e-05,-0.0,0.0,-0.0
65586.8566,1.52467e-05,-0.0,0.0,-0.0
66500.1803,1.50373e-05,-0.0,0.0,-0.0
67426.2224,1.48308e-05,-0.0,0.0,-0.0
68365.16,1.46271e-05,-0.0,0.0,-0.0
69317.1728,1.44262e-05,-0.0,0.0,-0.0
70282.4426,1.42281e-05,-0.0,0.0,-0.0
71261.1543,1.40327e-05,-0.0,0.0,-0.0
72253.4949,1.384e-05,-0.0,0.0,-0.0
73259.6543,1.36499e-05,-0.0,0.0,-0.0
74279.8248,1.34624e-05,-0.0,0.0,-0.0
75314.2017,1.32775e-05,-0.0,0.0,-0.0
76362.9826,1.30952e-05,-0.0,0.0,-0.0
77426.3683,1.29153e-05,-0.0,0.0,-0.0
78504.562,1.2738e-05,-0.0,0.0,-0.0
79597.77,1.2563e-05,-0.0,0.0,-0.0
80706.2014,1.23905e-05,-0.0,0.0,-0.0
81830.0682,1.22203e-05,-0.0,0.0,-0.0
82969.5852,1.20525e-05,-0.0,0.0,-0.0
84124.9705,1.18869e-05,-0.0,0.0,-0.0
85296.445,1.17237e-05,-0.0,0.0,-0.0
86484.2328,1.15627e-05,-0.0,0.0,-0.0
87688.5609,1.14039e-05,-0.0,0.0,-0.0
88909.6599,1.12472e-05,-0.0,0.0,-0.0
90147.7631,1.10928e-05,-0.0,0.0,-0.0
91403.1075,1.09404e-05,-0.0,0.0,-0.0
92675.933,1.07902e-05,-0.0,0.0,-0.0
93966.4831,1.0642e-05,-0.0,0.0,-0.0
95275.0047,1.04958e-05,-0.0,0.0,-0.0
96601.748,1.03517e-05,-0.0,0.0,-0.0
97946.9667,1.02095e-05,-0.0,0.0,-0.0
99310.9181,1.00693e-05,-0.0,0.0,-0.0
100693.8631,9.931e-06,-0.0,0.0,-0.0
102096.0662,9.7946e-06,-0.0,0.0,-0.0
103517.7956,9.6601e-06,-0.0,0.0,-0.0
104959.3231,9.5274e-06,-0.0,0.0,-0.0
106420.9244,9.3966e-06,-0.0,0.0,-0.0
107902.8792,9.2675e-06,-0.0,0.0,-0.0
109405.4707,9.1402e-06,-0.0,0.0,-0.0
110928.9865,9.0147e-06,-0.0,0.0,-0.0
112473.7178,8.8909e-06,-0.0,0.0,-0.0
114039.9602,8.7688e-06,-0.0,0.0,-0.0
115628.0131,8.6483e-06,-0.0,0.0,-0.0
117238.1803,8.5296e-06,-0.0,0.0,-0.0
118870.7698,8.4124e-06,-0.0,0.0,-0.0
120526.0937,8.2969e-06,-0.0,0.0,-0.0
122204.4687,8.1829e-06,-0.0,0.0,-0.0
123906.2157,8.0706e-06,-0.0,0.0,-0.0
125631.6602,7.9597e-06,-0.0,0.0,-0.0
127381.1323,7.8504e-06,-0.0,0.0,-0.0
129154.9665,7.7426e-06,-0.0,0.0,-0.0
130953.502,7.6362e-06,-0.0,0.0,-0.0
132777.0829,7.5314e-06,-0.0,0.0,-0.0
134626.0579,7.4279e-06,-0.0,0.0,-0.0
136500.7807,7.3259e-06,-0.0,0.0,-0.0
138401.6097,7.2253e-06,-0.0,0.0,-0.0
140328.9085,7.1261e-06,-0.0,0.0,-0.0
142283.0457,7.0282e-06,-0.0,0.0,-0.0
144264.3951,6.9317e-06,-0.0,0.0,-0.0
146273.3356,6.8365e-06,-0.0,0.0,-0.0
148310.2514,6.7426e-06,-0.0,0.0,-0.0
150375.5321,6.65e-06,-0.0,0.0,-0.0
152469.5727,6.5586e-06,-0.0,0.0,-0.0
154592.7736,6.4686e-06,-0.0,0.0,-0.0
156745.541,6.3797e-06,-0.0,0.0,-0.0
158928.2866,6.2921e-06,-0.0,0.0,-0.0
161141.4277,6.2057e-06,-0.0,0.0,-0.0
163385.3878,6.1205e-06,-0.0,0.0,-0.0
165660.5959,6.0364e-06,-0.0,0.0,-0.0
167967.4872,5.9535e-06,-0.0,0.0,-0.0
170306.5029,5.8717e-06,-0.0,0.0,-0.0
172678.0904,5.7911e-06,-0.0,0.0,-0.0
175082.7032,5.7116e-06,-0.0,0.0,-0.0
177520.8012,5.6331e-06,-0.0,0.0,-0.0
179992.8507,5.5557e-06,-0.0,0.0,-0.0
182499.3245,5.4794e-06,-0.0,0.0,-0.0
185040.702,5.4042e-06,-0.0,0.0,-0.0
187617.4691,5.33e-06,-0.0,0.0,-0.0
190230.1189,5.2568e-06,-0.0,0.0,-0.0
192879.1508,5.1846e-06,-0.0,0.0,-0.0
195565.0716,5.1134e-06,-0.0,0.0,-0.0
198288.3949,5.0431e-06,-0.0,0.0,-0.0
201049.6416,4.9739e-06,-0.0,0.0,-0.0
203849.3398,4.9056e-06,-0.0,0.0,-0.0
206688.025,4.8382e-06,-0.0,0.0,-0.0
209566.2399,4.7717e-06,-0.0,0.0,-0.0
212484.5352,4.7062e-06,-0.0,0.0,-0.0
215443.469,4.6416e-06,-0.0,0.0,-0.0
218443.6071,4.5778e-06,-0.0,0.0,-0.0
221485.5234,4.5149e-06,-0.0,0.0,-0.0
224569.7996,4.4529e-06,-0.0,0.0,-0.0
227697.0255,4.3918e-06,-0.0,0.0,-0.0
230867.7994,4.3315e-06,-0.0,0.0,-0.0
234082.7276,4.272e-06,-0.0,0.0,-0.0
237342.425,4.2133e-06,-0.0,0.0,-0.0
240647.515,4.1554e-06,-0.0,0.0,-0.0
243998.6297,4.0984e-06,-0.0,0.0,-0.0
247396.4101,4.0421e-06,-0.0,0.0,-0.0
250841.5059,3.9866e-06,-0.0,0.0,-0.0
254334.5761,3.9318e-06,-0.0,0.0,-0.0
257876.2888,3.8778e-06,-0.0,0.0,-0.0
261467.3212,3.8246e-06,-0.0,0.0,-0.0
265108.3602,3.772e-06,-0.0,0.0,-0.0
268800.1022,3.7202e-06,-0.0,0.0,-0.0
272543.2531,3.6691e-06,-0.0,0.0,-0.0
276338.529,3.6187e-06,-0.0,0.0,-0.0
280186.6556,3.569e-06,-0.0,0.0,-0.0
284088.369,3.52e-06,-0.0,0.0,-0.0
288044.4153,3.4717e-06,-0.0,0.0,-0.0
292055.5512,3.424e-06,-0.0,0.0,-0.0
296122.5438,3.377e-06,-0.0,0.0,-0.0
300246.1709,3.3306e-06,-0.0,0.0,-0.0
304427.2212,3.2848e-06,-0.0,0.0,-0.0
308666.4943,3.2397e-06,-0.0,0.0,-0.0
312964.8011,3.1952e-06,-0.0,0.0,-0.0
317322.9635,3.1514e-06,-0.0,0.0,-0.0
321741.8151,3.1081e-06,-0.0,0.0,-0.0
326222.201,3.0654e-06,-0.0,0.0,-0.0
330764.9781,3.0233e-06,-0.0,0.0,-0.0
335371.0152,2.9818e-06,-0.0,0.0,-0.0
340041.1933,2.9408e-06,-0.0,0.0,-0.0
344776.4055,2.9004e-06,-0.0,0.0,-0.0
349577.5574,2.8606e-06,-0.0,0.0,-0.0
354445.5674,2.8213e-06,-0.0,0.0,-0.0
359381.3664,2.7826e-06,-0.0,0.0,-0.0
364385.8984,2.7443e-06,-0.0,0.0,-0.0
369460.1205,2.7066e-06,-0.0,0.0,-0.0
374605.0033,2.6695e-06,-0.0,0.0,-0.0
379821.5306,2.6328e-06,-0.0,0.0,-0.0
385110.7002,2.5966e-06,-0.0,0.0,-0.0
390473.5237,2.561e-06,-0.0,0.0,-0.0
395911.0266,2.5258e-06,-0.0,0.0,-0.0
401424.249,2.4911e-06,-0.0,0.0,-0.0
407014.2453,2.4569e-06,-0.0,0.0,-0.0
412682.0846,2.4232e-06,-0.0,0.0,-0.0
418428.8508,2.3899e-06,-0.0,0.0,-0.0
424255.6431,2.3571e-06,-0.0,0.0,-0.0
430163.5758,2.3247e-06,-0.0,0.0,-0.0
436153.7789,2.2928e-06,-0.0,0.0,-0.0
442227.3981,2.2613e-06,-0.0,0.0,-0.0
448385.5948,2.2302e-06,-0.0,0.0,-0.0
454629.547,2.1996e-06,-0.0,0.0,-0.0
460960.4487,2.1694e-06,-0.0,0.0,-0.0
467379.5108,2.1396e-06,-0.0,0.0,-0.0
473887.961,2.1102e-06,-0.0,0.0,-0.0
480487.044,2.0812e-06,-0.0,0.0,-0.0
487178.0219,2.0526e-06,-0.0,0.0,-0.0
493962.1744,2.0244e-06,-0.0,0.0,-0.0
500840.799,1.9966e-06,-0.0,0.0,-0.0
507815.2112,1.9692e-06,-0.0,0.0,-0.0
514886.745,1.9422e-06,-0.0,0.0,-0.0
522056.7528,1.9155e-06,-0.0,0.0,-0.0
529326.6058,1.8892e-06,-0.0,0.0,-0.0
536697.6946,1.8632e-06,-0.0,0.0,-0.0
544171.4287,1.8377e-06,-0.0,0.0,-0.0
551749.2376,1.8124e-06,-0.0,0.0,-0.0
559432.5706,1.7875e-06,-0.0,0.0,-0.0
567222.8972,1.763e-06,-0.0,0.0,-0.0
575121.7072,1.7388e-06,-0.0,0.0,-0.0
583130.5114,1.7149e-06,-0.0,0.0,-0.0
591250.8414,1.6913e-06,-0.0,0.0,-0.0
599484.2503,1.6681e-06,-0.0,0.0,-0.0
607832.3128,1.6452e-06,-0.0,0.0,-0.0
616296.6255,1.6226e-06,-0.0,0.0,-0.0
624878.8072,1.6003e-06,-0.0,0.0,-0.0
633580.4993,1.5783e-06,-0.0,0.0,-0.0
642403.3659,1.5567e-06,-0.0,0.0,-0.0
651349.0946,1.5353e-06,-0.0,0.0,-0.0
660419.3962,1.5142e-06,-0.0,0.0,-0.0
669616.0055,1.4934e-06,-0.0,0.0,-0.0
678940.6813,1.4729e-06,-0.0,0.0,-0.0
688395.207,1.4527e-06,-0.0,0.0,-0.0
697981.3908,1.4327e-06,-0.0,0.0,-0.0
707701.0661,1.413e-06,-0.0,0.0,-0.0
717556.0919,1.3936e-06,-0.0,0.0,-0.0
727548.3529,1.3745e-06,-0.0,0.0,-0.0
737679.7603,1.3556e-06,-0.0,0.0,-0.0
747952.2516,1.337e-06,-0.0,0.0,-0.0
758367.7915,1.3186e-06,-0.0,0.0,-0.0
768928.3721,1.3005e-06,-0.0,0.0,-0.0
779636.013,1.2826e-06,-0.0,0.0,-0.0
790492.7623,1.265e-06,-0.0,0.0,-0.0
801500.6962,1.2477e-06,-0.0,0.0,-0.0
812661.92,1.2305e-06,-0.0,0.0,-0.0
823978.5685,1.2136e-06,-0.0,0.0,-0.0
835452.8058,1.197e-06,-0.0,0.0,-0.0
847086.8267,1.1805e-06,-0.0,0.0,-0.0
858882.856,1.1643e-06,-0.0,0.0,-0.0
870843.1498,1.1483e-06,-0.0,0.0,-0.0
882969.9955,1.1325e-06,-0.0,0.0,-0.0
895265.7126,1.117e-06,-0.0,0.0,-0.0
907732.6525,1.1016e-06,-0.0,0.0,-0.0
920373.1997,1.0865e-06,-0.0,0.0,-0.0
933189.7716,1.0716e-06,-0.0,0.0,-0.0
946184.8195,1.0569e-06,-0.0,0.0,-0.0
959360.8287,1.0424e-06,-0.0,0.0,-0.0
972720.3192,1.028e-06,-0.0,0.0,-0.0
986265.8461,1.0139e-06,-0.0,0.0,-0.0
1000000.0,1e-06,-0.0,0.0,-0.0
