z,x_e_peebles,x_e_saha,g,tau,r_s_Mpc,r_d_Mpc,T_K,H_z_s
0.0,0.00019811,0.0,3.433e-07,0.0,1212.6182,1212.6182,2.73,0.0
2.5,0.00020986,0.0,1.1818e-06,2e-06,1028.6214,1028.6214,9.55,0.0
5.01,0.00021806,0.0,1.6356e-06,5e-06,931.6335,931.6335,16.37,0.0
7.51,0.00022454,0.0,2.0057e-06,1e-05,870.1298,870.1298,23.19,0.0
10.01,0.00023004,0.0,2.3336e-06,1.5e-05,825.1177,825.1177,30.01,0.0
12.51,0.00023489,0.0,2.6341e-06,2.2e-05,789.6439,789.6439,36.83,0.0
15.02,0.00023929,0.0,2.9146e-06,2.9e-05,760.398,760.398,43.65,0.0
17.52,0.00024334,0.0,3.1797e-06,3.6e-05,735.5421,735.5421,50.47,0.0
20.02,0.00024711,0.0,3.4325e-06,4.4e-05,713.9482,713.9482,57.29,0.0
22.52,0.00025066,0.0,3.6751e-06,5.3e-05,694.8742,694.8742,64.11,0.0
25.03,0.00025402,0.0,3.9091e-06,6.3e-05,677.805,677.805,70.93,0.0
27.53,0.00025722,0.0,4.1358e-06,7.3e-05,662.3687,662.3687,77.75,0.0
30.03,0.00026029,0.0,4.3561e-06,8.4e-05,648.288,648.288,84.57,0.0
32.53,0.00026323,0.0,4.5708e-06,9.5e-05,635.3503,635.3503,91.39,0.0
35.04,0.00026607,0.0,4.7807e-06,0.000106,623.3892,623.3892,98.21,0.0
37.54,0.00026882,0.0,4.9863e-06,0.000119,612.2722,612.2722,105.03,0.0
40.04,0.00027149,0.0,5.1879e-06,0.000131,601.8917,601.8917,111.85,0.0
42.54,0.00027408,0.0,5.3861e-06,0.000145,592.1593,592.1593,118.67,0.0
45.05,0.0002766,0.0,5.5812e-06,0.000158,583.0016,583.0016,125.49,0.0
47.55,0.00027906,0.0,5.7734e-06,0.000173,574.3567,574.3567,132.32,0.0
50.05,0.00028146,0.0,5.9631e-06,0.000187,566.1724,566.1724,139.14,0.0
52.55,0.00028381,0.0,6.1505e-06,0.000202,558.4037,558.4037,145.96,0.0
55.06,0.0002861,0.0,6.3357e-06,0.000218,551.012,551.012,152.78,0.0
57.56,0.00028836,0.0,6.5191e-06,0.000234,543.9637,543.9637,159.6,0.0
60.06,0.00029057,0.0,6.7007e-06,0.000251,537.2295,537.2295,166.42,0.0
62.56,0.00029274,0.0,6.8807e-06,0.000268,530.7836,530.7836,173.24,0.0
65.07,0.00029488,0.0,7.0592e-06,0.000285,524.6032,524.6032,180.06,0.0
67.57,0.00029698,0.0,7.2364e-06,0.000303,518.6681,518.6681,186.88,0.0
70.07,0.00029905,0.0,7.4123e-06,0.000321,512.9604,512.9604,193.7,0.0
72.57,0.00030109,0.0,7.5871e-06,0.00034,507.4639,507.4639,200.52,0.0
75.08,0.0003031,0.0,7.7608e-06,0.000359,502.164,502.164,207.34,0.0
77.58,0.00030508,0.0,7.9336e-06,0.000379,497.0479,497.0479,214.16,0.0
80.08,0.00030704,0.0,8.1055e-06,0.000399,492.1035,492.1035,220.98,0.0
82.58,0.00030898,0.0,8.2765e-06,0.00042,487.3202,487.3202,227.8,0.0
85.09,0.00031089,0.0,8.4467e-06,0.00044,482.6883,482.6883,234.62,0.0
87.59,0.00031278,0.0,8.6163e-06,0.000462,478.1988,478.1988,241.44,0.0
90.09,0.00031464,0.0,8.7851e-06,0.000484,473.8435,473.8435,248.26,0.0
92.59,0.00031649,0.0,8.9534e-06,0.000506,469.615,469.615,255.08,0.0
95.1,0.00031832,0.0,9.121e-06,0.000528,465.5065,465.5065,261.91,0.0
97.6,0.00032013,0.0,9.2881e-06,0.000552,461.5114,461.5114,268.73,0.0
100.1,0.00032192,0.0,9.4547e-06,0.000575,457.6241,457.6241,275.55,0.0
102.6,0.0003237,0.0,9.6208e-06,0.000599,453.8391,453.8391,282.37,0.0
105.11,0.00032546,0.0,9.7865e-06,0.000623,450.1514,450.1514,289.19,0.0
107.61,0.00032721,0.0,9.9517e-06,0.000648,446.5563,446.5563,296.01,0.0
110.11,0.00032894,0.0,1.01165e-05,0.000673,443.0494,443.0494,302.83,0.0
112.61,0.00033066,0.0,1.02809e-05,0.000699,439.6268,439.6268,309.65,0.0
115.12,0.00033236,0.0,1.04449e-05,0.000724,436.2847,436.2847,316.47,0.0
117.62,0.00033405,0.0,1.06086e-05,0.000751,433.0196,433.0196,323.29,0.0
120.12,0.00033573,0.0,1.0772e-05,0.000778,429.8281,429.8281,330.11,0.0
122.62,0.00033739,0.0,1.0935e-05,0.000805,426.7071,426.7071,336.93,0.0
125.13,0.00033905,0.0,1.10978e-05,0.000832,423.6539,423.6539,343.75,0.0
127.63,0.00034069,0.0,1.12602e-05,0.00086,420.6656,420.6656,350.57,0.0
130.13,0.00034232,0.0,1.14224e-05,0.000889,417.7396,417.7396,357.39,0.0
132.63,0.00034394,0.0,1.15843e-05,0.000918,414.8737,414.8737,364.21,0.0
135.14,0.00034555,0.0,1.17459e-05,0.000947,412.0655,412.0655,371.03,0.0
137.64,0.00034716,0.0,1.19072e-05,0.000976,409.3128,409.3128,377.85,0.0
140.14,0.00034875,0.0,1.20683e-05,0.001006,406.6136,406.6136,384.67,0.0
142.64,0.00035033,0.0,1.22292e-05,0.001037,403.966,403.966,391.5,0.0
145.15,0.0003519,0.0,1.23899e-05,0.001068,401.3682,401.3682,398.32,0.0
147.65,0.00035347,0.0,1.25503e-05,0.001099,398.8185,398.8185,405.14,0.0
150.15,0.00035502,0.0,1.27105e-05,0.001131,396.3152,396.3152,411.96,0.0
152.65,0.00035658,0.0,1.28708e-05,0.001163,393.8567,393.8567,418.78,0.0
155.16,0.00035815,0.0,1.30316e-05,0.001195,391.4417,391.4417,425.6,0.0
157.66,0.00035973,0.0,1.31929e-05,0.001228,389.0686,389.0686,432.42,0.0
160.16,0.00036131,0.0,1.33546e-05,0.001261,386.7362,386.7362,439.24,0.0
162.66,0.00036291,0.0,1.35168e-05,0.001295,384.4432,384.4432,446.06,0.0
165.17,0.00036452,0.0,1.36794e-05,0.001329,382.1883,382.1883,452.88,0.0
167.67,0.00036613,0.0,1.38426e-05,0.001363,379.9705,379.9705,459.7,0.0
170.17,0.00036776,0.0,1.40063e-05,0.001398,377.7885,377.7885,466.52,0.0
172.67,0.0003694,0.0,1.41705e-05,0.001434,375.6414,375.6414,473.34,0.0
175.18,0.00037104,0.0,1.43353e-05,0.001469,373.5281,373.5281,480.16,0.0
177.68,0.0003727,0.0,1.45006e-05,0.001506,371.4477,371.4477,486.98,0.0
180.18,0.00037437,0.0,1.46666e-05,0.001542,369.3992,369.3992,493.8,0.0
182.68,0.00037605,0.0,1.48331e-05,0.001579,367.3817,367.3817,500.62,0.0
185.19,0.00037774,0.0,1.50002e-05,0.001616,365.3945,365.3945,507.44,0.0
187.69,0.00037944,0.0,1.5168e-05,0.001654,363.4366,363.4366,514.26,0.0
190.19,0.00038115,0.0,1.53364e-05,0.001692,361.5073,361.5073,521.09,0.0
192.69,0.00038288,0.0,1.55055e-05,0.001731,359.6059,359.6059,527.91,0.0
195.2,0.00038461,0.0,1.56752e-05,0.00177,357.7316,357.7316,534.73,0.0
197.7,0.00038636,0.0,1.58457e-05,0.00181,355.8837,355.8837,541.55,0.0
200.2,0.00038812,0.0,1.60168e-05,0.00185,354.0616,354.0616,548.37,0.0
202.7,0.00038989,0.0,1.61887e-05,0.00189,352.2646,352.2646,555.19,0.0
205.21,0.00039167,0.0,1.63612e-05,0.001931,350.492,350.492,562.01,0.0
207.71,0.00039347,0.0,1.65346e-05,0.001972,348.7434,348.7434,568.83,0.0
210.21,0.00039527,0.0,1.67087e-05,0.002014,347.0181,347.0181,575.65,0.0
212.71,0.0003971,0.0,1.68836e-05,0.002056,345.3155,345.3155,582.47,0.0
215.22,0.00039893,0.0,1.70593e-05,0.002098,343.6352,343.6352,589.29,0.0
217.72,0.00040077,0.0,1.72358e-05,0.002141,341.9766,341.9766,596.11,0.0
220.22,0.00040263,0.0,1.74131e-05,0.002185,340.3392,340.3392,602.93,0.0
222.72,0.00040451,0.0,1.75913e-05,0.002229,338.7225,338.7225,609.75,0.0
225.23,0.00040639,0.0,1.77703e-05,0.002273,337.1261,337.1261,616.57,0.0
227.73,0.00040829,0.0,1.79502e-05,0.002318,335.5494,335.5494,623.39,0.0
230.23,0.00041021,0.0,1.8131e-05,0.002363,333.9922,333.9922,630.21,0.0
232.73,0.00041213,0.0,1.83128e-05,0.002409,332.4539,332.4539,637.03,0.0
235.24,0.00041408,0.0,1.84954e-05,0.002455,330.9342,330.9342,643.85,0.0
237.74,0.00041603,0.0,1.8679e-05,0.002502,329.4326,329.4326,650.67,0.0
240.24,0.000418,0.0,1.88635e-05,0.002549,327.9488,327.9488,657.5,0.0
242.74,0.00041999,0.0,1.90491e-05,0.002596,326.4824,326.4824,664.32,0.0
245.25,0.00042199,0.0,1.92356e-05,0.002644,325.033,325.033,671.14,0.0
247.75,0.000424,0.0,1.94231e-05,0.002693,323.6003,323.6003,677.96,0.0
250.25,0.00042603,0.0,1.96117e-05,0.002742,322.184,322.184,684.78,0.0
252.75,0.00042808,0.0,1.98013e-05,0.002791,320.7836,320.7836,691.6,0.0
255.26,0.00043014,0.0,1.9992e-05,0.002841,319.399,319.399,698.42,0.0
257.76,0.00043222,0.0,2.01837e-05,0.002892,318.0298,318.0298,705.24,0.0
260.26,0.00043431,0.0,2.03766e-05,0.002943,316.6757,316.6757,712.06,0.0
262.76,0.00043642,0.0,2.05706e-05,0.002994,315.3364,315.3364,718.88,0.0
265.27,0.00043855,0.0,2.07657e-05,0.003046,314.0116,314.0116,725.7,0.0
267.77,0.00044069,0.0,2.0962e-05,0.003098,312.701,312.701,732.52,0.0
270.27,0.00044285,0.0,2.11595e-05,0.003151,311.4044,311.4044,739.34,0.0
272.77,0.00044503,0.0,2.13581e-05,0.003204,310.1216,310.1216,746.16,0.0
275.28,0.00044723,0.0,2.1558e-05,0.003258,308.8522,308.8522,752.98,0.0
277.78,0.00044944,0.0,2.17591e-05,0.003313,307.596,307.596,759.8,0.0
280.28,0.00045167,0.0,2.19615e-05,0.003368,306.3528,306.3528,766.62,0.0
282.78,0.00045392,0.0,2.21652e-05,0.003423,305.1224,305.1224,773.44,0.0
285.29,0.00045618,0.0,2.23701e-05,0.003479,303.9045,303.9045,780.26,0.0
287.79,0.00045847,0.0,2.25764e-05,0.003535,302.6988,302.6988,787.09,0.0
290.29,0.00046077,0.0,2.2784e-05,0.003592,301.5053,301.5053,793.91,0.0
292.79,0.0004631,0.0,2.2993e-05,0.00365,300.3236,300.3236,800.73,0.0
295.3,0.00046544,0.0,2.32033e-05,0.003708,299.1536,299.1536,807.55,0.0
297.8,0.0004678,0.0,2.34151e-05,0.003766,297.9951,297.9951,814.37,0.0
300.3,0.00047019,0.0,2.36283e-05,0.003825,296.8478,296.8478,821.19,0.0
302.8,0.00047259,0.0,2.38429e-05,0.003885,295.7116,295.7116,828.01,0.0
305.31,0.00047501,0.0,2.40591e-05,0.003945,294.5864,294.5864,834.83,0.0
307.81,0.00047745,0.0,2.42767e-05,0.004006,293.4718,293.4718,841.65,0.0
310.31,0.00047992,0.0,2.44958e-05,0.004067,292.3678,292.3678,848.47,0.0
312.81,0.0004824,0.0,2.47165e-05,0.004129,291.2741,291.2741,855.29,0.0
315.32,0.00048491,0.0,2.49388e-05,0.004191,290.1907,290.1907,862.11,0.0
317.82,0.00048744,0.0,2.51627e-05,0.004254,289.1173,289.1173,868.93,0.0
320.32,0.00048999,0.0,2.53881e-05,0.004318,288.0537,288.0537,875.75,0.0
322.82,0.00049257,0.0,2.56153e-05,0.004382,286.9999,286.9999,882.57,0.0
325.33,0.00049516,0.0,2.58441e-05,0.004447,285.9557,285.9557,889.39,0.0
327.83,0.00049778,0.0,2.60746e-05,0.004512,284.9209,284.9209,896.21,0.0
330.33,0.00050042,0.0,2.63068e-05,0.004578,283.8953,283.8953,903.03,0.0
332.83,0.00050309,0.0,2.65408e-05,0.004644,282.8789,282.8789,909.85,0.0
335.34,0.00050578,0.0,2.67766e-05,0.004711,281.8715,281.8715,916.68,0.0
337.84,0.0005085,0.0,2.70142e-05,0.004779,280.8729,280.8729,923.5,0.0
340.34,0.00051124,0.0,2.72536e-05,0.004847,279.8831,279.8831,930.32,0.0
342.84,0.000514,0.0,2.74949e-05,0.004916,278.9019,278.9019,937.14,0.0
345.35,0.00051679,0.0,2.77381e-05,0.004985,277.9291,277.9291,943.96,0.0
347.85,0.00051961,0.0,2.79832e-05,0.005055,276.9646,276.9646,950.78,0.0
350.35,0.00052245,0.0,2.82303e-05,0.005126,276.0084,276.0084,957.6,0.0
352.85,0.00052532,0.0,2.84793e-05,0.005197,275.0603,275.0603,964.42,0.0
355.36,0.00052822,0.0,2.87304e-05,0.005269,274.1201,274.1201,971.24,0.0
357.86,0.00053114,0.0,2.89836e-05,0.005342,273.1879,273.1879,978.06,0.0
360.36,0.0005341,0.0,2.92388e-05,0.005415,272.2633,272.2633,984.88,0.0
362.86,0.00053708,0.0,2.94962e-05,0.005489,271.3465,271.3465,991.7,0.0
365.37,0.00054008,0.0,2.97557e-05,0.005564,270.4371,270.4371,998.52,0.0
367.87,0.00054312,0.0,3.00174e-05,0.005639,269.5352,269.5352,1005.34,0.0
370.37,0.00054619,0.0,3.02813e-05,0.005715,268.6406,268.6406,1012.16,0.0
372.87,0.00054929,0.0,3.05475e-05,0.005791,267.7533,267.7533,1018.98,0.0
375.38,0.00055241,0.0,3.0816e-05,0.005869,266.873,266.873,1025.8,0.0
377.88,0.00055557,0.0,3.10869e-05,0.005947,265.9998,265.9998,1032.62,0.0
380.38,0.00055876,0.0,3.13601e-05,0.006025,265.1336,265.1336,1039.44,0.0
382.88,0.00056199,0.0,3.16357e-05,0.006104,264.2742,264.2742,1046.27,0.0
385.39,0.00056524,0.0,3.19138e-05,0.006184,263.4215,263.4215,1053.09,0.0
387.89,0.00056853,0.0,3.21944e-05,0.006265,262.5755,262.5755,1059.91,0.0
390.39,0.00057185,0.0,3.24775e-05,0.006347,261.736,261.736,1066.73,0.0
392.89,0.0005752,0.0,3.27632e-05,0.006429,260.9031,260.9031,1073.55,0.0
395.4,0.00057859,0.0,3.30515e-05,0.006512,260.0765,260.0765,1080.37,0.0
397.9,0.00058202,0.0,3.33425e-05,0.006595,259.2563,259.2563,1087.19,0.0
400.4,0.00058548,0.0,3.36362e-05,0.00668,258.4423,258.4423,1094.01,0.0
402.9,0.00058897,0.0,3.39327e-05,0.006765,257.6345,257.6345,1100.83,0.0
405.41,0.0005925,0.0,3.42319e-05,0.006851,256.8327,256.8327,1107.65,0.0
407.91,0.00059607,0.0,3.4534e-05,0.006937,256.0369,256.0369,1114.47,0.0
410.41,0.00059968,0.0,3.4839e-05,0.007025,255.2471,255.2471,1121.29,0.0
412.91,0.00060333,0.0,3.5147e-05,0.007113,254.4631,254.4631,1128.11,0.0
415.42,0.00060701,0.0,3.54579e-05,0.007202,253.6849,253.6849,1134.93,0.0
417.92,0.00061074,0.0,3.57719e-05,0.007292,252.9124,252.9124,1141.75,0.0
420.42,0.0006145,0.0,3.6089e-05,0.007382,252.1455,252.1455,1148.57,0.0
422.92,0.00061831,0.0,3.64093e-05,0.007474,251.3842,251.3842,1155.39,0.0
425.43,0.00062216,0.0,3.67327e-05,0.007566,250.6284,250.6284,1162.21,0.0
427.93,0.00062605,0.0,3.70595e-05,0.007659,249.878,249.878,1169.03,0.0
430.43,0.00062999,0.0,3.73895e-05,0.007753,249.133,249.133,1175.86,0.0
432.93,0.00063396,0.0,3.7723e-05,0.007847,248.3932,248.3932,1182.68,0.0
435.44,0.00063799,0.0,3.80599e-05,0.007943,247.6588,247.6588,1189.5,0.0
437.94,0.00064206,0.0,3.84003e-05,0.008039,246.9294,246.9294,1196.32,0.0
440.44,0.00064617,0.0,3.87442e-05,0.008137,246.2053,246.2053,1203.14,0.0
442.94,0.00065034,0.0,3.90918e-05,0.008235,245.4861,245.4861,1209.96,0.0
445.45,0.00065455,0.0,3.94431e-05,0.008334,244.772,244.772,1216.78,0.0
447.95,0.00065881,0.0,3.97981e-05,0.008434,244.0628,244.0628,1223.6,0.0
450.45,0.00066312,0.0,4.0157e-05,0.008535,243.3584,243.3584,1230.42,0.0
452.95,0.00066748,0.0,4.05198e-05,0.008637,242.6589,242.6589,1237.24,0.0
455.46,0.00067189,0.0,4.08866e-05,0.008739,241.9642,241.9642,1244.06,0.0
457.96,0.00067635,0.0,4.12574e-05,0.008843,241.2741,241.2741,1250.88,0.0
460.46,0.00068087,0.0,4.16323e-05,0.008948,240.5888,240.5888,1257.7,0.0
462.96,0.00068544,0.0,4.20114e-05,0.009053,239.908,239.908,1264.52,0.0
465.47,0.00069007,0.0,4.23949e-05,0.00916,239.2318,239.2318,1271.34,0.0
467.97,0.00069475,0.0,4.27826e-05,0.009268,238.5601,238.5601,1278.16,0.0
470.47,0.00069949,0.0,4.31748e-05,0.009376,237.8928,237.8928,1284.98,0.0
472.97,0.00070429,0.0,4.35716e-05,0.009486,237.23,237.23,1291.8,0.0
475.48,0.00070915,0.0,4.39729e-05,0.009596,236.5715,236.5715,1298.62,0.0
477.98,0.00071407,0.0,4.4379e-05,0.009708,235.9173,235.9173,1305.44,0.0
480.48,0.00071905,0.0,4.47898e-05,0.009821,235.2674,235.2674,1312.27,0.0
482.98,0.0007241,0.0,4.52056e-05,0.009934,234.6217,234.6217,1319.09,0.0
485.49,0.00072921,0.0,4.56263e-05,0.010049,233.9801,233.9801,1325.91,0.0
487.99,0.00073439,0.0,4.60521e-05,0.010165,233.3427,233.3427,1332.73,0.0
490.49,0.00073963,0.0,4.64831e-05,0.010282,232.7094,232.7094,1339.55,0.0
492.99,0.00074494,0.0,4.69194e-05,0.0104,232.0801,232.0801,1346.37,0.0
495.5,0.00075032,0.0,4.7361e-05,0.010519,231.4548,231.4548,1353.19,0.0
498.0,0.00075577,0.0,4.78082e-05,0.01064,230.8334,230.8334,1360.01,0.0
500.5,0.0007613,0.0,4.8261e-05,0.010761,230.216,230.216,1366.83,0.0
503.0,0.00076689,0.0,4.87195e-05,0.010884,229.6024,229.6024,1373.65,0.0
505.51,0.00077257,0.0,4.91838e-05,0.011008,228.9926,228.9926,1380.47,0.0
508.01,0.00077832,0.0,4.96541e-05,0.011133,228.3867,228.3867,1387.29,0.0
510.51,0.00078415,0.0,5.01305e-05,0.011259,227.7845,227.7845,1394.11,0.0
513.01,0.00079006,0.0,5.06131e-05,0.011386,227.186,227.186,1400.93,0.0
515.52,0.00079605,0.0,5.11021e-05,0.011515,226.5911,226.5911,1407.75,0.0
518.02,0.00080212,0.0,5.15976e-05,0.011645,225.9999,225.9999,1414.57,0.0
520.52,0.00080828,0.0,5.20996e-05,0.011776,225.4123,225.4123,1421.39,0.0
523.02,0.00081453,0.0,5.26085e-05,0.011909,224.8283,224.8283,1428.21,0.0
525.53,0.00082087,0.0,5.31242e-05,0.012043,224.2478,224.2478,1435.03,0.0
528.03,0.0008273,0.0,5.3647e-05,0.012178,223.6708,223.6708,1441.86,0.0
530.53,0.00083382,0.0,5.41771e-05,0.012315,223.0972,223.0972,1448.68,0.0
533.03,0.00084043,0.0,5.47145e-05,0.012453,222.5271,222.5271,1455.5,0.0
535.54,0.00084715,0.0,5.52594e-05,0.012592,221.9604,221.9604,1462.32,0.0
538.04,0.00085396,0.0,5.58121e-05,0.012733,221.397,221.397,1469.14,0.0
540.54,0.00086088,0.0,5.63726e-05,0.012875,220.8369,220.8369,1475.96,0.0
543.04,0.00086789,0.0,5.69412e-05,0.013019,220.2801,220.2801,1482.78,0.0
545.55,0.00087502,0.0,5.75181e-05,0.013164,219.7266,219.7266,1489.6,0.0
548.05,0.00088225,0.0,5.81034e-05,0.01331,219.1763,219.1763,1496.42,0.0
550.55,0.0008896,0.0,5.86973e-05,0.013458,218.6292,218.6292,1503.24,0.0
553.05,0.00089706,0.0,5.93e-05,0.013608,218.0852,218.0852,1510.06,0.0
555.56,0.00090464,0.0,5.99118e-05,0.013759,217.5444,217.5444,1516.88,0.0
558.06,0.00091233,0.0,6.05329e-05,0.013912,217.0067,217.0067,1523.7,0.0
560.56,0.00092015,0.0,6.11634e-05,0.014066,216.4721,216.4721,1530.52,0.0
563.06,0.00092809,0.0,6.18037e-05,0.014222,215.9405,215.9405,1537.34,0.0
565.57,0.00093616,0.0,6.24539e-05,0.01438,215.412,215.412,1544.16,0.0
568.07,0.00094437,0.0,6.31143e-05,0.01454,214.8864,214.8864,1550.98,0.0
570.57,0.0009527,0.0,6.37851e-05,0.014701,214.3638,214.3638,1557.8,0.0
573.07,0.00096118,0.0,6.44666e-05,0.014864,213.8441,213.8441,1564.62,0.0
575.58,0.0009698,0.0,6.51591e-05,0.015028,213.3273,213.3273,1571.45,0.0
578.08,0.00097856,0.0,6.58628e-05,0.015195,212.8134,212.8134,1578.27,0.0
580.58,0.00098747,0.0,6.6578e-05,0.015363,212.3024,212.3024,1585.09,0.0
583.08,0.00099653,0.0,6.73051e-05,0.015533,211.7941,211.7941,1591.91,0.0
585.59,0.00100575,0.0,6.80443e-05,0.015705,211.2887,211.2887,1598.73,0.0
588.09,0.00101513,0.0,6.8796e-05,0.015879,210.7861,210.7861,1605.55,0.0
590.59,0.00102468,0.0,6.95604e-05,0.016055,210.2862,210.2862,1612.37,0.0
593.09,0.0010344,0.0,7.03379e-05,0.016233,209.789,209.789,1619.19,0.0
595.6,0.00104428,0.0,7.11289e-05,0.016413,209.2945,209.2945,1626.01,0.0
598.1,0.00105435,0.0,7.19338e-05,0.016595,208.8028,208.8028,1632.83,0.0
600.6,0.0010646,0.0,7.27528e-05,0.016779,208.3136,208.3136,1639.65,0.0
603.1,0.00107504,0.0,7.35864e-05,0.016965,207.8271,207.8271,1646.47,0.0
605.61,0.00108568,0.0,7.4435e-05,0.017153,207.3432,207.3432,1653.29,0.0
608.11,0.00109651,0.0,7.5299e-05,0.017344,206.8619,206.8619,1660.11,0.0
610.61,0.00110755,0.0,7.61788e-05,0.017537,206.3831,206.3831,1666.93,0.0
613.11,0.00111879,0.0,7.7075e-05,0.017732,205.9069,205.9069,1673.75,0.0
615.62,0.00113026,0.0,7.79879e-05,0.01793,205.4332,205.4332,1680.57,0.0
618.12,0.00114194,0.0,7.8918e-05,0.01813,204.962,204.962,1687.39,0.0
620.62,0.00115386,0.0,7.98658e-05,0.018332,204.4933,204.4933,1694.21,0.0
623.12,0.00116601,0.0,8.0832e-05,0.018537,204.027,204.027,1701.04,0.0
625.63,0.00117841,0.0,8.18169e-05,0.018744,203.5631,203.5631,1707.86,0.0
628.13,0.00119106,0.0,8.28211e-05,0.018954,203.1017,203.1017,1714.68,0.0
630.63,0.00120396,0.0,8.38453e-05,0.019166,202.6426,202.6426,1721.5,0.0
633.13,0.00121713,0.0,8.48901e-05,0.019382,202.186,202.186,1728.32,0.0
635.64,0.00123057,0.0,8.5956e-05,0.0196,201.7316,201.7316,1735.14,0.0
638.14,0.0012443,0.0,8.70437e-05,0.01982,201.2796,201.2796,1741.96,0.0
640.64,0.00125832,0.0,8.81539e-05,0.020044,200.8299,200.8299,1748.78,0.0
643.14,0.00127263,0.0,8.92873e-05,0.020271,200.3825,200.3825,1755.6,0.0
645.65,0.00128726,0.0,9.04447e-05,0.0205,199.9374,199.9374,1762.42,0.0
648.15,0.00130221,0.0,9.16268e-05,0.020733,199.4945,199.4945,1769.24,0.0
650.65,0.00131749,0.0,9.28343e-05,0.020968,199.0538,199.0538,1776.06,0.0
653.15,0.00133311,0.0,9.40682e-05,0.021207,198.6154,198.6154,1782.88,0.0
655.66,0.00134908,0.0,9.53293e-05,0.021449,198.1791,198.1791,1789.7,0.0
658.16,0.00136542,0.0,9.66185e-05,0.021695,197.7451,197.7451,1796.52,0.0
660.66,0.00138213,0.0,9.79367e-05,0.021944,197.3132,197.3132,1803.34,0.0
663.16,0.00139923,0.0,9.92849e-05,0.022196,196.8834,196.8834,1810.16,0.0
665.67,0.00141673,0.0,0.0001006641,0.022452,196.4558,196.4558,1816.98,0.0
668.17,0.00143465,0.0,0.0001020753,0.022711,196.0302,196.0302,1823.8,0.0
670.67,0.001453,0.0,0.0001035198,0.022974,195.6068,195.6068,1830.62,0.0
673.17,0.0014718,0.0,0.0001049986,0.023241,195.1855,195.1855,1837.45,0.0
675.68,0.00149105,0.0,0.0001065129,0.023512,194.7661,194.7661,1844.27,0.0
678.18,0.00151079,0.0,0.000108064,0.023787,194.3489,194.3489,1851.09,0.0
680.68,0.00153102,0.0,0.0001096532,0.024066,193.9337,193.9337,1857.91,0.0
683.18,0.00155176,0.0,0.0001112819,0.024349,193.5204,193.5204,1864.73,0.0
685.69,0.00157303,0.0,0.0001129515,0.024637,193.1092,193.1092,1871.55,0.0
688.19,0.00159485,0.0,0.0001146634,0.024929,192.7,192.7,1878.37,0.0
690.69,0.00161725,0.0,0.0001164194,0.025225,192.2927,192.2927,1885.19,0.0
693.19,0.00164023,0.0,0.0001182209,0.025527,191.8873,191.8873,1892.01,0.0
695.7,0.00166383,0.0,0.0001200697,0.025832,191.4839,191.4839,1898.83,0.0
698.2,0.00168807,0.0,0.0001219675,0.026143,191.0824,191.0824,1905.65,0.0
700.7,0.00171297,0.0,0.0001239163,0.026459,190.6828,190.6828,1912.47,0.0
703.2,0.00173856,0.0,0.000125918,0.02678,190.2851,190.2851,1919.29,0.0
705.71,0.00176487,0.0,0.0001279745,0.027107,189.8893,189.8893,1926.11,0.0
708.21,0.00179191,0.0,0.0001300882,0.027438,189.4953,189.4953,1932.93,0.0
710.71,0.00181973,0.0,0.000132261,0.027776,189.1032,189.1032,1939.75,0.0
713.21,0.00184835,0.0,0.0001344955,0.028119,188.7129,188.7129,1946.57,0.0
715.72,0.0018778,0.0,0.000136794,0.028468,188.3244,188.3244,1953.39,0.0
718.22,0.00190812,1e-08,0.0001391592,0.028824,187.9377,187.9377,1960.21,0.0
720.72,0.00193935,1e-08,0.0001415935,0.029185,187.5528,187.5528,1967.04,0.0
723.22,0.00197151,1e-08,0.0001441,0.029553,187.1697,187.1697,1973.86,0.0
725.73,0.00200465,1e-08,0.0001466814,0.029928,186.7884,186.7884,1980.68,0.0
728.23,0.0020388,1e-08,0.0001493408,0.03031,186.4087,186.4087,1987.5,0.0
730.73,0.00207402,1e-08,0.0001520816,0.030699,186.0309,186.0309,1994.32,0.0
733.23,0.00211034,1e-08,0.0001549069,0.031095,185.6547,185.6547,2001.14,0.0
735.74,0.00214781,1e-08,0.0001578204,0.031499,185.2803,185.2803,2007.96,0.0
738.24,0.00218648,2e-08,0.0001608256,0.03191,184.9075,184.9075,2014.78,0.0
740.74,0.00222639,2e-08,0.0001639265,0.03233,184.5365,184.5365,2021.6,0.0
743.24,0.00226761,2e-08,0.0001671271,0.032758,184.1671,184.1671,2028.42,0.0
745.75,0.00231019,2e-08,0.0001704316,0.033194,183.7994,183.7994,2035.24,0.0
748.25,0.00235418,3e-08,0.0001738445,0.03364,183.4333,183.4333,2042.06,0.0
750.75,0.00239965,3e-08,0.0001773702,0.034094,183.0689,183.0689,2048.88,0.0
753.25,0.00244666,3e-08,0.0001810137,0.034558,182.7061,182.7061,2055.7,0.0
755.76,0.00249528,4e-08,0.00018478,0.035032,182.3449,182.3449,2062.52,0.0
758.26,0.00254557,4e-08,0.0001886745,0.035516,181.9853,181.9853,2069.34,0.0
760.76,0.00259761,5e-08,0.0001927025,0.036011,181.6273,181.6273,2076.16,0.0
763.26,0.00265149,6e-08,0.00019687,0.036516,181.2708,181.2708,2082.98,0.0
765.77,0.00270726,6e-08,0.0002011829,0.037033,180.916,180.916,2089.8,0.0
768.27,0.00276503,7e-08,0.0002056476,0.037561,180.5626,180.5626,2096.63,0.0
770.77,0.00282488,8e-08,0.0002102706,0.038102,180.2109,180.2109,2103.45,0.0
773.27,0.00288689,9e-08,0.0002150589,0.038655,179.8607,179.8607,2110.27,0.0
775.78,0.00295117,1e-07,0.0002200195,0.039221,179.5119,179.5119,2117.09,0.0
778.28,0.00301782,1.2e-07,0.0002251601,0.0398,179.1647,179.1647,2123.91,0.0
780.78,0.00308693,1.3e-07,0.0002304883,0.040394,178.819,178.819,2130.73,0.0
783.28,0.00315863,1.5e-07,0.0002360125,0.041002,178.4748,178.4748,2137.55,0.0
785.79,0.00323302,1.7e-07,0.000241741,0.041625,178.1321,178.1321,2144.37,0.0
788.29,0.00331021,1.9e-07,0.0002476826,0.042264,177.7909,177.7909,2151.19,0.0
790.79,0.00339035,2.1e-07,0.0002538467,0.042918,177.4511,177.4511,2158.01,0.0
793.29,0.00347355,2.3e-07,0.0002602427,0.04359,177.1127,177.1127,2164.83,0.0
795.8,0.00355994,2.6e-07,0.0002668807,0.044279,176.7758,176.7758,2171.65,0.0
798.3,0.00364968,2.9e-07,0.0002737709,0.044987,176.4403,176.4403,2178.47,0.0
800.8,0.0037429,3.3e-07,0.000280924,0.045713,176.1063,176.1063,2185.29,0.0
803.3,0.00383976,3.6e-07,0.0002883514,0.046459,175.7736,175.7736,2192.11,0.0
805.81,0.00394041,4e-07,0.0002960644,0.047225,175.4424,175.4424,2198.93,0.0
808.31,0.00404502,4.5e-07,0.000304075,0.048013,175.1125,175.1125,2205.75,0.0
810.81,0.00415376,5e-07,0.0003123957,0.048822,174.7841,174.7841,2212.57,0.0
813.31,0.00426681,5.6e-07,0.0003210392,0.049655,174.457,174.457,2219.39,0.0
815.82,0.00438435,6.2e-07,0.0003300188,0.050511,174.1312,174.1312,2226.22,0.0
818.32,0.00450657,6.9e-07,0.0003393482,0.051393,173.8069,173.8069,2233.04,0.0
820.82,0.00463366,7.7e-07,0.0003490414,0.0523,173.4838,173.4838,2239.86,0.0
823.32,0.00476584,8.5e-07,0.0003591131,0.053234,173.1621,173.1621,2246.68,0.0
825.83,0.00490331,9.5e-07,0.0003695782,0.054196,172.8417,172.8417,2253.5,0.0
828.33,0.0050463,1.05e-06,0.0003804522,0.055187,172.5227,172.5227,2260.32,0.0
830.83,0.00519502,1.17e-06,0.0003917508,0.056209,172.2049,172.2049,2267.14,0.0
833.33,0.00534972,1.29e-06,0.0004034903,0.057262,171.8885,171.8885,2273.96,0.0
835.84,0.00551063,1.43e-06,0.0004156875,0.058348,171.5733,171.5733,2280.78,0.0
838.34,0.00567801,1.58e-06,0.0004283593,0.059468,171.2595,171.2595,2287.6,0.0
840.84,0.00585211,1.75e-06,0.0004415233,0.060624,170.9469,170.9469,2294.42,0.0
843.34,0.0060332,1.93e-06,0.0004551974,0.061817,170.6355,170.6355,2301.24,0.0
845.85,0.00622155,2.13e-06,0.0004693997,0.063048,170.3255,170.3255,2308.06,0.0
848.35,0.00641743,2.35e-06,0.0004841489,0.06432,170.0166,170.0166,2314.88,0.0
850.85,0.00662115,2.59e-06,0.0004994639,0.065633,169.7091,169.7091,2321.7,0.0
853.35,0.00683299,2.86e-06,0.0005153639,0.06699,169.4027,169.4027,2328.52,0.0
855.86,0.00705327,3.15e-06,0.0005318684,0.068392,169.0976,169.0976,2335.34,0.0
858.36,0.00728229,3.47e-06,0.0005489973,0.069842,168.7937,168.7937,2342.16,0.0
860.86,0.00752038,3.82e-06,0.0005667706,0.07134,168.491,168.491,2348.98,0.0
863.36,0.00776786,4.2e-06,0.0005852086,0.072889,168.1895,168.1895,2355.81,0.0
865.87,0.00802508,4.61e-06,0.0006043317,0.074491,167.8892,167.8892,2362.63,0.0
868.37,0.00829239,5.07e-06,0.0006241604,0.076149,167.5901,167.5901,2369.45,0.0
870.87,0.00857013,5.57e-06,0.0006447155,0.077864,167.2922,167.2922,2376.27,0.0
873.37,0.00885867,6.11e-06,0.0006660177,0.079638,166.9954,166.9954,2383.09,0.0
875.88,0.00915839,6.7e-06,0.0006880878,0.081475,166.6998,166.6998,2389.91,0.0
878.38,0.00946966,7.34e-06,0.0007109465,0.083375,166.4054,166.4054,2396.73,0.0
880.88,0.00979286,8.05e-06,0.0007346146,0.085343,166.1121,166.1121,2403.55,0.0
883.38,0.01012841,8.81e-06,0.0007591124,0.087381,165.82,165.82,2410.37,0.0
885.89,0.0104767,9.64e-06,0.0007844606,0.089491,165.529,165.529,2417.19,0.0
888.39,0.01083814,1.055e-05,0.0008106791,0.091676,165.2391,165.2391,2424.01,0.0
890.89,0.01121315,1.153e-05,0.0008377878,0.09394,164.9504,164.9504,2430.83,0.0
893.39,0.01160218,1.26e-05,0.0008658062,0.096284,164.6627,164.6627,2437.65,0.0
895.9,0.01200564,1.377e-05,0.0008947533,0.098713,164.3762,164.3762,2444.47,0.0
898.4,0.01242399,1.503e-05,0.0009246476,0.101229,164.0907,164.0907,2451.29,0.0
900.9,0.01285768,1.64e-05,0.0009555071,0.103835,163.8064,163.8064,2458.11,0.0
903.4,0.01330718,1.789e-05,0.0009873491,0.106536,163.5232,163.5232,2464.93,0.0
905.91,0.01377294,1.95e-05,0.0010201899,0.109334,163.241,163.241,2471.75,0.0
908.41,0.01425546,2.125e-05,0.0010540455,0.112234,162.9599,162.9599,2478.57,0.0
910.91,0.0147552,2.314e-05,0.0010889304,0.115238,162.6799,162.6799,2485.39,0.0
913.41,0.01527267,2.519e-05,0.0011248584,0.118351,162.4009,162.4009,2492.22,0.0
915.92,0.01580837,2.741e-05,0.0011618421,0.121577,162.123,162.123,2499.04,0.0
918.42,0.0163628,2.981e-05,0.001199893,0.12492,161.8461,161.8461,2505.86,0.0
920.92,0.01693647,3.241e-05,0.0012390209,0.128384,161.5703,161.5703,2512.68,0.0
923.42,0.01752991,3.521e-05,0.0012792346,0.131973,161.2955,161.2955,2519.5,0.0
925.93,0.01814364,3.824e-05,0.001320541,0.135692,161.0217,161.0217,2526.32,0.0
928.43,0.01877821,4.151e-05,0.0013629456,0.139545,160.749,160.749,2533.14,0.0
930.93,0.01943415,4.505e-05,0.0014064519,0.143538,160.4773,160.4773,2539.96,0.0
933.43,0.02011201,4.886e-05,0.0014510615,0.147674,160.2066,160.2066,2546.78,0.0
935.94,0.02081234,5.297e-05,0.001496774,0.151958,159.9369,159.9369,2553.6,0.0
938.44,0.02153571,5.74e-05,0.0015435869,0.156397,159.6681,159.6681,2560.42,0.0
940.94,0.02228269,6.218e-05,0.0015914954,0.160995,159.4004,159.4004,2567.24,0.0
943.44,0.02305384,6.732e-05,0.0016404921,0.165757,159.1337,159.1337,2574.06,0.0
945.95,0.02384974,7.286e-05,0.0016905671,0.170688,158.868,158.868,2580.88,0.0
948.45,0.02467098,7.882e-05,0.001741708,0.175795,158.6032,158.6032,2587.7,0.0
950.95,0.02551815,8.523e-05,0.0017938992,0.181084,158.3394,158.3394,2594.52,0.0
953.45,0.02639183,9.213e-05,0.0018471225,0.186559,158.0765,158.0765,2601.34,0.0
955.96,0.02729263,9.954e-05,0.0019013563,0.192228,157.8147,157.8147,2608.16,0.0
958.46,0.02822115,0.00010751,0.001956576,0.198096,157.5537,157.5537,2614.98,0.0
960.96,0.029178,0.00011606,0.0020127536,0.204169,157.2937,157.2937,2621.81,0.0
963.46,0.03016377,0.00012525,0.0020698574,0.210455,157.0347,157.0347,2628.63,0.0
965.97,0.0311791,0.00013511,0.0021278523,0.216959,156.7766,156.7766,2635.45,0.0
968.47,0.03222458,0.00014569,0.0021866994,0.223688,156.5194,156.5194,2642.27,0.0
970.97,0.03330084,0.00015703,0.0022463561,0.23065,156.2632,156.2632,2649.09,0.0
973.47,0.03440851,0.00016919,0.0023067757,0.237852,156.0079,156.0079,2655.91,0.0
975.98,0.03554819,0.00018223,0.0023679074,0.245299,155.7534,155.7534,2662.73,0.0
978.48,0.03672052,0.00019619,0.0024296964,0.253001,155.4999,155.4999,2669.55,0.0
980.98,0.03792613,0.00021114,0.0024920838,0.260965,155.2473,155.2473,2676.37,0.0
983.48,0.03916563,0.00022714,0.0025550061,0.269197,154.9956,154.9956,2683.19,0.0
985.99,0.04043965,0.00024427,0.0026183957,0.277707,154.7448,154.7448,2690.01,0.0
988.49,0.04174882,0.00026258,0.0026821807,0.286501,154.4949,154.4949,2696.83,0.0
990.99,0.04309377,0.00028217,0.0027462845,0.295589,154.2459,154.2459,2703.65,0.0
993.49,0.04447511,0.00030311,0.0028106264,0.304978,153.9977,153.9977,2710.47,0.0
996.0,0.04589348,0.00032548,0.0028751211,0.314677,153.7504,153.7504,2717.29,0.0
998.5,0.04734948,0.00034937,0.002939679,0.324694,153.504,153.504,2724.11,0.0
1001.0,0.04884375,0.00037489,0.003004206,0.335038,153.2585,153.2585,2730.93,0.0
1003.5,0.05037689,0.00040213,0.0030686041,0.345719,153.0138,153.0138,2737.75,0.0
1006.01,0.05194952,0.00043119,0.0031327706,0.356744,152.7699,152.7699,2744.57,0.0
1008.51,0.05356224,0.00046219,0.0031965991,0.368124,152.5269,152.5269,2751.4,0.0
1011.01,0.05521566,0.00049524,0.0032599791,0.379868,152.2848,152.2848,2758.22,0.0
1013.51,0.05691038,0.00053048,0.0033227963,0.391985,152.0435,152.0435,2765.04,0.0
1016.02,0.058647,0.00056802,0.0033849328,0.404485,151.803,151.803,2771.86,0.0
1018.52,0.06042609,0.00060802,0.0034462674,0.417377,151.5634,151.5634,2778.68,0.0
1021.02,0.06224823,0.00065061,0.0035066756,0.430673,151.3246,151.3246,2785.5,0.0
1023.52,0.06411402,0.00069595,0.0035660301,0.444381,151.0866,151.0866,2792.32,0.0
1026.03,0.066024,0.0007442,0.003624201,0.458512,150.8494,150.8494,2799.14,0.0
1028.53,0.06797874,0.00079554,0.003681056,0.473077,150.6131,150.6131,2805.96,0.0
1031.03,0.06997879,0.00085013,0.003736461,0.488086,150.3775,150.3775,2812.78,0.0
1033.53,0.07202468,0.00090817,0.0037902803,0.50355,150.1428,150.1428,2819.6,0.0
1036.04,0.07411695,0.00096986,0.0038423771,0.51948,149.9088,149.9088,2826.42,0.0
1038.54,0.07625612,0.00103541,0.0038926139,0.535886,149.6757,149.6757,2833.24,0.0
1041.04,0.0784427,0.00110503,0.0039408529,0.55278,149.4433,149.4433,2840.06,0.0
1043.54,0.08067719,0.00117896,0.0039869566,0.570174,149.2117,149.2117,2846.88,0.0
1046.05,0.08296007,0.00125744,0.0040307884,0.588077,148.9809,148.9809,2853.7,0.0
1048.55,0.08529181,0.00134072,0.0040722127,0.606503,148.7509,148.7509,2860.52,0.0
1051.05,0.08767288,0.00142906,0.0041110959,0.625463,148.5217,148.5217,2867.34,0.0
1053.55,0.09010373,0.00152276,0.0041473069,0.644968,148.2932,148.2932,2874.16,0.0
1056.06,0.09258479,0.0016221,0.0041807175,0.665031,148.0655,148.0655,2880.99,0.0
1058.56,0.09511647,0.0017274,0.0042112033,0.685663,147.8385,147.8385,2887.81,0.0
1061.06,0.09769919,0.00183897,0.0042386438,0.706877,147.6124,147.6124,2894.63,0.0
1063.56,0.10033333,0.00195715,0.0042629236,0.728685,147.3869,147.3869,2901.45,0.0
1066.07,0.10301927,0.0020823,0.0042839328,0.751099,147.1622,147.1622,2908.27,0.0
1068.57,0.10575736,0.0022148,0.0043015675,0.774132,146.9383,146.9383,2915.09,0.0
1071.07,0.10854794,0.00235503,0.0043157304,0.797796,146.7151,146.7151,2921.91,0.0
1073.57,0.11139134,0.00250341,0.0043263319,0.822104,146.4926,146.4926,2928.73,0.0
1076.08,0.11428786,0.00266035,0.0043332898,0.84707,146.2709,146.2709,2935.55,0.0
1078.58,0.11723778,0.0028263,0.004336531,0.872705,146.0499,146.0499,2942.37,0.0
1081.08,0.12024138,0.00300175,0.0043359909,0.899023,145.8296,145.8296,2949.19,0.0
1083.58,0.12329891,0.00318716,0.0043316149,0.926037,145.6101,145.6101,2956.01,0.0
1086.09,0.1264106,0.00338307,0.0043233582,0.95376,145.3913,145.3913,2962.83,0.0
1088.59,0.12957666,0.00359,0.0043111868,0.982205,145.1732,145.1732,2969.65,0.0
1091.09,0.13279727,0.0038085,0.0042950777,1.011386,144.9557,144.9557,2976.47,0.0
1093.59,0.13607262,0.00403918,0.0042750189,1.041315,144.739,144.739,2983.29,0.0
1096.1,0.13940285,0.00428263,0.0042510105,1.072007,144.5231,144.5231,2990.11,0.0
1098.6,0.1427881,0.00453949,0.0042230643,1.103475,144.3078,144.3078,2996.93,0.0
1101.1,0.14622847,0.00481043,0.0041912045,1.135733,144.0932,144.0932,3003.75,0.0
1103.6,0.14972405,0.00509614,0.0041554674,1.168793,143.8793,143.8793,3010.58,0.0
1106.11,0.1532749,0.00539734,0.0041159018,1.20267,143.666,143.666,3017.4,0.0
1108.61,0.15688108,0.0057148,0.0040725692,1.237378,143.4535,143.4535,3024.22,0.0
1111.11,0.1605426,0.00604929,0.0040255433,1.272929,143.2417,143.2417,3031.04,0.0
1113.61,0.16425947,0.00640164,0.0039749099,1.309339,143.0305,143.0305,3037.86,0.0
1116.12,0.16803167,0.00677269,0.0039207673,1.34662,142.82,142.82,3044.68,0.0
1118.62,0.17185915,0.00716335,0.0038632253,1.384786,142.6102,142.6102,3051.5,0.0
1121.12,0.17574185,0.00757453,0.0038024056,1.423852,142.401,142.401,3058.32,0.0
1123.62,0.17967968,0.0080072,0.0037384406,1.463831,142.1925,142.1925,3065.14,0.0
1126.13,0.18367253,0.00846235,0.0036714735,1.504736,141.9847,141.9847,3071.96,0.0
1128.63,0.18772027,0.00894105,0.0036016576,1.546583,141.7775,141.7775,3078.78,0.0
1131.13,0.19182274,0.00944436,0.0035291556,1.589384,141.571,141.571,3085.6,0.0
1133.63,0.19597977,0.00997341,0.0034541391,1.633154,141.3651,141.3651,3092.42,0.0
1136.14,0.20019116,0.01052938,0.0033767875,1.677905,141.1599,141.1599,3099.24,0.0
1138.64,0.20445668,0.01111348,0.0032972876,1.723653,140.9554,140.9554,3106.06,0.0
1141.14,0.20877609,0.01172697,0.0032158325,1.770411,140.7514,140.7514,3112.88,0.0
1143.64,0.21314912,0.01237116,0.003132621,1.818192,140.5481,140.5481,3119.7,0.0
1146.15,0.21757549,0.01304742,0.0030478562,1.86701,140.3455,140.3455,3126.52,0.0
1148.65,0.22205488,0.01375715,0.002961745,1.916879,140.1435,140.1435,3133.34,0.0
1151.15,0.22658696,0.01450182,0.0028744967,1.967812,139.9421,139.9421,3140.16,0.0
1153.65,0.23117138,0.01528293,0.0027863225,2.019824,139.7413,139.7413,3146.99,0.0
1156.16,0.23580776,0.01610207,0.002697434,2.072927,139.5412,139.5412,3153.81,0.0
1158.66,0.2404957,0.01696084,0.0026080424,2.127134,139.3416,139.3416,3160.63,0.0
1161.16,0.24523478,0.01786095,0.0025183574,2.182461,139.1427,139.1427,3167.45,0.0
1163.66,0.25002456,0.01880411,0.0024285865,2.238918,138.9444,138.9444,3174.27,0.0
1166.17,0.25486459,0.01979215,0.0023389334,2.29652,138.7468,138.7468,3181.09,0.0
1168.67,0.25975437,0.02082691,0.0022495979,2.355281,138.5497,138.5497,3187.91,0.0
1171.17,0.26469342,0.02191032,0.0021607741,2.415212,138.3532,138.3532,3194.73,0.0
1173.67,0.26968119,0.02304437,0.0020726502,2.476326,138.1573,138.1573,3201.55,0.0
1176.18,0.27471716,0.0242311,0.0019854073,2.538638,137.9621,137.9621,3208.37,0.0
1178.68,0.27980076,0.02547262,0.0018992189,2.602159,137.7674,137.7674,3215.19,0.0
1181.18,0.2849314,0.02677113,0.0018142499,2.666902,137.5733,137.5733,3222.01,0.0
1183.68,0.29010849,0.02812887,0.0017306563,2.732879,137.3798,137.3798,3228.83,0.0
1186.19,0.29533141,0.02954815,0.0016485843,2.800103,137.1869,137.1869,3235.65,0.0
1188.69,0.30059952,0.03103136,0.0015681701,2.868587,136.9946,136.9946,3242.47,0.0
1191.19,0.30591215,0.03258095,0.0014895392,2.938342,136.8029,136.8029,3249.29,0.0
1193.69,0.31126864,0.03419945,0.0014128064,3.00938,136.6117,136.6117,3256.11,0.0
1196.2,0.31666828,0.03588946,0.0013380753,3.081713,136.4212,136.4212,3262.93,0.0
1198.7,0.32211037,0.03765362,0.0012654381,3.155353,136.2312,136.2312,3269.75,0.0
1201.2,0.32759418,0.03949469,0.0011949758,3.230311,136.0417,136.0417,3276.58,0.0
1203.7,0.33311897,0.04141547,0.0011267578,3.3066,135.8528,135.8528,3283.4,0.0
1206.21,0.33868396,0.04341883,0.0010608421,3.384229,135.6645,135.6645,3290.22,0.0
1208.71,0.34428838,0.04550772,0.0009972758,3.463211,135.4768,135.4768,3297.04,0.0
1211.21,0.34993142,0.04768515,0.0009360947,3.543556,135.2896,135.2896,3303.86,0.0
1213.71,0.35561229,0.04995421,0.0008773238,3.625274,135.103,135.103,3310.68,0.0
1216.22,0.36133014,0.05231806,0.000820978,3.708378,134.9169,134.9169,3317.5,0.0
1218.72,0.36708413,0.0547799,0.000767062,3.792876,134.7314,134.7314,3324.32,0.0
1221.22,0.37287341,0.05734303,0.0007155709,3.878779,134.5465,134.5465,3331.14,0.0
1223.72,0.37869709,0.06001078,0.0006664908,3.966097,134.362,134.362,3337.96,0.0
1226.23,0.38455427,0.06278657,0.0006197992,4.054841,134.1782,134.1782,3344.78,0.0
1228.73,0.39044406,0.06567386,0.0005754658,4.145019,133.9948,133.9948,3351.6,0.0
1231.23,0.39636554,0.06867617,0.0005334526,4.236641,133.8121,133.8121,3358.42,0.0
1233.73,0.40231775,0.07179707,0.0004937151,4.329716,133.6298,133.6298,3365.24,0.0
1236.24,0.40829976,0.07504018,0.0004562025,4.424254,133.4481,133.4481,3372.06,0.0
1238.74,0.41431059,0.07840916,0.0004208586,4.520263,133.2669,133.2669,3378.88,0.0
1241.24,0.42034926,0.08190772,0.0003876221,4.617751,133.0862,133.0862,3385.7,0.0
1243.74,0.42641478,0.0855396,0.0003564276,4.716728,132.9061,132.9061,3392.52,0.0
1246.25,0.43250613,0.08930856,0.0003272063,4.817201,132.7265,132.7265,3399.34,0.0
1248.75,0.4386223,0.0932184,0.0002998861,4.919178,132.5474,132.5474,3406.17,0.0
1251.25,0.44476224,0.09727291,0.0002743925,5.022667,132.3688,132.3688,3412.99,0.0
1253.75,0.4509249,0.10147592,0.0002506494,5.127676,132.1908,132.1908,3419.81,0.0
1256.26,0.45710921,0.10583124,0.0002285792,5.234211,132.0132,132.0132,3426.63,0.0
1258.76,0.46331409,0.11034268,0.0002081036,5.342279,131.8362,131.8362,3433.45,0.0
1261.26,0.46953845,0.11501404,0.0001891442,5.451888,131.6597,131.6597,3440.27,0.0
1263.76,0.47578118,0.11984907,0.0001716225,5.563043,131.4837,131.4837,3447.09,0.0
1266.27,0.48204115,0.1248515,0.0001554609,5.675752,131.3082,131.3082,3453.91,0.0
1268.77,0.48831722,0.13002503,0.0001405825,5.790019,131.1332,131.1332,3460.73,0.0
1271.27,0.49460826,0.13537326,0.000126912,5.905851,130.9587,130.9587,3467.55,0.0
1273.77,0.50091308,0.14089975,0.0001143755,6.023252,130.7847,130.7847,3474.37,0.0
1276.28,0.50723051,0.14660796,0.0001029012,6.142229,130.6112,130.6112,3481.19,0.0
1278.78,0.51355937,0.15250123,9.24194e-05,6.262785,130.4382,130.4382,3488.01,0.0
1281.28,0.51989843,0.15858283,8.28629e-05,6.384926,130.2657,130.2657,3494.83,0.0
1283.78,0.52624649,0.16485585,7.41666e-05,6.508655,130.0937,130.0937,3501.65,0.0
1286.29,0.53260231,0.17132325,6.62686e-05,6.633978,129.9222,129.9222,3508.47,0.0
1288.79,0.53896464,0.17798784,5.91094e-05,6.760896,129.7511,129.7511,3515.29,0.0
1291.29,0.54533222,0.18485222,5.26324e-05,6.889415,129.5805,129.5805,3522.11,0.0
1293.79,0.55170377,0.19191878,4.6784e-05,7.019536,129.4105,129.4105,3528.93,0.0
1296.3,0.55807801,0.19918972,4.15133e-05,7.151263,129.2408,129.2408,3535.76,0.0
1298.8,0.56445363,0.20666695,3.67724e-05,7.284598,129.0717,129.0717,3542.58,0.0
1301.3,0.57082931,0.21435215,3.25163e-05,7.419543,128.9031,128.9031,3549.4,0.0
1303.8,0.57720372,0.22224669,2.87029e-05,7.5561,128.7349,128.7349,3556.22,0.0
1306.31,0.58357553,0.23035164,2.52925e-05,7.694271,128.5672,128.5672,3563.04,0.0
1308.81,0.58994336,0.23866773,2.22486e-05,7.834057,128.3999,128.3999,3569.86,0.0
1311.31,0.59630586,0.24719532,1.95369e-05,7.975459,128.2331,128.2331,3576.68,0.0
1313.81,0.60266164,0.25593442,1.71259e-05,8.118476,128.0668,128.0668,3583.5,0.0
1316.32,0.60900931,0.26488459,1.49862e-05,8.26311,127.901,127.901,3590.32,0.0
1318.82,0.61534745,0.27404499,1.30911e-05,8.409361,127.7356,127.7356,3597.14,0.0
1321.32,0.62167464,0.28341433,1.14157e-05,8.557226,127.5707,127.5707,3603.96,0.0
1323.82,0.62798945,0.29299083,9.9374e-06,8.706707,127.4062,127.4062,3610.78,0.0
1326.33,0.63429044,0.30277221,8.6356e-06,8.857801,127.2422,127.2422,3617.6,0.0
1328.83,0.64057615,0.31275567,7.4912e-06,9.010507,127.0786,127.0786,3624.42,0.0
1331.33,0.64684511,0.32293787,6.4873e-06,9.164824,126.9155,126.9155,3631.24,0.0
1333.83,0.65309585,0.33331489,5.6082e-06,9.320748,126.7528,126.7528,3638.06,0.0
1336.34,0.65932687,0.34388225,4.8398e-06,9.478277,126.5906,126.5906,3644.88,0.0
1338.84,0.66553668,0.35463485,4.1695e-06,9.637408,126.4288,126.4288,3651.7,0.0
1341.34,0.67172377,0.36556699,3.5859e-06,9.798138,126.2675,126.2675,3658.52,0.0
1343.84,0.67788663,0.37667232,3.0787e-06,9.960462,126.1066,126.1066,3665.34,0.0
1346.35,0.68402373,0.38794387,2.6387e-06,10.124377,125.9461,125.9461,3672.17,0.0
1348.85,0.69013354,0.39937401,2.2577e-06,10.289878,125.7861,125.7861,3678.99,0.0
1351.35,0.69621452,0.41095446,1.9284e-06,10.45696,125.6265,125.6265,3685.81,0.0
1353.85,0.70226513,0.4226763,1.6444e-06,10.625618,125.4673,125.4673,3692.63,0.0
1356.36,0.70828383,0.43452995,1.3998e-06,10.795846,125.3086,125.3086,3699.45,0.0
1358.86,0.71426905,0.44650518,1.1896e-06,10.967638,125.1503,125.1503,3706.27,0.0
1361.36,0.72021925,0.45859113,1.0093e-06,11.140987,124.9925,124.9925,3713.09,0.0
1363.86,0.72613287,0.47077635,8.549e-07,11.315886,124.835,124.835,3719.91,0.0
1366.37,0.73200834,0.48304876,7.229e-07,11.492328,124.678,124.678,3726.73,0.0
1368.87,0.73784412,0.49539574,6.102e-07,11.670306,124.5214,124.5214,3733.55,0.0
1371.37,0.74363864,0.50780412,5.143e-07,11.849811,124.3652,124.3652,3740.37,0.0
1373.87,0.74939035,0.52026025,4.328e-07,12.030834,124.2095,124.2095,3747.19,0.0
1376.38,0.7550977,0.53274999,3.635e-07,12.213367,124.0541,124.0541,3754.01,0.0
1378.88,0.76075913,0.54525884,3.049e-07,12.397401,123.8992,123.8992,3760.83,0.0
1381.38,0.76637312,0.55777191,2.553e-07,12.582925,123.7447,123.7447,3767.65,0.0
1383.88,0.77193812,0.57027402,2.134e-07,12.76993,123.5906,123.5906,3774.47,0.0
1386.39,0.77745262,0.58274979,1.782e-07,12.958405,123.4369,123.4369,3781.29,0.0
1388.89,0.78291511,0.59518365,1.485e-07,13.148338,123.2836,123.2836,3788.11,0.0
1391.39,0.78832407,0.60755994,1.235e-07,13.33972,123.1308,123.1308,3794.93,0.0
1393.89,0.79367802,0.619863,1.026e-07,13.532538,122.9783,122.9783,3801.76,0.0
1396.4,0.79897551,0.63207723,8.51e-08,13.726779,122.8262,122.8262,3808.58,0.0
1398.9,0.80421505,0.64418719,7.05e-08,13.922432,122.6746,122.6746,3815.4,0.0
1401.4,0.80939524,0.65617765,5.83e-08,14.119483,122.5233,122.5233,3822.22,0.0
1403.9,0.81451464,0.66803371,4.81e-08,14.31792,122.3724,122.3724,3829.04,0.0
1406.41,0.81957187,0.67974086,3.97e-08,14.517729,122.222,122.222,3835.86,0.0
1408.91,0.82456556,0.69128505,3.27e-08,14.718895,122.0719,122.0719,3842.68,0.0
1411.41,0.82949438,0.70265281,2.69e-08,14.921404,121.9222,121.9222,3849.5,0.0
1413.91,0.834357,0.7138313,2.21e-08,15.125242,121.7729,121.7729,3856.32,0.0
1416.42,0.83915214,0.72480835,1.81e-08,15.330393,121.624,121.624,3863.14,0.0
1418.92,0.84387856,0.73557258,1.48e-08,15.536843,121.4755,121.4755,3869.96,0.0
1421.42,0.84853504,0.74611342,1.21e-08,15.744575,121.3274,121.3274,3876.78,0.0
1423.92,0.85312041,0.7564212,9.9e-09,15.953573,121.1796,121.1796,3883.6,0.0
1426.43,0.85763352,0.76648713,8e-09,16.163821,121.0323,121.0323,3890.42,0.0
1428.93,0.86207327,0.7763034,6.6e-09,16.375302,120.8853,120.8853,3897.24,0.0
1431.43,0.86643862,0.78586316,5.3e-09,16.587999,120.7387,120.7387,3904.06,0.0
1433.93,0.87072854,0.79516058,4.3e-09,16.801895,120.5925,120.5925,3910.88,0.0
1436.44,0.87494209,0.80419081,3.5e-09,17.016972,120.4466,120.4466,3917.7,0.0
1438.94,0.87907835,0.81295002,2.8e-09,17.233212,120.3012,120.3012,3924.52,0.0
1441.44,0.88313645,0.82143536,2.3e-09,17.450597,120.1561,120.1561,3931.35,0.0
1443.94,0.8871156,0.82964497,1.9e-09,17.66911,120.0114,120.0114,3938.17,0.0
1446.45,0.89101506,0.83757792,1.5e-09,17.88873,119.867,119.867,3944.99,0.0
1448.95,0.89483412,0.84523421,1.2e-09,18.109441,119.723,119.723,3951.81,0.0
1451.45,0.89857218,0.85261472,1e-09,18.331221,119.5794,119.5794,3958.63,0.0
1453.95,0.90222866,0.85972114,8e-10,18.554053,119.4362,119.4362,3965.45,0.0
1456.46,0.90580308,0.86655596,6e-10,18.777916,119.2933,119.2933,3972.27,0.0
1458.96,0.909295,0.87312239,5e-10,19.002792,119.1508,119.1508,3979.09,0.0
1461.46,0.91270409,0.8794243,4e-10,19.228661,119.0087,119.0087,3985.91,0.0
1463.96,0.91603006,0.88546617,3e-10,19.455503,118.8669,118.8669,3992.73,0.0
1466.47,0.9192727,0.89125303,3e-10,19.683298,118.7254,118.7254,3999.55,0.0
1468.97,0.92243189,0.89679039,2e-10,19.912025,118.5844,118.5844,4006.37,0.0
1471.47,0.92550759,0.90208419,2e-10,20.141666,118.4436,118.4436,4013.19,0.0
1473.97,0.92849984,0.90714073,1e-10,20.372201,118.3033,118.3033,4020.01,0.0
1476.48,0.93140876,0.91196661,1e-10,20.603608,118.1633,118.1633,4026.83,0.0
1478.98,0.93423455,0.9165687,1e-10,20.835868,118.0236,118.0236,4033.65,0.0
1481.48,0.9369775,0.92095405,1e-10,21.068961,117.8843,117.8843,4040.47,0.0
1483.98,0.93963801,0.92512985,1e-10,21.302867,117.7454,117.7454,4047.29,0.0
1486.49,0.94221655,0.9291034,0.0,21.537566,117.6068,117.6068,4054.11,0.0
1488.99,0.94471366,0.93288205,0.0,21.773038,117.4685,117.4685,4060.94,0.0
1491.49,0.94713001,0.93647316,0.0,22.009263,117.3306,117.3306,4067.76,0.0
1493.99,0.94946634,0.93988409,0.0,22.246222,117.193,117.193,4074.58,0.0
1496.5,0.95172347,0.94312211,0.0,22.483896,117.0558,117.0558,4081.4,0.0
1499.0,0.95390234,0.94619444,0.0,22.722265,116.9189,116.9189,4088.22,0.0
1501.5,0.95600393,0.94910816,0.0,22.96131,116.7824,116.7824,4095.04,0.0
1504.0,0.95802935,0.95187024,0.0,23.201012,116.6462,116.6462,4101.86,0.0
1506.51,0.95997977,0.9544875,0.0,23.441353,116.5103,116.5103,4108.68,0.0
1509.01,0.96185645,0.95696656,0.0,23.682315,116.3748,116.3748,4115.5,0.0
1511.51,0.96366072,0.95931391,0.0,23.923879,116.2396,116.2396,4122.32,0.0
1514.01,0.96539399,0.9615358,0.0,24.166028,116.1047,116.1047,4129.14,0.0
1516.52,0.96705773,0.96363832,0.0,24.408744,115.9702,115.9702,4135.96,0.0
1519.02,0.96865349,0.96562731,0.0,24.65201,115.836,115.836,4142.78,0.0
1521.52,0.97018286,0.96750845,0.0,24.895811,115.7021,115.7021,4149.6,0.0
1524.02,0.9716475,0.96928717,0.0,25.140129,115.5685,115.5685,4156.42,0.0
1526.53,0.97304912,0.9709687,0.0,25.384948,115.4353,115.4353,4163.24,0.0
1529.03,0.97438945,0.97255806,0.0,25.630254,115.3024,115.3024,4170.06,0.0
1531.53,0.97567027,0.97406005,0.0,25.876031,115.1699,115.1699,4176.88,0.0
1534.03,0.97689339,0.97547926,0.0,26.122264,115.0376,115.0376,4183.7,0.0
1536.54,0.97806064,0.97682008,0.0,26.36894,114.9057,114.9057,4190.53,0.0
1539.04,0.97917387,0.97808671,0.0,26.616044,114.7741,114.7741,4197.35,0.0
1541.54,0.98023492,0.97928313,0.0,26.863563,114.6428,114.6428,4204.17,0.0
1544.04,0.98124565,0.98041315,0.0,27.111485,114.5119,114.5119,4210.99,0.0
1546.55,0.98220792,0.98148037,0.0,27.359796,114.3812,114.3812,4217.81,0.0
1549.05,0.98312356,0.98248825,0.0,27.608486,114.2509,114.2509,4224.63,0.0
1551.55,0.98399439,0.98344003,0.0,27.857542,114.1209,114.1209,4231.45,0.0
1554.05,0.98482223,0.98433883,0.0,28.106954,113.9912,113.9912,4238.27,0.0
1556.56,0.98560884,0.98518757,0.0,28.35671,113.8618,113.8618,4245.09,0.0
1559.06,0.98635596,0.98598904,0.0,28.606801,113.7327,113.7327,4251.91,0.0
1561.56,0.98706532,0.98674589,0.0,28.857216,113.604,113.604,4258.73,0.0
1564.06,0.98773857,0.98746059,0.0,29.107947,113.4755,113.4755,4265.55,0.0
1566.57,0.98837735,0.98813553,0.0,29.358984,113.3474,113.3474,4272.37,0.0
1569.07,0.98898324,0.98877293,0.0,29.610319,113.2195,113.2195,4279.19,0.0
1571.57,0.98955777,0.9893749,0.0,29.861943,113.092,113.092,4286.01,0.0
1574.07,0.99010244,0.98994345,0.0,30.113849,112.9648,112.9648,4292.83,0.0
1576.58,0.99061868,0.99048045,0.0,30.366029,112.8378,112.8378,4299.65,0.0
1579.08,0.99110788,0.99098769,0.0,30.618476,112.7112,112.7112,4306.47,0.0
1581.58,0.99157138,0.99146686,0.0,30.871183,112.5849,112.5849,4313.29,0.0
1584.08,0.99201045,0.99191953,0.0,31.124145,112.4588,112.4588,4320.11,0.0
1586.59,0.99242633,0.99234722,0.0,31.377353,112.3331,112.3331,4326.94,0.0
1589.09,0.99282021,0.99275133,0.0,31.630804,112.2077,112.2077,4333.76,0.0
1591.59,0.9931932,0.99313319,0.0,31.884491,112.0826,112.0826,4340.58,0.0
1594.09,0.99354637,0.99349407,0.0,32.138408,111.9577,111.9577,4347.4,0.0
1596.6,0.99388244,0.99383516,0.0,32.392552,111.8332,111.8332,4354.22,0.0
1599.1,0.99417571,0.99415756,0.0,32.646914,111.7089,111.7089,4361.04,0.0
1601.6,0.99446399,0.99446234,0.0,32.901488,111.585,111.585,4367.86,0.0
1604.1,0.99475223,0.99475049,0.0,33.156273,111.4613,111.4613,4374.68,0.0
1606.61,0.99502479,0.99502295,0.0,33.411267,111.3379,111.3379,4381.5,0.0
1609.11,0.99528254,0.9952806,0.0,33.666467,111.2148,111.2148,4388.32,0.0
1611.61,0.99552632,0.99552428,0.0,33.921867,111.092,111.092,4395.14,0.0
1614.11,0.99575693,0.99575477,0.0,34.177465,110.9695,110.9695,4401.96,0.0
1616.62,0.99597508,0.99597282,0.0,34.433258,110.8473,110.8473,4408.78,0.0
1619.12,0.9961815,0.99617911,0.0,34.689241,110.7253,110.7253,4415.6,0.0
1621.62,0.99637682,0.99637431,0.0,34.945412,110.6037,110.6037,4422.42,0.0
1624.12,0.99656168,0.99655904,0.0,35.201768,110.4823,110.4823,4429.24,0.0
1626.63,0.99673666,0.99673388,0.0,35.458306,110.3612,110.3612,4436.06,0.0
1629.13,0.99690231,0.99689939,0.0,35.715023,110.2404,110.2404,4442.88,0.0
1631.63,0.99705914,0.99705607,0.0,35.971918,110.1199,110.1199,4449.7,0.0
1634.13,0.99720766,0.99720444,0.0,36.228987,109.9996,109.9996,4456.53,0.0
1636.64,0.99734832,0.99734493,0.0,36.486229,109.8796,109.8796,4463.35,0.0
1639.14,0.99748155,0.99747799,0.0,36.743641,109.7599,109.7599,4470.17,0.0
1641.64,0.99760777,0.99760404,0.0,37.001221,109.6405,109.6405,4476.99,0.0
1644.14,0.99772736,0.99772345,0.0,37.258967,109.5214,109.5214,4483.81,0.0
1646.65,0.9978407,0.99783659,0.0,37.516878,109.4025,109.4025,4490.63,0.0
1649.15,0.99794811,0.9979438,0.0,37.774952,109.2839,109.2839,4497.45,0.0
1651.65,0.99804994,0.99804542,0.0,38.033186,109.1655,109.1655,4504.27,0.0
1654.15,0.99814648,0.99814174,0.0,38.29158,109.0475,109.0475,4511.09,0.0
1656.66,0.99823802,0.99823306,0.0,38.550132,108.9297,108.9297,4517.91,0.0
1659.16,0.99832484,0.99831964,0.0,38.808841,108.8121,108.8121,4524.73,0.0
1661.66,0.9984072,0.99840174,0.0,39.067704,108.6949,108.6949,4531.55,0.0
1664.16,0.99848533,0.99847962,0.0,39.326722,108.5779,108.5779,4538.37,0.0
1666.67,0.99855947,0.99855348,0.0,39.585892,108.4612,108.4612,4545.19,0.0
1669.17,0.99862983,0.99862356,0.0,39.845214,108.3447,108.3447,4552.01,0.0
1671.67,0.99869662,0.99869005,0.0,40.104686,108.2285,108.2285,4558.83,0.0
1674.17,0.99876003,0.99875316,0.0,40.364307,108.1126,108.1126,4565.65,0.0
1676.68,0.99882024,0.99881304,0.0,40.624076,107.9969,107.9969,4572.47,0.0
1679.18,0.99887742,0.99886989,0.0,40.883993,107.8815,107.8815,4579.29,0.0
1681.68,0.99893175,0.99892387,0.0,41.144055,107.7664,107.7664,4586.12,0.0
1684.18,0.99898336,0.99897511,0.0,41.404263,107.6515,107.6515,4592.94,0.0
1686.69,0.99903241,0.99902378,0.0,41.664616,107.5368,107.5368,4599.76,0.0
1689.19,0.99907903,0.99907,0.0,41.925112,107.4225,107.4225,4606.58,0.0
1691.69,0.99912335,0.99911391,0.0,42.185751,107.3083,107.3083,4613.4,0.0
1694.19,0.99916549,0.99915563,0.0,42.446532,107.1945,107.1945,4620.22,0.0
1696.7,0.99920558,0.99919527,0.0,42.707455,107.0809,107.0809,4627.04,0.0
1699.2,0.99924372,0.99923293,0.0,42.968518,106.9675,106.9675,4633.86,0.0
1701.7,0.99928001,0.99926874,0.0,43.229721,106.8544,106.8544,4640.68,0.0
1704.2,0.99931455,0.99930277,0.0,43.491063,106.7416,106.7416,4647.5,0.0
1706.71,0.99934744,0.99933513,0.0,43.752544,106.629,106.629,4654.32,0.0
1709.21,0.99937876,0.9993659,0.0,44.014163,106.5166,106.5166,4661.14,0.0
1711.71,0.99940859,0.99939515,0.0,44.27592,106.4045,106.4045,4667.96,0.0
1714.21,0.99943702,0.99942298,0.0,44.537813,106.2927,106.2927,4674.78,0.0
1716.72,0.99946411,0.99944946,0.0,44.799843,106.1811,106.1811,4681.6,0.0
1719.22,0.99948995,0.99947464,0.0,45.062009,106.0697,106.0697,4688.42,0.0
1721.72,0.99951459,0.99949861,0.0,45.32431,105.9586,105.9586,4695.24,0.0
1724.22,0.9995381,0.99952142,0.0,45.586746,105.8478,105.8478,4702.06,0.0
1726.73,0.99956054,0.99954312,0.0,45.849317,105.7371,105.7371,4708.88,0.0
1729.23,0.99958196,0.99956379,0.0,46.112021,105.6268,105.6268,4715.71,0.0
1731.73,0.99960243,0.99958346,0.0,46.374859,105.5166,105.5166,4722.53,0.0
1734.23,0.99962198,0.99960219,0.0,46.63783,105.4067,105.4067,4729.35,0.0
1736.74,0.99964068,0.99962003,0.0,46.900934,105.2971,105.2971,4736.17,0.0
1739.24,0.99965856,0.99963702,0.0,47.16417,105.1877,105.1877,4742.99,0.0
1741.74,0.99967567,0.99965321,0.0,47.427538,105.0785,105.0785,4749.81,0.0
1744.24,0.99969205,0.99966863,0.0,47.691037,104.9696,104.9696,4756.63,0.0
1746.75,0.99970775,0.99968332,0.0,47.954668,104.8609,104.8609,4763.45,0.0
1749.25,0.99972279,0.99969732,0.0,48.218429,104.7524,104.7524,4770.27,0.0
1751.75,0.99973722,0.99971066,0.0,48.482321,104.6442,104.6442,4777.09,0.0
1754.25,0.99975106,0.99972338,0.0,48.746343,104.5362,104.5362,4783.91,0.0
1756.76,0.99976436,0.99973551,0.0,49.010494,104.4285,104.4285,4790.73,0.0
1759.26,0.99977714,0.99974707,0.0,49.274775,104.321,104.321,4797.55,0.0
1761.76,0.99978943,0.99975809,0.0,49.539186,104.2137,104.2137,4804.37,0.0
1764.26,0.99980126,0.99976861,0.0,49.803725,104.1066,104.1066,4811.19,0.0
1766.77,0.99981265,0.99977864,0.0,50.068392,103.9998,103.9998,4818.01,0.0
1769.27,0.99982363,0.99978821,0.0,50.333188,103.8932,103.8932,4824.83,0.0
1771.77,0.99983423,0.99979733,0.0,50.598112,103.7869,103.7869,4831.65,0.0
1774.27,0.99984447,0.99980604,0.0,50.863164,103.6807,103.6807,4838.47,0.0
1776.78,0.99985437,0.99981436,0.0,51.128343,103.5748,103.5748,4845.3,0.0
1779.28,0.99986395,0.99982229,0.0,51.393649,103.4692,103.4692,4852.12,0.0
1781.78,0.99987324,0.99982987,0.0,51.659082,103.3637,103.3637,4858.94,0.0
1784.28,0.99988224,0.9998371,0.0,51.924642,103.2585,103.2585,4865.76,0.0
1786.79,0.99989099,0.999844,0.0,52.190328,103.1535,103.1535,4872.58,0.0
1789.29,0.9998995,0.99985059,0.0,52.456141,103.0487,103.0487,4879.4,0.0
1791.79,0.99990778,0.99985689,0.0,52.722079,102.9442,102.9442,4886.22,0.0
1794.29,0.99991585,0.9998629,0.0,52.988143,102.8398,102.8398,4893.04,0.0
1796.8,0.99992373,0.99986865,0.0,53.254333,102.7357,102.7357,4899.86,0.0
1799.3,0.99993144,0.99987414,0.0,53.520648,102.6319,102.6319,4906.68,0.0
1801.8,0.99993898,0.99987939,0.0,53.787088,102.5282,102.5282,4913.5,0.0
1804.3,0.99994638,0.9998844,0.0,54.053652,102.4248,102.4248,4920.32,0.0
1806.81,0.99995364,0.99988919,0.0,54.320342,102.3215,102.3215,4927.14,0.0
1809.31,0.99996078,0.99989377,0.0,54.587155,102.2185,102.2185,4933.96,0.0
1811.81,0.99996782,0.99989815,0.0,54.854093,102.1158,102.1158,4940.78,0.0
1814.31,1.00007242,1.0,0.0,55.121168,102.0132,102.0132,4947.6,0.0
1816.82,1.00007528,1.0,0.0,55.38838,101.9108,101.9108,4954.42,0.0
1819.32,1.00007824,1.0,0.0,55.655714,101.8087,101.8087,4961.24,0.0
1821.82,1.00008131,1.0,0.0,55.92317,101.7068,101.7068,4968.06,0.0
1824.32,1.00008448,1.0,0.0,56.190749,101.6051,101.6051,4974.88,0.0
1826.83,1.00008778,1.0,0.0,56.45845,101.5036,101.5036,4981.71,0.0
1829.33,1.00009119,1.0,0.0,56.726273,101.4023,101.4023,4988.53,0.0
1831.83,1.00009472,1.0,0.0,56.994218,101.3012,101.3012,4995.35,0.0
1834.33,1.00009838,1.0,0.0,57.262285,101.2004,101.2004,5002.17,0.0
1836.84,1.00010217,1.0,0.0,57.530473,101.0997,101.0997,5008.99,0.0
1839.34,1.0001061,1.0,0.0,57.798783,100.9993,100.9993,5015.81,0.0
1841.84,1.00011016,1.0,0.0,58.067214,100.8991,100.8991,5022.63,0.0
1844.34,1.00011437,1.0,0.0,58.335767,100.7991,100.7991,5029.45,0.0
1846.85,1.00011873,1.0,0.0,58.60444,100.6993,100.6993,5036.27,0.0
1849.35,1.00012324,1.0,0.0,58.873235,100.5996,100.5996,5043.09,0.0
1851.85,1.00012791,1.0,0.0,59.142151,100.5003,100.5003,5049.91,0.0
1854.35,1.00013274,1.0,0.0,59.411187,100.4011,100.4011,5056.73,0.0
1856.86,1.00013774,1.0,0.0,59.680344,100.3021,100.3021,5063.55,0.0
1859.36,1.00014292,1.0,0.0,59.949621,100.2033,100.2033,5070.37,0.0
1861.86,1.00014827,1.0,0.0,60.219019,100.1047,100.1047,5077.19,0.0
1864.36,1.00015381,1.0,0.0,60.488537,100.0064,100.0064,5084.01,0.0
1866.87,1.00015954,1.0,0.0,60.758175,99.9082,99.9082,5090.83,0.0
1869.37,1.00016546,1.0,0.0,61.027934,99.8102,99.8102,5097.65,0.0
1871.87,1.00017159,1.0,0.0,61.297812,99.7125,99.7125,5104.47,0.0
1874.37,1.00017793,1.0,0.0,61.56781,99.6149,99.6149,5111.3,0.0
1876.88,1.00018449,1.0,0.0,61.837928,99.5175,99.5175,5118.12,0.0
1879.38,1.00019126,1.0,0.0,62.108165,99.4204,99.4204,5124.94,0.0
1881.88,1.00019827,1.0,0.0,62.378522,99.3234,99.3234,5131.76,0.0
1884.38,1.00020551,1.0,0.0,62.648999,99.2266,99.2266,5138.58,0.0
1886.89,1.000213,1.0,0.0,62.919595,99.1301,99.1301,5145.4,0.0
1889.39,1.00022074,1.0,0.0,63.19031,99.0337,99.0337,5152.22,0.0
1891.89,1.00022873,1.0,0.0,63.461144,98.9375,98.9375,5159.04,0.0
1894.39,1.00023699,1.0,0.0,63.732098,98.8416,98.8416,5165.86,0.0
1896.9,1.00024553,1.0,0.0,64.00317,98.7458,98.7458,5172.68,0.0
1899.4,1.00025435,1.0,0.0,64.274361,98.6502,98.6502,5179.5,0.0
1901.9,1.00026346,1.0,0.0,64.545671,98.5548,98.5548,5186.32,0.0
1904.4,1.00027288,1.0,0.0,64.8171,98.4596,98.4596,5193.14,0.0
1906.91,1.0002826,1.0,0.0,65.088648,98.3646,98.3646,5199.96,0.0
1909.41,1.00029264,1.0,0.0,65.360314,98.2698,98.2698,5206.78,0.0
1911.91,1.00030301,1.0,0.0,65.632099,98.1751,98.1751,5213.6,0.0
1914.41,1.00031371,1.0,0.0,65.904002,98.0807,98.0807,5220.42,0.0
1916.92,1.00032477,1.0,0.0,66.176024,97.9865,97.9865,5227.24,0.0
1919.42,1.00033618,1.0,0.0,66.448164,97.8924,97.8924,5234.06,0.0
1921.92,1.00034796,1.0,0.0,66.720422,97.7985,97.7985,5240.89,0.0
1924.42,1.00036012,1.0,0.0,66.992799,97.7049,97.7049,5247.71,0.0
1926.93,1.00037267,1.0,0.0,67.265294,97.6114,97.6114,5254.53,0.0
1929.43,1.00038562,1.0,0.0,67.537907,97.5181,97.5181,5261.35,0.0
1931.93,1.00039898,1.0,0.0,67.810638,97.4249,97.4249,5268.17,0.0
1934.43,1.00041277,1.0,0.0,68.083487,97.332,97.332,5274.99,0.0
1936.94,1.000427,1.0,0.0,68.356455,97.2393,97.2393,5281.81,0.0
1939.44,1.00044167,1.0,0.0,68.62954,97.1467,97.1467,5288.63,0.0
1941.94,1.00045681,1.0,0.0,68.902743,97.0543,97.0543,5295.45,0.0
1944.44,1.00047243,1.0,0.0,69.176065,96.9622,96.9622,5302.27,0.0
1946.95,1.00048853,1.0,0.0,69.449504,96.8701,96.8701,5309.09,0.0
1949.45,1.00050514,1.0,0.0,69.723061,96.7783,96.7783,5315.91,0.0
1951.95,1.00052226,1.0,0.0,69.996737,96.6867,96.6867,5322.73,0.0
1954.45,1.00053992,1.0,0.0,70.27053,96.5952,96.5952,5329.55,0.0
1956.96,1.00055812,1.0,0.0,70.544441,96.5039,96.5039,5336.37,0.0
1959.46,1.00057688,1.0,0.0,70.81847,96.4128,96.4128,5343.19,0.0
1961.96,1.00059623,1.0,0.0,71.092617,96.3219,96.3219,5350.01,0.0
1964.46,1.00061616,1.0,0.0,71.366882,96.2312,96.2312,5356.83,0.0
1966.97,1.00063671,1.0,0.0,71.641265,96.1406,96.1406,5363.65,0.0
1969.47,1.00065788,1.0,0.0,71.915766,96.0502,96.0502,5370.48,0.0
1971.97,1.0006797,1.0,0.0,72.190385,95.96,95.96,5377.3,0.0
1974.47,1.00070218,1.0,0.0,72.465122,95.87,95.87,5384.12,0.0
1976.98,1.00072533,1.0,0.0,72.739977,95.7802,95.7802,5390.94,0.0
1979.48,1.00074919,1.0,0.0,73.01495,95.6905,95.6905,5397.76,0.0
1981.98,1.00077376,1.0,0.0,73.290042,95.601,95.601,5404.58,0.0
1984.48,1.00079907,1.0,0.0,73.565252,95.5117,95.5117,5411.4,0.0
1986.99,1.00082513,1.0,0.0,73.84058,95.4225,95.4225,5418.22,0.0
1989.49,1.00085197,1.0,0.0,74.116027,95.3335,95.3335,5425.04,0.0
1991.99,1.00087961,1.0,0.0,74.391592,95.2447,95.2447,5431.86,0.0
1994.49,1.00090806,1.0,0.0,74.667275,95.1561,95.1561,5438.68,0.0
1997.0,1.00093735,1.0,0.0,74.943078,95.0676,95.0676,5445.5,0.0
1999.5,1.00096751,1.0,0.0,75.218999,94.9794,94.9794,5452.32,0.0
2002.0,1.00099854,1.0,0.0,75.495039,94.8913,94.8913,5459.14,0.0
2004.5,1.00103049,1.0,0.0,75.771198,94.8033,94.8033,5465.96,0.0
2007.01,1.00106336,1.0,0.0,76.047475,94.7155,94.7155,5472.78,0.0
2009.51,1.00109719,1.0,0.0,76.323873,94.6279,94.6279,5479.6,0.0
2012.01,1.001132,1.0,0.0,76.600389,94.5405,94.5405,5486.42,0.0
2014.51,1.00116781,1.0,0.0,76.877025,94.4532,94.4532,5493.24,0.0
2017.02,1.00120466,1.0,0.0,77.15378,94.3661,94.3661,5500.07,0.0
2019.52,1.00124255,1.0,0.0,77.430656,94.2792,94.2792,5506.89,0.0
2022.02,1.00128154,1.0,0.0,77.707651,94.1925,94.1925,5513.71,0.0
2024.52,1.00132163,1.0,0.0,77.984766,94.1059,94.1059,5520.53,0.0
2027.03,1.00136286,1.0,0.0,78.262002,94.0194,94.0194,5527.35,0.0
2029.53,1.00140526,1.0,0.0,78.539358,93.9332,93.9332,5534.17,0.0
2032.03,1.00144885,1.0,0.0,78.816834,93.8471,93.8471,5540.99,0.0
2034.53,1.00149367,1.0,0.0,79.094432,93.7611,93.7611,5547.81,0.0
2037.04,1.00153975,1.0,0.0,79.372151,93.6754,93.6754,5554.63,0.0
2039.54,1.00158711,1.0,0.0,79.64999,93.5898,93.5898,5561.45,0.0
2042.04,1.00163579,1.0,0.0,79.927952,93.5043,93.5043,5568.27,0.0
2044.54,1.00168582,1.0,0.0,80.206035,93.4191,93.4191,5575.09,0.0
2047.05,1.00173724,1.0,0.0,80.48424,93.3339,93.3339,5581.91,0.0
2049.55,1.00179007,1.0,0.0,80.762568,93.249,93.249,5588.73,0.0
2052.05,1.00184435,1.0,0.0,81.041017,93.1642,93.1642,5595.55,0.0
2054.55,1.00190012,1.0,0.0,81.31959,93.0796,93.0796,5602.37,0.0
2057.06,1.00195741,1.0,0.0,81.598286,92.9951,92.9951,5609.19,0.0
2059.56,1.00201626,1.0,0.0,81.877105,92.9108,92.9108,5616.01,0.0
2062.06,1.0020767,1.0,0.0,82.156048,92.8266,92.8266,5622.83,0.0
2064.56,1.00213878,1.0,0.0,82.435116,92.7426,92.7426,5629.65,0.0
2067.07,1.00220252,1.0,0.0,82.714307,92.6588,92.6588,5636.48,0.0
2069.57,1.00226798,1.0,0.0,82.993623,92.5751,92.5751,5643.3,0.0
2072.07,1.00233518,1.0,0.0,83.273064,92.4916,92.4916,5650.12,0.0
2074.57,1.00240417,1.0,0.0,83.552631,92.4083,92.4083,5656.94,0.0
2077.08,1.00247499,1.0,0.0,83.832324,92.3251,92.3251,5663.76,0.0
2079.58,1.00254768,1.0,0.0,84.112142,92.242,92.242,5670.58,0.0
2082.08,1.00262228,1.0,0.0,84.392088,92.1591,92.1591,5677.4,0.0
2084.58,1.00269885,1.0,0.0,84.67216,92.0764,92.0764,5684.22,0.0
2087.09,1.00277741,1.0,0.0,84.95236,91.9938,91.9938,5691.04,0.0
2089.59,1.00285802,1.0,0.0,85.232688,91.9114,91.9114,5697.86,0.0
2092.09,1.00294072,1.0,0.0,85.513145,91.8291,91.8291,5704.68,0.0
2094.59,1.00302555,1.0,0.0,85.79373,91.747,91.747,5711.5,0.0
2097.1,1.00311257,1.0,0.0,86.074444,91.665,91.665,5718.32,0.0
2099.6,1.00320182,1.0,0.0,86.355289,91.5832,91.5832,5725.14,0.0
2102.1,1.00329335,1.0,0.0,86.636264,91.5015,91.5015,5731.96,0.0
2104.6,1.0033872,1.0,0.0,86.91737,91.42,91.42,5738.78,0.0
2107.11,1.00348344,1.0,0.0,87.198607,91.3387,91.3387,5745.6,0.0
2109.61,1.0035821,1.0,0.0,87.479976,91.2575,91.2575,5752.42,0.0
2112.11,1.00368324,1.0,0.0,87.761478,91.1764,91.1764,5759.24,0.0
2114.61,1.00378692,1.0,0.0,88.043113,91.0955,91.0955,5766.07,0.0
2117.12,1.00389318,1.0,0.0,88.324882,91.0148,91.0148,5772.89,0.0
2119.62,1.00400207,1.0,0.0,88.606785,90.9341,90.9341,5779.71,0.0
2122.12,1.00411366,1.0,0.0,88.888823,90.8537,90.8537,5786.53,0.0
2124.62,1.00422799,1.0,0.0,89.170997,90.7734,90.7734,5793.35,0.0
2127.13,1.00434512,1.0,0.0,89.453307,90.6932,90.6932,5800.17,0.0
2129.63,1.00446511,1.0,0.0,89.735755,90.6132,90.6132,5806.99,0.0
2132.13,1.00458802,1.0,0.0,90.01834,90.5333,90.5333,5813.81,0.0
2134.63,1.0047139,1.0,0.0,90.301064,90.4536,90.4536,5820.63,0.0
2137.14,1.0048428,1.0,0.0,90.583927,90.374,90.374,5827.45,0.0
2139.64,1.0049748,1.0,0.0,90.866929,90.2946,90.2946,5834.27,0.0
2142.14,1.00510994,1.0,0.0,91.150073,90.2153,90.2153,5841.09,0.0
2144.64,1.00524829,1.0,0.0,91.433358,90.1362,90.1362,5847.91,0.0
2147.15,1.00538991,1.0,0.0,91.716786,90.0572,90.0572,5854.73,0.0
2149.65,1.00553485,1.0,0.0,92.000357,89.9784,89.9784,5861.55,0.0
2152.15,1.00568319,1.0,0.0,92.284072,89.8996,89.8996,5868.37,0.0
2154.65,1.00583498,1.0,0.0,92.567931,89.8211,89.8211,5875.19,0.0
2157.16,1.00599029,1.0,0.0,92.851937,89.7427,89.7427,5882.01,0.0
2159.66,1.00614917,1.0,0.0,93.136089,89.6644,89.6644,5888.83,0.0
2162.16,1.0063117,1.0,0.0,93.420389,89.5863,89.5863,5895.66,0.0
2164.66,1.00647793,1.0,0.0,93.704838,89.5083,89.5083,5902.48,0.0
2167.17,1.00664794,1.0,0.0,93.989436,89.4304,89.4304,5909.3,0.0
2169.67,1.00682178,1.0,0.0,94.274185,89.3527,89.3527,5916.12,0.0
2172.17,1.00699952,1.0,0.0,94.559085,89.2751,89.2751,5922.94,0.0
2174.67,1.00718123,1.0,0.0,94.844137,89.1977,89.1977,5929.76,0.0
2177.18,1.00736696,1.0,0.0,95.129344,89.1204,89.1204,5936.58,0.0
2179.68,1.0075568,1.0,0.0,95.414704,89.0433,89.0433,5943.4,0.0
2182.18,1.0077508,1.0,0.0,95.700221,88.9663,88.9663,5950.22,0.0
2184.68,1.00794903,1.0,0.0,95.985895,88.8894,88.8894,5957.04,0.0
2187.19,1.00815155,1.0,0.0,96.271726,88.8126,88.8126,5963.86,0.0
2189.69,1.00835844,1.0,0.0,96.557716,88.7361,88.7361,5970.68,0.0
2192.19,1.00856975,1.0,0.0,96.843867,88.6596,88.6596,5977.5,0.0
2194.69,1.00878556,1.0,0.0,97.13018,88.5833,88.5833,5984.32,0.0
2197.2,1.00900593,1.0,0.0,97.416654,88.5071,88.5071,5991.14,0.0
2199.7,1.00923092,1.0,0.0,97.703293,88.431,88.431,5997.96,0.0
2202.2,1.00946061,1.0,0.0,97.990097,88.3551,88.3551,6004.78,0.0
2204.7,1.00969506,1.0,0.0,98.277067,88.2793,88.2793,6011.6,0.0
2207.21,1.00993432,1.0,0.0,98.564205,88.2037,88.2037,6018.42,0.0
2209.71,1.01017848,1.0,0.0,98.851512,88.1282,88.1282,6025.25,0.0
2212.21,1.01042758,1.0,0.0,99.138989,88.0528,88.0528,6032.07,0.0
2214.71,1.0106817,1.0,0.0,99.426638,87.9776,87.9776,6038.89,0.0
2217.22,1.01094089,1.0,0.0,99.71446,87.9025,87.9025,6045.71,0.0
2219.72,1.01120523,1.0,0.0,100.002456,87.8275,87.8275,6052.53,0.0
2222.22,1.01147476,1.0,0.0,100.290628,87.7527,87.7527,6059.35,0.0
2224.72,1.01174955,1.0,0.0,100.578977,87.678,87.678,6066.17,0.0
2227.23,1.01202966,1.0,0.0,100.867505,87.6034,87.6034,6072.99,0.0
2229.73,1.01231515,1.0,0.0,101.156213,87.529,87.529,6079.81,0.0
2232.23,1.01260608,1.0,0.0,101.445103,87.4546,87.4546,6086.63,0.0
2234.73,1.01290249,1.0,0.0,101.734176,87.3805,87.3805,6093.45,0.0
2237.24,1.01320444,1.0,0.0,102.023433,87.3064,87.3064,6100.27,0.0
2239.74,1.01351199,1.0,0.0,102.312876,87.2325,87.2325,6107.09,0.0
2242.24,1.01382519,1.0,0.0,102.602507,87.1587,87.1587,6113.91,0.0
2244.74,1.01414409,1.0,0.0,102.892327,87.0851,87.0851,6120.73,0.0
2247.25,1.01446873,1.0,0.0,103.182338,87.0115,87.0115,6127.55,0.0
2249.75,1.01479915,1.0,0.0,103.472542,86.9381,86.9381,6134.37,0.0
2252.25,1.01513541,1.0,0.0,103.762939,86.8649,86.8649,6141.19,0.0
2254.75,1.01547755,1.0,0.0,104.053532,86.7917,86.7917,6148.01,0.0
2257.26,1.01582559,1.0,0.0,104.344323,86.7187,86.7187,6154.83,0.0
2259.76,1.01617959,1.0,0.0,104.635312,86.6458,86.6458,6161.66,0.0
2262.26,1.01653957,1.0,0.0,104.926501,86.5731,86.5731,6168.48,0.0
2264.76,1.01690556,1.0,0.0,105.217893,86.5004,86.5004,6175.3,0.0
2267.27,1.0172776,1.0,0.0,105.509489,86.4279,86.4279,6182.12,0.0
2269.77,1.0176557,1.0,0.0,105.801291,86.3555,86.3555,6188.94,0.0
2272.27,1.01803989,1.0,0.0,106.0933,86.2833,86.2833,6195.76,0.0
2274.77,1.01843019,1.0,0.0,106.385517,86.2112,86.2112,6202.58,0.0
2277.28,1.01882661,1.0,0.0,106.677946,86.1392,86.1392,6209.4,0.0
2279.78,1.01922917,1.0,0.0,106.970587,86.0673,86.0673,6216.22,0.0
2282.28,1.01963787,1.0,0.0,107.263442,85.9955,85.9955,6223.04,0.0
2284.78,1.02005272,1.0,0.0,107.556513,85.9239,85.9239,6229.86,0.0
2287.29,1.02047372,1.0,0.0,107.849801,85.8524,85.8524,6236.68,0.0
2289.79,1.02090085,1.0,0.0,108.143309,85.781,85.781,6243.5,0.0
2292.29,1.02133413,1.0,0.0,108.437038,85.7097,85.7097,6250.32,0.0
2294.79,1.02177353,1.0,0.0,108.730989,85.6386,85.6386,6257.14,0.0
2297.3,1.02221903,1.0,0.0,109.025166,85.5676,85.5676,6263.96,0.0
2299.8,1.02267061,1.0,0.0,109.319568,85.4967,85.4967,6270.78,0.0
2302.3,1.02312825,1.0,0.0,109.614198,85.4259,85.4259,6277.6,0.0
2304.8,1.02359191,1.0,0.0,109.909059,85.3553,85.3553,6284.42,0.0
2307.31,1.02406156,1.0,0.0,110.20415,85.2848,85.2848,6291.25,0.0
2309.81,1.02453715,1.0,0.0,110.499474,85.2144,85.2144,6298.07,0.0
2312.31,1.02501864,1.0,0.0,110.795034,85.1441,85.1441,6304.89,0.0
2314.81,1.02550596,1.0,0.0,111.090829,85.0739,85.0739,6311.71,0.0
2317.32,1.02599907,1.0,0.0,111.386863,85.0039,85.0039,6318.53,0.0
2319.82,1.02649789,1.0,0.0,111.683136,84.9339,84.9339,6325.35,0.0
2322.32,1.02700236,1.0,0.0,111.979651,84.8641,84.8641,6332.17,0.0
2324.82,1.02751239,1.0,0.0,112.276409,84.7945,84.7945,6338.99,0.0
2327.33,1.0280279,1.0,0.0,112.573411,84.7249,84.7249,6345.81,0.0
2329.83,1.0285488,1.0,0.0,112.870659,84.6554,84.6554,6352.63,0.0
2332.33,1.029075,1.0,0.0,113.168155,84.5861,84.5861,6359.45,0.0
2334.83,1.02960639,1.0,0.0,113.4659,84.5169,84.5169,6366.27,0.0
2337.34,1.03014286,1.0,0.0,113.763895,84.4478,84.4478,6373.09,0.0
2339.84,1.03068429,1.0,0.0,114.062142,84.3788,84.3788,6379.91,0.0
2342.34,1.03123056,1.0,0.0,114.360643,84.31,84.31,6386.73,0.0
2344.84,1.03178155,1.0,0.0,114.659399,84.2412,84.2412,6393.55,0.0
2347.35,1.0323371,1.0,0.0,114.95841,84.1726,84.1726,6400.37,0.0
2349.85,1.03289709,1.0,0.0,115.257679,84.1041,84.1041,6407.19,0.0
2352.35,1.03346135,1.0,0.0,115.557207,84.0357,84.0357,6414.01,0.0
2354.85,1.03402974,1.0,0.0,115.856994,83.9674,83.9674,6420.84,0.0
2357.36,1.03460208,1.0,0.0,116.157043,83.8992,83.8992,6427.66,0.0
2359.86,1.03517821,1.0,0.0,116.457353,83.8312,83.8312,6434.48,0.0
2362.36,1.03575794,1.0,0.0,116.757927,83.7633,83.7633,6441.3,0.0
2364.86,1.0363411,1.0,0.0,117.058765,83.6954,83.6954,6448.12,0.0
2367.37,1.03692748,1.0,0.0,117.359868,83.6277,83.6277,6454.94,0.0
2369.87,1.0375169,1.0,0.0,117.661237,83.5601,83.5601,6461.76,0.0
2372.37,1.03810915,1.0,0.0,117.962874,83.4926,83.4926,6468.58,0.0
2374.87,1.03870402,1.0,0.0,118.264777,83.4253,83.4253,6475.4,0.0
2377.38,1.03930129,1.0,0.0,118.56695,83.358,83.358,6482.22,0.0
2379.88,1.03990074,1.0,0.0,118.869391,83.2909,83.2909,6489.04,0.0
2382.38,1.04050215,1.0,0.0,119.172102,83.2239,83.2239,6495.86,0.0
2384.88,1.04110527,1.0,0.0,119.475084,83.1569,83.1569,6502.68,0.0
2387.39,1.04170987,1.0,0.0,119.778336,83.0901,83.0901,6509.5,0.0
2389.89,1.04231571,1.0,0.0,120.081859,83.0234,83.0234,6516.32,0.0
2392.39,1.04292254,1.0,0.0,120.385654,82.9568,82.9568,6523.14,0.0
2394.89,1.0435301,1.0,0.0,120.68972,82.8904,82.8904,6529.96,0.0
2397.4,1.04413815,1.0,0.0,120.994058,82.824,82.824,6536.78,0.0
2399.9,1.04474641,1.0,0.0,121.298668,82.7577,82.7577,6543.6,0.0
2402.4,1.04535463,1.0,0.0,121.60355,82.6916,82.6916,6550.43,0.0
2404.9,1.04596254,1.0,0.0,121.908704,82.6256,82.6256,6557.25,0.0
2407.41,1.04656987,1.0,0.0,122.21413,82.5596,82.5596,6564.07,0.0
2409.91,1.04717635,1.0,0.0,122.519827,82.4938,82.4938,6570.89,0.0
2412.41,1.04778171,1.0,0.0,122.825796,82.4281,82.4281,6577.71,0.0
2414.91,1.04838567,1.0,0.0,123.132035,82.3625,82.3625,6584.53,0.0
2417.42,1.04898797,1.0,0.0,123.438545,82.297,82.297,6591.35,0.0
2419.92,1.04958832,1.0,0.0,123.745325,82.2316,82.2316,6598.17,0.0
2422.42,1.05018645,1.0,0.0,124.052375,82.1664,82.1664,6604.99,0.0
2424.92,1.05078208,1.0,0.0,124.359693,82.1012,82.1012,6611.81,0.0
2427.43,1.05137496,1.0,0.0,124.667278,82.0361,82.0361,6618.63,0.0
2429.93,1.0519648,1.0,0.0,124.975131,81.9712,81.9712,6625.45,0.0
2432.43,1.05255133,1.0,0.0,125.28325,81.9063,81.9063,6632.27,0.0
2434.93,1.0531343,1.0,0.0,125.591634,81.8416,81.8416,6639.09,0.0
2437.44,1.05371344,1.0,0.0,125.900283,81.777,81.777,6645.91,0.0
2439.94,1.0542885,1.0,0.0,126.209193,81.7124,81.7124,6652.73,0.0
2442.44,1.05485921,1.0,0.0,126.518366,81.648,81.648,6659.55,0.0
2444.94,1.05542534,1.0,0.0,126.827799,81.5837,81.5837,6666.37,0.0
2447.45,1.05598664,1.0,0.0,127.13749,81.5195,81.5195,6673.19,0.0
2449.95,1.05654286,1.0,0.0,127.44744,81.4554,81.4554,6680.02,0.0
2452.45,1.05709379,1.0,0.0,127.757645,81.3914,81.3914,6686.84,0.0
2454.95,1.0576392,1.0,0.0,128.068104,81.3275,81.3275,6693.66,0.0
2457.46,1.05817887,1.0,0.0,128.378816,81.2637,81.2637,6700.48,0.0
2459.96,1.05871259,1.0,0.0,128.689779,81.2,81.2,6707.3,0.0
2462.46,1.05924017,1.0,0.0,129.000991,81.1364,81.1364,6714.12,0.0
2464.96,1.05976141,1.0,0.0,129.31245,81.0729,81.0729,6720.94,0.0
2467.47,1.06027613,1.0,0.0,129.624155,81.0095,81.0095,6727.76,0.0
2469.97,1.06078415,1.0,0.0,129.936103,80.9462,80.9462,6734.58,0.0
2472.47,1.06128531,1.0,0.0,130.248292,80.883,80.883,6741.4,0.0
2474.97,1.06177946,1.0,0.0,130.560721,80.82,80.82,6748.22,0.0
2477.48,1.06226645,1.0,0.0,130.873387,80.757,80.757,6755.04,0.0
2479.98,1.06274615,1.0,0.0,131.186289,80.6941,80.6941,6761.86,0.0
2482.48,1.06321843,1.0,0.0,131.499423,80.6313,80.6313,6768.68,0.0
2484.98,1.06368318,1.0,0.0,131.812787,80.5687,80.5687,6775.5,0.0
2487.49,1.0641403,1.0,0.0,132.126381,80.5061,80.5061,6782.32,0.0
2489.99,1.06458969,1.0,0.0,132.4402,80.4436,80.4436,6789.14,0.0
2492.49,1.06503127,1.0,0.0,132.754243,80.3813,80.3813,6795.96,0.0
2494.99,1.06546497,1.0,0.0,133.068508,80.319,80.319,6802.78,0.0
2497.5,1.06589074,1.0,0.0,133.382991,80.2568,80.2568,6809.6,0.0
2500.0,1.06630851,1.0,0.0,133.697692,80.1947,80.1947,6816.43,0.0
