p,s_residual,eta,residual_term,gradient_term,R_tilde_total
0.2,0.0,100.0,6.30957344,-0.00090858,6.30866487
0.2,0.0,1005.7876,15.88555916,-2.261e-05,15.88553655
0.2,0.0,10116.0864,39.99493659,-5.6e-07,39.99493602
0.2,0.0,101746.3403,100.69491017,-1e-08,100.69491015
0.2,0.0,1023352.0471,253.5187151,-0.0,253.5187151
0.2,0.0,10292747.7241,638.2819032,-0.0,638.2819032
0.2,0.0,103523177.5931,1606.99689486,-0.0,1606.99689486
0.2,0.0,1041223256.0483,4045.92235368,-0.0,4045.92235368
0.2,0.0,10472494122.9815,10186.3841457,-0.0,10186.3841457
0.2,0.0,105331044537.0934,25646.17234173,-0.0,25646.17234173
0.2,1.0,100.0,0.06309573,-0.00090858,0.06218716
0.2,1.0,1005.7876,0.01579415,-2.261e-05,0.01577154
0.2,1.0,10116.0864,0.0039536,-5.6e-07,0.00395303
0.2,1.0,101746.3403,0.00098967,-1e-08,0.00098965
0.2,1.0,1023352.0471,0.00024773,-0.0,0.00024773
0.2,1.0,10292747.7241,6.201e-05,-0.0,6.201e-05
0.2,1.0,103523177.5931,1.552e-05,-0.0,1.552e-05
0.2,1.0,1041223256.0483,3.89e-06,-0.0,3.89e-06
0.2,1.0,10472494122.9815,9.7e-07,-0.0,9.7e-07
0.2,1.0,105331044537.0934,2.4e-07,-0.0,2.4e-07
0.2,2.0,100.0,0.00063096,-0.00090858,-0.00027762
0.2,2.0,1005.7876,1.57e-05,-2.261e-05,-6.91e-06
0.2,2.0,10116.0864,3.9e-07,-5.6e-07,-1.7e-07
0.2,2.0,101746.3403,1e-08,-1e-08,-0.0
0.2,2.0,1023352.0471,0.0,-0.0,-0.0
0.2,2.0,10292747.7241,0.0,-0.0,-0.0
0.2,2.0,103523177.5931,0.0,-0.0,-0.0
0.2,2.0,1041223256.0483,0.0,-0.0,-0.0
0.2,2.0,10472494122.9815,0.0,-0.0,-0.0
0.2,2.0,105331044537.0934,0.0,-0.0,-0.0
0.3,0.0,100.0,15.84893192,-0.00370865,15.84522327
0.3,0.0,1005.7876,63.31458424,-0.00014646,63.31443778
0.3,0.0,10116.0864,252.93417857,-5.78e-06,252.93417279
0.3,0.0,101746.3403,1010.44174035,-2.3e-07,1010.44174013
0.3,0.0,1023352.0471,4036.59369568,-1e-08,4036.59369568
0.3,0.0,10292747.7241,16125.70820593,-0.0,16125.70820593
0.3,0.0,103523177.5931,64420.27232535,-0.0,64420.27232535
0.3,0.0,1041223256.0483,257351.27000169,-0.0,257351.27000169
0.3,0.0,10472494122.9815,1028087.49141871,-0.0,1028087.49141871
0.3,0.0,105331044537.0934,4107086.35712061,-0.0,4107086.35712061
0.3,1.0,100.0,0.15848932,-0.00370865,0.15478067
0.3,1.0,1005.7876,0.06295026,-0.00014646,0.0628038
0.3,1.0,10116.0864,0.02500317,-5.78e-06,0.02499738
0.3,1.0,101746.3403,0.00993099,-2.3e-07,0.00993076
0.3,1.0,1023352.0471,0.00394448,-1e-08,0.00394447
0.3,1.0,10292747.7241,0.00156671,-0.0,0.00156671
0.3,1.0,103523177.5931,0.00062228,-0.0,0.00062228
0.3,1.0,1041223256.0483,0.00024716,-0.0,0.00024716
0.3,1.0,10472494122.9815,9.817e-05,-0.0,9.817e-05
0.3,1.0,105331044537.0934,3.899e-05,-0.0,3.899e-05
0.3,2.0,100.0,0.00158489,-0.00370865,-0.00212376
0.3,2.0,1005.7876,6.259e-05,-0.00014646,-8.387e-05
0.3,2.0,10116.0864,2.47e-06,-5.78e-06,-3.31e-06
0.3,2.0,101746.3403,1e-07,-2.3e-07,-1.3e-07
0.3,2.0,1023352.0471,0.0,-1e-08,-1e-08
0.3,2.0,10292747.7241,0.0,-0.0,-0.0
0.3,2.0,103523177.5931,0.0,-0.0,-0.0
0.3,2.0,1041223256.0483,0.0,-0.0,-0.0
0.3,2.0,10472494122.9815,0.0,-0.0,-0.0
0.3,2.0,105331044537.0934,0.0,-0.0,-0.0
0.4,0.0,100.0,39.81071706,-0.0133764,39.79734065
0.4,0.0,1005.7876,252.35098981,-0.00083817,252.35015164
0.4,0.0,10116.0864,1599.59495253,-5.252e-05,1599.59490001
0.4,0.0,101746.3403,10139.46493371,-3.29e-06,10139.46493042
0.4,0.0,1023352.0471,64271.73890427,-2.1e-07,64271.73890406
0.4,0.0,10292747.7241,407403.78795002,-1e-08,407403.78795001
0.4,0.0,103523177.5931,2582439.02009937,-0.0,2582439.02009937
0.4,0.0,1041223256.0483,16369487.69202409,-0.0,16369487.69202409
0.4,0.0,10472494122.9815,103762421.96379766,-0.0,103762421.96379766
0.4,0.0,105331044537.0934,657726155.781843,-0.0,657726155.781843
0.4,1.0,100.0,0.39810717,-0.0133764,0.38473077
0.4,1.0,1005.7876,0.25089889,-0.00083817,0.25006072
0.4,1.0,10116.0864,0.15812389,-5.252e-05,0.15807137
0.4,1.0,101746.3403,0.09965435,-3.29e-06,0.09965105
0.4,1.0,1023352.0471,0.06280511,-2.1e-07,0.0628049
0.4,1.0,10292747.7241,0.03958164,-1e-08,0.03958162
0.4,1.0,103523177.5931,0.02494552,-0.0,0.02494551
0.4,1.0,1041223256.0483,0.0157214,-0.0,0.0157214
0.4,1.0,10472494122.9815,0.00990809,-0.0,0.00990809
0.4,1.0,105331044537.0934,0.00624437,-0.0,0.00624437
0.4,2.0,100.0,0.00398107,-0.0133764,-0.00939533
0.4,2.0,1005.7876,0.00024946,-0.00083817,-0.00058871
0.4,2.0,10116.0864,1.563e-05,-5.252e-05,-3.689e-05
0.4,2.0,101746.3403,9.8e-07,-3.29e-06,-2.31e-06
0.4,2.0,1023352.0471,6e-08,-2.1e-07,-1.4e-07
0.4,2.0,10292747.7241,0.0,-1e-08,-1e-08
0.4,2.0,103523177.5931,0.0,-0.0,-0.0
0.4,2.0,1041223256.0483,0.0,-0.0,-0.0
0.4,2.0,10472494122.9815,0.0,-0.0,-0.0
0.4,2.0,105331044537.0934,0.0,-0.0,-0.0
0.45,0.0,100.0,63.09573445,-0.02470198,63.07103247
0.45,0.0,1005.7876,503.79707199,-0.00194973,503.79512226
0.45,0.0,10116.0864,4022.64102261,-0.00015389,4022.64086872
0.45,0.0,101746.3403,32119.36253024,-1.215e-05,32119.36251809
0.45,0.0,1023352.0471,256461.72341732,-9.6e-07,256461.72341637
0.45,0.0,10292747.7241,2047755.94522655,-8e-08,2047755.94522647
0.45,0.0,103523177.5931,16350605.28852161,-1e-08,16350605.2885216
0.45,0.0,1041223256.0483,130553786.90230323,-0.0,130553786.90230323
0.45,0.0,10472494122.9815,1042425706.8022617,-0.0,1042425706.8022617
0.45,0.0,105331044537.0934,8323399726.546149,-0.0,8323399726.546149
0.45,1.0,100.0,0.63095734,-0.02470198,0.60625536
0.45,1.0,1005.7876,0.50089809,-0.00194973,0.49894836
0.45,1.0,10116.0864,0.39764795,-0.00015389,0.39749406
0.45,1.0,101746.3403,0.31568076,-1.215e-05,0.31566862
0.45,1.0,1023352.0471,0.25060948,-9.6e-07,0.25060852
0.45,1.0,10292747.7241,0.19895134,-8e-08,0.19895126
0.45,1.0,103523177.5931,0.15794149,-1e-08,0.15794149
0.45,1.0,1041223256.0483,0.12538501,-0.0,0.12538501
0.45,1.0,10472494122.9815,0.09953939,-0.0,0.09953939
0.45,1.0,105331044537.0934,0.07902133,-0.0,0.07902133
0.45,2.0,100.0,0.00630957,-0.02470198,-0.01839241
0.45,2.0,1005.7876,0.00049802,-0.00194973,-0.00145172
0.45,2.0,10116.0864,3.931e-05,-0.00015389,-0.00011458
0.45,2.0,101746.3403,3.1e-06,-1.215e-05,-9.04e-06
0.45,2.0,1023352.0471,2.4e-07,-9.6e-07,-7.1e-07
0.45,2.0,10292747.7241,2e-08,-8e-08,-6e-08
0.45,2.0,103523177.5931,0.0,-1e-08,-0.0
0.45,2.0,1041223256.0483,0.0,-0.0,-0.0
0.45,2.0,10472494122.9815,0.0,-0.0,-0.0
0.45,2.0,105331044537.0934,0.0,-0.0,-0.0
0.5,0.0,100.0,100.0,-0.045,99.955
0.5,0.0,1005.7876,1005.78757362,-0.00447411,1005.78309951
0.5,0.0,10116.0864,10116.0864325,-0.00044484,10116.08598766
0.5,0.0,101746.3403,101746.34027476,-4.423e-05,101746.34023053
0.5,0.0,1023352.0471,1023352.04709726,-4.4e-06,1023352.04709286
0.5,0.0,10292747.7241,10292747.72409608,-4.4e-07,10292747.72409564
0.5,0.0,103523177.5931,103523177.59307377,-4e-08,103523177.59307373
0.5,0.0,1041223256.0483,1041223256.0483065,-0.0,1041223256.0483065
0.5,0.0,10472494122.9815,10472494122.981476,-0.0,10472494122.981476
0.5,0.0,105331044537.0934,105331044537.09338,-0.0,105331044537.09338
0.5,1.0,100.0,1.0,-0.045,0.955
0.5,1.0,1005.7876,1.0,-0.00447411,0.99552589
0.5,1.0,10116.0864,1.0,-0.00044484,0.99955516
0.5,1.0,101746.3403,1.0,-4.423e-05,0.99995577
0.5,1.0,1023352.0471,1.0,-4.4e-06,0.9999956
0.5,1.0,10292747.7241,1.0,-4.4e-07,0.99999956
0.5,1.0,103523177.5931,1.0,-4e-08,0.99999996
0.5,1.0,1041223256.0483,1.0,-0.0,1.0
0.5,1.0,10472494122.9815,1.0,-0.0,1.0
0.5,1.0,105331044537.0934,1.0,-0.0,1.0
0.5,2.0,100.0,0.01,-0.045,-0.035
0.5,2.0,1005.7876,0.00099425,-0.00447411,-0.00347986
0.5,2.0,10116.0864,9.885e-05,-0.00044484,-0.00034598
0.5,2.0,101746.3403,9.83e-06,-4.423e-05,-3.44e-05
0.5,2.0,1023352.0471,9.8e-07,-4.4e-06,-3.42e-06
0.5,2.0,10292747.7241,1e-07,-4.4e-07,-3.4e-07
0.5,2.0,103523177.5931,1e-08,-4e-08,-3e-08
0.5,2.0,1041223256.0483,0.0,-0.0,-0.0
0.5,2.0,10472494122.9815,0.0,-0.0,-0.0
0.5,2.0,105331044537.0934,0.0,-0.0,-0.0
0.75,0.0,100.0,1000.0,-0.7875,999.2125
0.75,0.0,1005.7876,31897.70215466,-0.24831184,31897.45384282
0.75,0.0,10116.0864,1017463.40274761,-0.07829685,1017463.32445076
0.75,0.0,101746.3403,32454744.57411329,-0.0246883,32454744.54942499
0.75,0.0,1023352.0471,1035231775.9307379,-0.00778463,1035231775.9229532
0.75,0.0,10292747.7241,33021514849.681725,-0.00245462,33021514849.67927
0.75,0.0,103523177.5931,1053310445370.9359,-0.00077398,1053310445370.9352
0.75,0.0,1041223256.0483,33598182862837.88,-0.00024405,33598182862837.88
0.75,0.0,10472494122.9815,1071704829896709.2,-7.695e-05,1071704829896709.2
0.75,0.0,105331044537.0934,3.4184921461759132e+16,-2.426e-05,3.4184921461759132e+16
0.75,1.0,100.0,10.0,-0.7875,9.2125
0.75,1.0,1005.7876,31.71415415,-0.24831184,31.46584231
0.75,1.0,10116.0864,100.57875736,-0.07829685,100.50046051
0.75,1.0,101746.3403,318.97702155,-0.0246883,318.95233325
0.75,1.0,1023352.0471,1011.60864325,-0.00778463,1011.60085862
0.75,1.0,10292747.7241,3208.23124542,-0.00245462,3208.2287908
0.75,1.0,103523177.5931,10174.63402748,-0.00077398,10174.63325349
0.75,1.0,1041223256.0483,32267.99119946,-0.00024405,32267.99095541
0.75,1.0,10472494122.9815,102335.20470973,-7.695e-05,102335.20463277
0.75,1.0,105331044537.0934,324547.44574113,-2.426e-05,324547.44571687
0.75,2.0,100.0,0.1,-0.7875,-0.6875
0.75,2.0,1005.7876,0.03153166,-0.24831184,-0.21678018
0.75,2.0,10116.0864,0.00994246,-0.07829685,-0.06835439
0.75,2.0,101746.3403,0.00313502,-0.0246883,-0.02155328
0.75,2.0,1023352.0471,0.00098852,-0.00778463,-0.00679611
0.75,2.0,10292747.7241,0.0003117,-0.00245462,-0.00214293
0.75,2.0,103523177.5931,9.828e-05,-0.00077398,-0.0006757
0.75,2.0,1041223256.0483,3.099e-05,-0.00024405,-0.00021306
0.75,2.0,10472494122.9815,9.77e-06,-7.695e-05,-6.718e-05
0.75,2.0,105331044537.0934,3.08e-06,-2.426e-05,-2.118e-05
0.9,0.0,100.0,3981.07170553,-4.08457957,3976.98712597
0.9,0.0,1005.7876,253811.48974259,-2.57422265,253808.91551994
0.9,0.0,10116.0864,16181640.7968209,-1.62235113,16181639.17446977
0.9,0.0,101746.3403,1031653449.3489401,-1.02245358,1031653448.3264866
0.9,0.0,1023352.0471,65772615578.18437,-0.64438044,65772615577.53999
0.9,0.0,10292747.7241,4193304411210.6772,-0.40610758,4193304411210.271
0.9,0.0,103523177.5931,267342293301030.88,-0.25594099,267342293301030.62
0.9,0.0,1041223256.0483,1.7044291274532002e+16,-0.16130157,1.7044291274532002e+16
0.9,0.0,10472494122.9815,1.086651354202195e+18,-0.10165701,1.086651354202195e+18
0.9,0.0,105331044537.0934,6.927898300786852e+19,-0.06406725,6.927898300786852e+19
0.9,1.0,100.0,39.81071706,-4.08457957,35.72613749
0.9,1.0,1005.7876,252.35098981,-2.57422265,249.77676716
0.9,1.0,10116.0864,1599.59495253,-1.62235113,1597.97260141
0.9,1.0,101746.3403,10139.46493371,-1.02245358,10138.44248012
0.9,1.0,1023352.0471,64271.73890427,-0.64438044,64271.09452383
0.9,1.0,10292747.7241,407403.78795002,-0.40610758,407403.38184244
0.9,1.0,103523177.5931,2582439.02009937,-0.25594099,2582438.76415839
0.9,1.0,1041223256.0483,16369487.69202409,-0.16130157,16369487.53072252
0.9,1.0,10472494122.9815,103762421.96379766,-0.10165701,103762421.86214064
0.9,1.0,105331044537.0934,657726155.781843,-0.06406725,657726155.7177757
0.9,2.0,100.0,0.39810717,-4.08457957,-3.6864724
0.9,2.0,1005.7876,0.25089889,-2.57422265,-2.32332376
0.9,2.0,10116.0864,0.15812389,-1.62235113,-1.46422723
0.9,2.0,101746.3403,0.09965435,-1.02245358,-0.92279924
0.9,2.0,1023352.0471,0.06280511,-0.64438044,-0.58157533
0.9,2.0,10292747.7241,0.03958164,-0.40610758,-0.36652594
0.9,2.0,103523177.5931,0.02494552,-0.25594099,-0.23099547
0.9,2.0,1041223256.0483,0.0157214,-0.16130157,-0.14558017
0.9,2.0,10472494122.9815,0.00990809,-0.10165701,-0.09174892
0.9,2.0,105331044537.0934,0.00624437,-0.06406725,-0.05782288
