z,A,rho_phi,p_phi,w_phi
0.0,1.0,49.00441,-44.103969,-0.9
1.001,0.9999004025,152.1473663353,-144.5438036055,-0.950025
2.002,0.9998017971,432.3532894409,-417.9511241808,-0.966689
3.003,0.9997041642,978.352864187,-953.9123912857,-0.975019
4.004,0.9996074849,1878.9830398643,-1841.4334488096,-0.980016
5.005,0.9995117409,3223.1870301841,-3169.5120202965,-0.983347
6.006,0.9994169144,5100.0143132781,-5027.219424023,-0.985727
7.007,0.999322988,7598.6206316985,-7503.7209941055,-0.987511
8.008,0.9992299448,10808.2679924183,-10688.282886024,-0.988899
9.009,0.9991377685,14818.3246668308,-14670.2747984223,-0.990009
10.01,0.9990464432,19718.2651907497,-19539.1712101555,-0.990917
11.011,0.9989559533,25597.6703644095,-25384.551998762,-0.991674
12.012,0.9988662838,32546.2272524651,-32296.1027734651,-0.992315
13.013,0.9987774201,40653.7291839918,-40363.615065449,-0.992864
14.014,0.9986893478,50010.0757524856,-49676.98644202,-0.99334
15.015,0.998602053,60705.272815863,-60326.2205779541,-0.993756
16.016,0.9985155223,72829.4324964609,-72401.4273016614,-0.994123
17.017,0.9984297423,86472.7731810368,-85992.8226259623,-0.99445
18.018,0.9983447003,101725.6195207687,-101190.7287691436,-0.994742
19.019,0.9982603837,118678.4024312551,-118085.5741696979,-0.995005
20.02,0.9981767803,137421.6590925153,-136767.8934968516,-0.995243
21.021,0.9980938782,158046.0329489886,-157328.3276582207,-0.995459
22.022,0.9980116659,180642.2737095352,-179857.6238054706,-0.995656
23.023,0.9979301318,205301.2373474357,-204446.63533856,-0.995837
24.024,0.9978492651,232113.8861003912,-231186.3219089663,-0.996004
25.025,0.997769055,261171.2884705233,-260167.7494221674,-0.996158
26.026,0.9976894908,292564.6192243744,-291482.0900395706,-0.9963
27.027,0.9976105624,326385.1593929071,-325220.6221800298,-0.996432
28.028,0.9975322597,362724.2962715045,-361474.7305210468,-0.996555
29.029,0.9974545729,401673.5234199706,-400335.9059997348,-0.99667
30.03,0.9973774924,443324.4406625293,-441895.7458135926,-0.996777
31.031,0.997301009,487768.7540878256,-486245.9534211368,-0.996878
32.032,0.9972251134,535098.2760489248,-533478.3385424159,-0.996973
33.033,0.9971497968,585404.9251633127,-583684.8171594357,-0.997062
34.034,0.9970750504,638780.7263128955,-636957.4115165111,-0.997146
35.035,0.9970008656,695317.8106440005,-693388.2501205599,-0.997225
36.036,0.9969272343,755108.4155673744,-753069.5677413472,-0.9973
37.037,0.9968541481,818244.8847581856,-816093.7054116938,-0.997371
38.038,0.9967815992,884819.6681560228,-882553.1104276506,-0.997438
39.039,0.9967095797,954925.3219648935,-952540.3363486457,-0.997502
40.04,0.996638082,1028654.5086532293,-1026148.0429976168,-0.997563
41.041,0.9965670986,1106099.9969538793,-1103468.996461113,-0.997621
42.042,0.9964966222,1187354.6618641126,-1184596.0690893917,-0.997677
43.043,0.9964266457,1272511.484645622,-1269622.2394965028,-0.997729
44.044,0.996357162,1361663.552824519,-1358640.592560354,-0.99778
45.045,0.9962881643,1454904.0601913342,-1451744.3194227715,-0.997828
46.046,0.9962196459,1552326.306801021,-1549026.7174895587,-0.997874
47.047,0.9961516002,1654023.6989729535,-1650581.190430538,-0.997919
48.048,0.9960840207,1760089.7492909238,-1756501.2481795917,-0.997961
49.049,0.9960169011,1870618.0766031477,-1866880.5069347012,-0.998002
50.0501,0.9959502353,1985702.4060222576,-1981812.6891579735,-0.998041
51.0511,0.9958840172,2105436.568925311,-2101391.6235756767,-0.998079
52.0521,0.9958182408,2229914.5029537817,-2225711.245178256,-0.998115
53.0531,0.9957529003,2359230.2520135674,-2354865.5952203646,-0.99815
54.0541,0.99568799,2493477.9662749837,-2488948.821220876,-0.998184
55.0551,0.9956235043,2632751.902172769,-2628055.176962907,-0.998216
56.0561,0.9955594377,2777146.4224060816,-2772279.0224938313,-0.998247
57.0571,0.9954957848,2926755.9959384967,-2921714.8241252885,-0.998278
58.0581,0.9954325404,3081675.197998016,-3076457.15443321,-0.998307
59.0591,0.9953696992,3241998.7100770585,-3236600.6922578164,-0.998335
60.0601,0.9953072561,3407821.319932464,-3402240.2227036366,-0.998362
61.0611,0.9952452063,3579237.921585491,-3573470.6371395094,-0.998389
62.0621,0.9951835447,3756343.515321823,-3750386.9331986043,-0.998414
63.0631,0.9951222667,3939233.20769156,-3933084.214778415,-0.998439
64.0641,0.9950613673,4128002.211509223,-4121657.6920407736,-0.998463
65.0651,0.9950008422,4322745.845853758,-4316202.6814118605,-0.998486
66.0661,0.9949406865,4523559.536068523,-4516814.605582199,-0.998509
67.0671,0.9948808961,4730538.813761309,-4723588.9935066765,-0.998531
68.0681,0.9948214663,4943779.31680431,-4936621.480404526,-0.998552
69.0691,0.994762393,5163376.78933416,-5156007.8077593595,-0.998573
70.0701,0.9947036718,5389427.081751897,-5381843.823319144,-0.998593
71.0711,0.9946452988,5622026.150722992,-5614225.4810962295,-0.998612
72.0721,0.9945872696,5861270.059177327,-5853248.841367332,-0.998631
73.0731,0.9945295805,6107254.976309209,-6099010.070673548,-0.99865
74.0741,0.9944722273,6360077.177577371,-6351605.441820361,-0.998668
75.0751,0.9944152063,6619833.044704953,-6611131.333877626,-0.998686
76.0761,0.9943585136,6886619.065679528,-6877684.232179594,-0.998703
77.0771,0.9943021455,7160531.834753082,-7151360.728324899,-0.998719
78.0781,0.9942460984,7441668.052442023,-7432257.520176564,-0.998735
79.0791,0.9941903685,7730124.525527187,-7720471.411862014,-0.998751
80.0801,0.9941349524,8025998.167053819,-8016099.313773054,-0.998767
81.0811,0.9940798465,8329385.996331596,-8319238.242565897,-0.998782
82.0821,0.9940250475,8640385.1389346,-8629985.321161138,-0.998796
83.0831,0.9939705518,8959092.826701343,-8948437.77874378,-0.998811
84.0841,0.9939163563,9285606.39773477,-9274692.950763233,-0.998825
85.0851,0.9938624576,9620023.29640222,-9608848.278933289,-0.998838
86.0861,0.9938088525,9962441.073335472,-9951001.311232159,-0.998852
87.0871,0.9937555379,10312957.385430723,-10301249.701902451,-0.998865
88.0881,0.9937025106,10671669.995848585,-10659691.211451173,-0.998878
89.0891,0.9936497676,11038676.77401409,-11026423.706649741,-0.99889
90.0901,0.9935973058,11414075.695616694,-11401545.160533978,-0.998902
91.0911,0.9935451224,11797964.84261028,-11785153.652404116,-0.998914
92.0921,0.9934932142,12190442.403213134,-12177347.367824785,-0.998926
93.0931,0.9934415786,12591606.67190798,-12578224.598625034,-0.998937
94.0941,0.9933902126,13001556.049441952,-12987883.742898311,-0.998948
95.0951,0.9933391135,13420389.042826617,-13406423.30500249,-0.998959
96.0961,0.9932882785,13848204.265337942,-13833941.895559829,-0.99897
97.0971,0.9932377049,14285100.43651633,-14270538.231457014,-0.998981
98.0981,0.9931873901,14731176.382166613,-14716311.13584515,-0.998991
99.0991,0.9931373314,15186531.034358008,-15171359.538139721,-0.999001
100.1001,0.9930875263,15651263.431424182,-15635782.47402065,-0.999011
101.1011,0.9930379721,16125472.717963232,-16109679.08543228,-0.999021
102.1021,0.9929886665,16609258.14483765,-16593148.620583342,-0.99903
103.1031,0.9929396069,17102719.069174353,-17086290.43394699,-0.999039
104.1041,0.9928907909,17605954.95436469,-17589203.986260794,-0.999049
105.1051,0.9928422161,18119065.370064415,-18101988.844526727,-0.999058
106.1061,0.9927938802,18642149.992193736,-18624744.68201121,-0.999066
107.1071,0.9927457808,19175308.602937225,-19157571.27824502,-0.999075
108.1081,0.9926979156,19718641.09074393,-19700568.519023404,-0.999083
109.1091,0.9926502824,20272247.450327296,-20253836.39640601,-0.999092
110.1101,0.992602879,20836227.782665167,-20817475.00871686,-0.9991
111.1111,0.992555703,21410682.294999857,-21391584.560544454,-0.999108
112.1121,0.9925087525,21995711.300838057,-21976265.362741668,-0.999116
113.1131,0.9924620253,22591415.219950896,-22571617.832425803,-0.999124
114.1141,0.9924155191,23197894.57837392,-23177742.492978573,-0.999131
115.1151,0.9923692321,23815250.008407112,-23794739.974046126,-0.999139
116.1161,0.9923231621,24443582.24861484,-24422711.011538997,-0.999146
117.1171,0.9922773071,25082992.143825926,-25061756.44763216,-0.999153
118.1181,0.9922316651,25733580.645133596,-25711977.230764996,-0.99916
119.1191,0.9921862342,26395448.8098955,-26373474.41564131,-0.999167
120.1201,0.9921410125,27068697.801733732,-27046349.16322934,-0.999174
121.1211,0.992095998,27753428.890534744,-27730702.74076168,-0.999181
122.1221,0.9920511888,28449743.45244947,-28426636.521735404,-0.999188
123.1231,0.9920065831,29157742.969893243,-29134251.985911984,-0.999194
124.1241,0.9919621791,29877529.031545807,-29853650.7193173,-0.999201
125.1251,0.9919179749,30609203.332351357,-30584934.414241675,-0.999207
126.1261,0.9918739688,31352867.673518457,-31328204.869239803,-0.999213
127.1271,0.991830159,32108623.96252016,-32083563.98913087,-0.99922
128.1281,0.9917865438,32876574.213093843,-32851113.78499837,-0.999226
129.1291,0.9917431214,33656820.54524142,-33630956.374190345,-0.999232
130.1301,0.9916998902,34449465.18522913,-34423193.980319135,-0.999237
131.1311,0.9916568486,35254610.46558771,-35227928.93326162,-0.999243
132.1321,0.9916139948,36072358.825112216,-36045263.66915895,-0.999249
133.1331,0.9915713272,36902812.80886226,-36875300.73041686,-0.999254
134.1341,0.9915288443,37746075.068161726,-37718142.76570534,-0.99926
135.1351,0.9914865444,38602248.36059905,-38573892.52995894,-0.999265
136.1361,0.991444426,39471435.550027,-39442652.88437653,-0.999271
137.1371,0.9914024876,40353739.60656282,-40324526.796421476,-0.999276
138.1381,0.9913607275,41249263.60658811,-41219617.33982146,-0.999281
139.1391,0.9913191444,42158110.73274899,-42128027.69456871,-0.999286
140.1401,0.9912777367,43080384.273955874,-43049861.14691974,-0.999291
141.1411,0.991236503,44016187.62538374,-43985221.08939563,-0.999296
142.1421,0.9911954418,44965624.288471825,-44934211.02078171,-0.999301
143.1431,0.9911545517,45928797.870923966,-45896934.54612792,-0.999306
144.1441,0.9911138313,46905812.086708225,-46873495.37674842,-0.999311
145.1451,0.9910732791,47896770.75605727,-47863997.33022196,-0.999316
146.1461,0.9910328938,48901777.80546807,-48868544.3303916,-0.99932
147.1471,0.9909926741,49920937.26770206,-49887240.407364875,-0.999325
148.1481,0.9909526186,50954353.28178507,-50920189.6975137,-0.99933
149.1491,0.9909127259,52002130.093007386,-51967496.44347444,-0.999334
150.1502,0.9908729948,53064372.05292368,-53029264.994147874,-0.999338
151.1512,0.9908334239,54141183.61935305,-54105599.80469918,-0.999343
152.1522,0.990794012,55232669.35637904,-55196605.43655798,-0.999347
153.1532,0.9907547578,56338933.934349634,-56302386.55741835,-0.999351
154.1542,0.9907156601,57460082.1298771,-57423047.94123863,-0.999355
155.1552,0.9906767176,58596218.82583836,-58558694.468241826,-0.99936
156.1562,0.9906379291,59747449.011374496,-59709431.124915116,-0.999364
157.1572,0.9905992933,60913877.781891204,-60875363.00401026,-0.999368
158.1582,0.9905608092,62095610.33905856,-62056595.30454343,-0.999372
159.1592,0.9905224755,63292751.990811,-63253233.33179512,-0.999376
160.1602,0.9904842911,64505408.15134737,-64465382.497310266,-0.999379
161.1612,0.9904462547,65733684.34113111,-65693148.31889839,-0.999383
162.1622,0.9904083653,66977686.18688984,-66936636.420633174,-0.999387
163.1632,0.9903706218,68237519.42161572,-68195952.53285287,-0.999391
164.1642,0.990333023,69513289.88456537,-69471202.49216016,-0.999395
165.1652,0.9902955678,70805103.52125974,-70762492.24142207,-0.999398
166.1662,0.9902582551,72113066.38348433,-72069927.82977018,-0.999402
167.1672,0.9902210839,73437284.62928885,-73393615.41260026,-0.999405
168.1682,0.9901840531,74777864.52298768,-74733661.25157279,-0.999409
169.1692,0.9901471616,76134912.43515942,-76090171.7146124,-0.999412
170.1702,0.9901104085,77508534.84264717,-77463253.27590829,-0.999416
171.1712,0.9900737926,78898838.32855846,-78853012.51591407,-0.999419
172.1722,0.990037313,80305929.58226526,-80259556.12134774,-0.999423
173.1732,0.9900009686,81729915.39940389,-81682990.88519172,-0.999426
174.1742,0.9899647586,83170902.68187512,-83123423.70669287,-0.999429
175.1752,0.9899286817,84628998.4378442,-84580961.59136246,-0.999432
176.1762,0.9898927372,86104309.78174073,-86055711.65097617,-0.999436
177.1772,0.9898569241,87596943.93425871,-87547781.10357408,-0.999439
178.1782,0.9898212413,89107008.22235665,-89057277.27346078,-0.999442
179.1792,0.989785688,90634610.07925737,-90584307.59120512,-0.999445
180.1802,0.9897502632,92179857.04444829,-92128979.5936406,-0.999448
181.1812,0.989714966,93742856.76368101,-93691400.9238649,-0.999451
182.1822,0.9896797954,95323716.98897175,-95271679.3312403,-0.999454
183.1832,0.9896447507,96922545.57860102,-96869922.67139336,-0.999457
184.1842,0.9896098309,98539450.49711384,-98486238.90621518,-0.99946
185.1852,0.989575035,100174539.81531958,-100120736.10386118,-0.999463
186.1862,0.9895403623,101827921.71029215,-101773522.43875134,-0.999466
187.1872,0.9895058119,103499704.4653697,-103444706.1915699,-0.999469
188.1882,0.9894713829,105189996.47015497,-105134395.74926561,-0.999471
189.1892,0.9894370745,106898906.22051495,-106842699.60505156,-0.999474
190.1902,0.9894028858,108626542.31858128,-108569726.35840544,-0.999477
191.1912,0.989368816,110373013.47274975,-110315584.7150691,-0.99948
192.1922,0.9893348643,112138428.49768081,-112080383.48704906,-0.999482
193.1932,0.9893010298,113922896.31429921,-113864231.59261613,-0.999485
194.1942,0.9892673119,115726525.94979405,-115667238.05630544,-0.999488
195.1952,0.9892337096,117549426.5376191,-117489512.00891687,-0.99949
196.1962,0.9892002222,119391707.31749226,-119331162.68751435,-0.999493
197.1972,0.9891668489,121253477.63539608,-121192299.4354265,-0.999495
198.1982,0.9891335889,123134846.94357727,-123073031.7022461,-0.999498
199.1992,0.9891004415,125035924.80054733,-124973469.04383068,-0.9995
200.2002,0.989067406,126956820.8710818,-126893721.12230185,-0.999503
201.2012,0.9890344815,128897644.92622097,-128833897.70604597,-0.999505
202.2022,0.9890016673,130858506.84326921,-130794108.66971347,-0.999508
203.2032,0.9889689627,132839516.60579565,-132774463.99421953,-0.99951
204.2042,0.988936367,134840784.30363363,-134775073.76674354,-0.999513
205.2052,0.9889038795,136862420.13288096,-136796048.18072936,-0.999515
206.2062,0.9888714994,138904534.39589986,-138837497.5358853,-0.999517
207.2072,0.988839226,140967237.50131702,-140899532.23818412,-0.99952
208.2082,0.9888070587,143050639.96402353,-142982262.79986292,-0.999522
209.2092,0.9887749967,145154852.40517488,-145085799.83942324,-0.999524
210.2102,0.9887430393,147279985.55219087,-147210254.081631,-0.999527
211.2112,0.988711186,149426150.23875603,-149355736.3575167,-0.999529
212.2122,0.9886794359,151593457.40481895,-151522357.6043751,-0.999531
213.2132,0.9886477886,153782018.09659293,-153710228.86576545,-0.999533
214.2142,0.9886162432,155991943.4665555,-155919461.2915114,-0.999535
215.2152,0.9885847991,158223344.77344877,-158150166.13770106,-0.999537
216.2162,0.9885534557,160476333.382279,-160402454.76668683,-0.99954
217.2172,0.9885222124,162751020.76431733,-162676438.64708582,-0.999542
218.2182,0.9884910685,165047518.49709877,-164972229.3537791,-0.999544
219.2192,0.9884600234,167365938.26442316,-167289938.56791264,-0.999546
220.2202,0.9884290764,169706391.85635456,-169629678.07689652,-0.999548
221.2212,0.9883982271,172068991.16922158,-171991559.77440536,-0.99955
222.2222,0.9883674746,174453848.2056172,-174375695.66037825,-0.999552
223.2232,0.9883368185,176861075.07439873,-176782197.84101853,-0.999554
224.2242,0.9883062581,179290783.990688,-179211178.52879408,-0.999556
225.2252,0.9882757929,181743087.27587125,-181662750.0424372,-0.999558
226.2262,0.9882454222,184218097.35759914,-184137024.8069446,-0.99956
227.2272,0.9882151456,186715926.7697866,-186634115.35357732,-0.999562
228.2282,0.9881849623,189236688.15261334,-189154134.31986105,-0.999564
229.2292,0.9881548718,191780494.2525231,-191697194.44958556,-0.999566
230.2302,0.9881248736,194347457.9222243,-194263408.59280545,-0.999568
231.2312,0.9880949671,196937692.12068963,-196852889.7058393,-0.999569
232.2322,0.9880651518,199551309.91315633,-199465750.85127056,-0.999571
233.2332,0.988035427,202188424.47112584,-202102105.1979466,-0.999573
234.2342,0.9880057923,204849149.0723644,-204762066.0209798,-0.999575
235.2352,0.9879762471,207533597.10090217,-207445746.7017463,-0.999577
236.2362,0.9879467908,210241882.04703435,-210153260.72788745,-0.999578
237.2372,0.987917423,212974117.50731987,-212884721.69330814,-0.99958
238.2382,0.9878881431,215730417.1845826,-215640243.2981783,-0.999582
239.2392,0.9878589506,218510894.88791054,-218419939.34893206,-0.999584
240.2402,0.987829845,221315664.53265643,-221223923.7582681,-0.999585
241.2412,0.9878008257,224144840.14043698,-224052310.54514927,-0.999587
242.2422,0.9877718923,226998535.8391338,-226905213.8348032,-0.999589
243.2432,0.9877430442,229876865.86289245,-229782747.85872152,-0.999591
244.2442,0.987714281,232779944.55212337,-232685026.95466068,-0.999592
245.2452,0.9876856021,235707886.35350093,-235612165.56664118,-0.999594
246.2462,0.9876570071,238660805.81996462,-238564278.24494845,-0.999596
247.2472,0.9876284955,241638817.61071736,-241541479.64613158,-0.999597
248.2482,0.9876000667,244642036.49122745,-244543884.53300485,-0.999599
249.2492,0.9875717204,247670577.333227,-247571607.77464643,-0.9996
250.2503,0.987543456,250724555.11471295,-250624764.34639928,-0.999602
251.2513,0.987515273,253804084.91994613,-253703469.32987037,-0.999604
252.2523,0.9874871711,256909281.9394526,-256807837.9129317,-0.999605
253.2533,0.9874591497,260040261.47002178,-259937985.3897189,-0.999607
254.2543,0.9874312084,263197138.9147087,-263094027.16063288,-0.999608
255.2553,0.9874033467,266380029.78283197,-266276078.7323384,-0.99961
256.2563,0.9873755642,269589049.6899744,-269484255.7177643,-0.999611
257.2573,0.9873478604,272824314.3579843,-272718673.8361049,-0.999613
258.2583,0.987320235,276085939.61497366,-275979448.9128183,-0.999614
259.2593,0.9872926873,279374041.3953186,-279266696.8796267,-0.999616
260.2603,0.9872652171,282688735.73966056,-282580533.7745174,-0.999617
261.2613,0.9872378239,286030138.7949046,-285921075.7417418,-0.999619
262.2623,0.9872105072,289398366.8142206,-289288439.0318156,-0.99962
263.2633,0.9871832667,292793536.15704274,-292682740.0015191,-0.999622
264.2643,0.9871561018,296215763.2890696,-296104095.11389697,-0.999623
265.2653,0.9871290123,299665164.78226423,-299552620.93825823,-0.999624
266.2663,0.9871019976,303141857.3148545,-303028434.1501769,-0.999626
267.2673,0.9870750574,306645957.6713316,-306531651.53149015,-0.999627
268.2683,0.9870481912,310177582.74245226,-310062389.9703008,-0.999629
269.2693,0.9870213987,313736849.52523726,-313620766.46097565,-0.99963
270.2703,0.9869946795,317323875.12297153,-317206898.1041457,-0.999631
271.2713,0.9869680331,320938776.7452048,-320820902.1067067,-0.999633
272.2723,0.9869414592,324581671.7077509,-324462895.78181857,-0.999634
273.2733,0.9869149574,328252677.43268836,-328132996.54890585,-0.999635
274.2743,0.9868885272,331951911.44836015,-331831321.9336576,-0.999637
275.2753,0.9868621683,335679491.3893732,-335557989.5680267,-0.999638
276.2763,0.9868358804,339435534.99659944,-339313117.1902313,-0.999639
277.2773,0.986809663,343220160.1171746,-343096822.6447531,-0.999641
278.2783,0.9867835157,347033484.70449996,-346909223.88233936,-0.999642
279.2793,0.9867574383,350875626.8182396,-350750438.96000034,-0.999643
280.2803,0.9867314302,354746704.6243232,-354620586.0410116,-0.999644
281.2813,0.9867054912,358646836.39494467,-358519783.39491326,-0.999646
282.2823,0.9866796209,362576140.50856215,-362448149.39750946,-0.999647
283.2833,0.986653819,366534735.44989806,-366405802.53086865,-0.999648
284.2843,0.986628085,370522739.80993956,-370392861.383324,-0.999649
285.2853,0.9866024186,374540272.28593826,-374409444.6494732,-0.999651
286.2863,0.9865768195,378587451.68141013,-378455671.13017833,-0.999652
287.2873,0.9865512873,382664396.9061348,-382531659.732565,-0.999653
288.2883,0.9865258216,386771226.9761576,-386637529.47002465,-0.999654
289.2893,0.9865004222,390908061.0137876,-390773399.4622124,-0.999656
290.2903,0.9864750886,395075018.2475984,-394939388.93504775,-0.999657
291.2913,0.9864498206,399272218.0124274,-399135617.2207143,-0.999658
292.2923,0.9864246178,403499779.74937767,-403362203.7576611,-0.999659
293.2933,0.9863994799,407757823.00581604,-407619268.0906011,-0.99966
294.2943,0.9863744065,412046467.4353732,-411906929.870511,-0.999661
295.2953,0.9863493973,416365832.7979451,-416225308.85463274,-0.999662
296.2963,0.986324452,420716038.9596919,-420574524.90647256,-0.999664
297.2973,0.9862995703,425097205.8930383,-424954697.9958013,-0.999665
298.2983,0.9862747517,429509453.67667276,-429365948.19865346,-0.999666
299.2993,0.9862499961,433952902.4955488,-433808395.69732845,-0.999667
300.3003,0.9862253031,438427672.6408843,-438282160.7803903,-0.999668
301.3013,0.9862006724,442933884.51016146,-442787363.8426673,-0.999669
302.3023,0.9861761037,447471658.60712653,-447324125.3852517,-0.99967
303.3033,0.9861515966,452041115.54179096,-451892566.01550096,-0.999671
304.3043,0.9861271509,456642376.03043,-456492806.4470365,-0.999672
305.3053,0.9861027663,461275560.89558387,-461124967.4997445,-0.999674
306.3063,0.9860784424,465940791.06605625,-465789170.0997746,-0.999675
307.3073,0.9860541789,470638187.57691616,-470485535.279542,-0.999676
308.3083,0.9860299756,475367871.56949663,-475214184.17772585,-0.999677
309.3093,0.9860058322,480129964.2913954,-479975238.03926975,-0.999678
310.3103,0.9859817483,484924587.09647447,-484768818.2153818,-0.999679
311.3113,0.9859577237,489751861.44485986,-489595046.16353416,-0.99968
312.3123,0.985933758,494611908.9029424,-494454043.44746363,-0.999681
313.3133,0.9859098511,499504851.14337814,-499345931.7371723,-0.999682
314.3143,0.9858860026,504430809.94508576,-504270832.808925,-0.999683
315.3153,0.9858622121,509389907.1932498,-509228868.54525214,-0.999684
316.3163,0.9858384796,514382264.87931854,-514220160.9349482,-0.999685
317.3173,0.9858148046,519408005.10100543,-519244832.0730727,-0.999686
318.3183,0.9857911869,524467250.0622869,-524303004.160948,-0.999687
319.3193,0.9857676262,529560122.0734051,-529394799.5061623,-0.999688
320.3203,0.9857441222,534686743.5508667,-534520340.5225684,-0.999689
321.3213,0.9857206747,539847237.0174416,-539679749.7302822,-0.99969
322.3223,0.9856972834,545041725.1021651,-544873149.7556851,-0.999691
323.3233,0.985673948,550270330.5403367,-550100663.3314226,-0.999692
324.3243,0.9856506683,555533176.1735207,-555362413.296405,-0.999693
325.3253,0.985627444,560830384.9495442,-560658522.5958055,-0.999694
326.3263,0.9856042748,566162079.9225007,-565989114.2810637,-0.999694
327.3273,0.9855811606,571528384.252747,-571354311.5098825,-0.999695
328.3283,0.9855581009,576929421.2069055,-576754237.54623,-0.999696
329.3293,0.9855350956,582365314.1578612,-582189015.7603377,-0.999697
330.3303,0.9855121444,587836186.5847646,-587658769.6287018,-0.999698
331.3313,0.9854892471,593342162.0730306,-593163622.7340835,-0.999699
332.3323,0.9854664033,598883364.3143388,-598703698.7655083,-0.9997
333.3333,0.985443613,604459917.1066324,-604279121.5182655,-0.999701
334.3343,0.9854208757,610071944.3541197,-609890014.8939095,-0.999702
335.3353,0.9853981913,615719570.0672725,-615536502.9002581,-0.999703
336.3363,0.9853755596,621402918.3628291,-621218709.6513954,-0.999704
337.3373,0.9853529802,627122113.4637896,-626936759.3676679,-0.999704
338.3383,0.9853304529,632877279.6994202,-632690776.3756878,-0.999705
339.3393,0.9853079776,638668541.505251,-638480885.1083311,-0.999706
340.3403,0.9852855539,644496023.4230767,-644307210.1047387,-0.999707
341.3413,0.9852631816,650359850.1009562,-650169876.0103153,-0.999708
342.3423,0.9852408605,656260146.2932128,-656069007.5767305,-0.999709
343.3433,0.9852185904,662197036.8604343,-662004729.6619182,-0.99971
344.3443,0.985196371,668170646.7694738,-667977167.2300773,-0.99971
345.3453,0.9851742021,674181101.0934469,-673986445.3516694,-0.999711
346.3463,0.9851520835,680228525.011735,-680032689.2034223,-0.999712
347.3473,0.9851300149,686313043.8099841,-686116024.0683279,-0.999713
348.3483,0.9851079961,692434782.8801038,-692236575.3356417,-0.999714
349.3493,0.985086027,698593867.7202684,-698394468.5008842,-0.999715
350.3504,0.9850641072,704790423.9349165,-704589829.16584,-0.999715
351.3514,0.9850422365,711024577.2347519,-710822783.038559,-0.999716
352.3524,0.9850204148,717296453.4367424,-717093455.9333547,-0.999717
353.3534,0.9849986418,723606178.4641187,-723401973.7708044,-0.999718
354.3544,0.9849769174,729953878.3463787,-729748462.5777516,-0.999719
355.3554,0.9849552412,736339679.2192827,-736133048.4873031,-0.999719
356.3564,0.984933613,742763707.3248559,-742555857.7388297,-0.99972
357.3574,0.9849120328,749226089.0113885,-749017016.6779679,-0.999721
358.3584,0.9848905002,755726950.733434,-755516651.7566172,-0.999722
359.3594,0.984869015,762266419.0518117,-762054889.5329429,-0.999722
360.3604,0.9848475771,768844620.6336038,-768631856.6713732,-0.999723
361.3614,0.9848261862,775461682.2521584,-775247679.9426024,-0.999724
362.3624,0.9848048421,782117730.7870868,-781902486.2235876,-0.999725
363.3634,0.9847835446,788812893.2242659,-788596402.4975522,-0.999726
364.3644,0.9847622936,795547296.6558362,-795329555.8539822,-0.999726
365.3654,0.9847410887,802321068.2802019,-802102073.4886283,-0.999727
366.3664,0.9847199299,809134335.4020337,-808914082.7035068,-0.999728
367.3674,0.9846988169,815987225.432265,-815765710.9068977,-0.999729
368.3684,0.9846777496,822879865.8880943,-822657085.613345,-0.999729
369.3694,0.9846567276,829812384.3929839,-829588334.4436574,-0.99973
370.3704,0.9846357509,836784908.676662,-836559585.1249089,-0.999731
371.3714,0.9846148193,843797566.5751196,-843570965.490437,-0.999731
372.3724,0.9845939324,850850486.0306123,-850622603.4798429,-0.999732
373.3734,0.9845730903,857943795.0916612,-857714627.1389939,-0.999733
374.3744,0.9845522926,865077621.913051,-864847164.6200206,-0.999734
375.3754,0.9845315392,872252094.7558315,-872020344.181319,-0.999734
376.3764,0.9845108298,879467341.9873159,-879234294.1875484,-0.999735
377.3774,0.9844901644,886723492.0810817,-886489143.1096324,-0.999736
378.3784,0.9844695427,894020673.6169727,-893785019.5247605,-0.999736
379.3794,0.9844489645,901359015.2810955,-901122052.1163856,-0.999737
380.3804,0.9844284297,908738645.8658211,-908500369.6742247,-0.999738
381.3814,0.9844079381,916159694.2697852,-915920101.0942596,-0.999738
382.3824,0.9843874894,923622289.4978887,-923381375.3787373,-0.999739
383.3834,0.9843670836,931126560.6612966,-930884321.6361687,-0.99974
384.3844,0.9843467204,938672636.9774367,-938429069.0813277,-0.999741
385.3854,0.9843263996,946260647.7700032,-946015747.0352546,-0.999741
386.3864,0.9843061212,953890722.4689549,-953644484.9252542,-0.999742
387.3874,0.9842858848,961562990.6105119,-961315412.2848926,-0.999743
388.3884,0.9842656904,969277581.8371632,-969028658.7540048,-0.999743
389.3894,0.9842455377,977034625.8976587,-976784354.078687,-0.999744
390.3904,0.9842254267,984834252.6470152,-984582628.1113017,-0.999745
391.3914,0.984205357,992676592.0465114,-992423610.8104739,-0.999745
392.3924,0.9841853286,1000561774.1636922,-1000307432.2410946,-0.999746
393.3934,0.9841653413,1008489929.1723669,-1008234222.5743189,-0.999746
394.3944,0.9841453949,1016461187.3526087,-1016204112.0875661,-0.999747
395.3954,0.9841254892,1024475679.0907549,-1024217231.1645198,-0.999748
396.3964,0.9841056241,1032533534.8794076,-1032273710.295128,-0.999748
397.3974,0.9840857995,1040634885.3174335,-1040373680.0756032,-0.999749
398.3984,0.9840660151,1048779861.1099646,-1048517271.2084237,-0.99975
399.3994,0.9840462708,1056968593.0683947,-1056704614.5023293,-0.99975
400.4004,0.9840265664,1065201212.110384,-1064935840.8723265,-0.999751
401.4014,0.9840069018,1073477849.2598573,-1073211081.3396857,-0.999751
402.4024,0.9839872768,1081798635.647003,-1081530467.0319417,-0.999752
403.4034,0.9839676912,1090163702.5082743,-1089894129.1828933,-0.999753
404.4044,0.983948145,1098573181.1863885,-1098302199.1326044,-0.999753
405.4054,0.9839286379,1107027203.130328,-1106754808.327403,-0.999754
406.4064,0.9839091697,1115525899.8953383,-1115252088.319881,-0.999755
407.4074,0.9838897404,1124069403.1429303,-1123794170.7688951,-0.999755
408.4084,0.9838703498,1132657844.64088,-1132381187.4395676,-0.999756
409.4094,0.9838509977,1141291356.2632258,-1141013270.2032824,-0.999756
410.4104,0.983831684,1149970069.9902735,-1149690551.037692,-0.999757
411.4114,0.9838124085,1158694117.9085896,-1158413162.0267086,-0.999758
412.4124,0.983793171,1167463632.2110078,-1167181235.360512,-0.999758
413.4134,0.9837739715,1176278745.1966252,-1175994903.3355455,-0.999759
414.4144,0.9837548097,1185139589.2708046,-1184854298.3545177,-0.999759
415.4154,0.9837356856,1194046296.9451704,-1193759552.9263992,-0.99976
416.4164,0.9837165989,1202999000.837614,-1202710799.6664274,-0.99976
417.4174,0.9836975496,1211997833.672291,-1211708171.296104,-0.999761
418.4184,0.9836785375,1221042928.2796192,-1220751800.6431925,-0.999762
419.4194,0.9836595624,1230134417.5962837,-1229841820.6417246,-0.999762
420.4204,0.9836406242,1239272434.6652324,-1238978364.331994,-0.999763
421.4214,0.9836217227,1248457112.6356783,-1248161564.8605597,-0.999763
422.4224,0.9836028579,1257688584.7630975,-1257391555.480244,-0.999764
423.4234,0.9835840295,1266966984.4092321,-1266668469.5501347,-0.999764
424.4244,0.9835652375,1276292445.0420878,-1275992440.5355837,-0.999765
425.4254,0.9835464816,1285665100.2359362,-1285363602.008209,-0.999765
426.4264,0.9835277618,1295085083.6713092,-1294782087.645888,-0.999766
427.4274,0.983509078,1304552529.135009,-1304248031.2327695,-0.999767
428.4284,0.9834904299,1314067570.5200968,-1313761566.6592605,-0.999767
429.4294,0.9834718175,1323630341.8259032,-1323322827.9220374,-0.999768
430.4304,0.9834532405,1333240977.1580176,-1332931949.1240358,-0.999768
431.4314,0.983434699,1342899610.7282994,-1342589064.4744613,-0.999769
432.4324,0.9834161926,1352606376.8548684,-1352294308.2887797,-0.999769
433.4334,0.9833977214,1362361409.962111,-1362047814.9887235,-0.99977
434.4344,0.9833792852,1372164844.5806773,-1371849719.1022885,-0.99977
435.4354,0.9833608838,1382016815.3474815,-1381700155.2637353,-0.999771
436.4364,0.9833425171,1391917457.0057023,-1391599258.2135885,-0.999771
437.4374,0.983324185,1401866904.4047832,-1401547162.7986379,-0.999772
438.4384,0.9833058874,1411865292.5004327,-1411544003.9719377,-0.999772
439.4394,0.9832876241,1421912756.3546228,-1421589916.7928061,-0.999773
440.4404,0.9832693949,1432009431.1355896,-1431685036.426825,-0.999773
441.4414,0.9832511999,1442155452.1178346,-1441829498.1458423,-0.999774
442.4424,0.9832330388,1452350954.682123,-1452023437.327969,-0.999774
443.4434,0.9832149115,1462596074.3154848,-1462266989.4575818,-0.999775
444.4444,0.9831968179,1472890946.611214,-1472560290.1253197,-0.999776
445.4454,0.9831787579,1483235707.2688706,-1482903475.0280895,-0.999776
446.4464,0.9831607313,1493630492.094276,-1493296679.9690583,-0.999777
447.4474,0.983142738,1504075436.999519,-1503740040.857661,-0.999777
448.4484,0.983124778,1514570678.0029511,-1514233693.7095952,-0.999778
449.4494,0.983106851,1525116351.2291892,-1524777774.646824,-0.999778
450.4505,0.9830889569,1535712592.9091132,-1535372419.897573,-0.999778
451.4515,0.9830710957,1546359539.3798692,-1546017765.7963345,-0.999779
452.4525,0.9830532673,1557057327.0848672,-1556713948.783865,-0.999779
453.4535,0.9830354714,1567806092.5737798,-1567461105.4071825,-0.99978
454.4545,0.983017708,1578605972.5025477,-1578259372.3195736,-0.99978
455.4555,0.9829999769,1589457103.6333714,-1589108886.2805855,-0.999781
456.4565,0.9829822781,1600359622.8347204,-1600009784.1560335,-0.999781
457.4575,0.9829646114,1611313667.081325,-1610962202.9179943,-0.999782
458.4585,0.9829469768,1622319373.4541821,-1621966279.64481,-0.999782
459.4595,0.982929374,1633376879.140552,-1633022151.5210874,-0.999783
460.4605,0.982911803,1644486321.433961,-1644129955.8376987,-0.999783
461.4615,0.9828942637,1655647837.7341964,-1655289829.991778,-0.999784
462.4625,0.982876756,1666861565.5473137,-1666501911.4867258,-0.999784
463.4635,0.9828592796,1678127642.48563,-1677766337.9322057,-0.999785
464.4645,0.9828418346,1689446206.2677298,-1689083247.0441482,-0.999785
465.4655,0.9828244209,1700817394.718459,-1700452776.6447453,-0.999786
466.4665,0.9828070382,1712241345.7689285,-1711875064.6624544,-0.999786
467.4675,0.9827896865,1723718197.4565156,-1723350249.1319978,-0.999787
468.4685,0.9827723657,1735248087.9248614,-1734878468.1943638,-0.999787
469.4695,0.9827550757,1746831155.4238682,-1746459860.0967996,-0.999787
470.4705,0.9827378164,1758467538.3097072,-1758094563.1928234,-0.999788
471.4715,0.9827205876,1770157375.0448115,-1769782715.9422138,-0.999788
472.4725,0.9827033893,1781900804.1978793,-1781524456.9110153,-0.999789
473.4735,0.9826862213,1793697964.4438727,-1793319924.7715359,-0.999789
474.4745,0.9826690836,1805548994.5640192,-1805169258.3023493,-0.99979
475.4755,0.982651976,1817454033.44581,-1817072596.3882926,-0.99979
476.4765,0.9826348984,1829413220.0830014,-1829030078.020468,-0.999791
477.4775,0.9826178508,1841426693.5756118,-1841041842.2962406,-0.999791
478.4785,0.9826008329,1853494593.129928,-1853108028.4192426,-0.999791
479.4795,0.9825838448,1865617058.0584974,-1865228775.6993675,-0.999792
480.4805,0.9825668863,1877794227.7801347,-1877404223.552776,-0.999792
481.4815,0.9825499573,1890026241.819917,-1889634511.5018919,-0.999793
482.4825,0.9825330577,1902313239.8091865,-1901919779.1754026,-0.999793
483.4835,0.9825161875,1914655361.485551,-1914260166.3082628,-0.999794
484.4845,0.9824993464,1927052746.6928804,-1926655812.7416875,-0.999794
485.4855,0.9824825344,1939505535.3813107,-1939106858.4231594,-0.999794
486.4865,0.9824657515,1952013867.6072416,-1951613443.406424,-0.999795
487.4875,0.9824489974,1964577883.5333385,-1964175707.8514931,-0.999795
488.4885,0.9824322722,1977197723.428529,-1976793792.0246396,-0.999796
489.4895,0.9824155756,1989873527.6680071,-1989467836.2984042,-0.999796
490.4905,0.9823989077,2002605436.7332296,-2002197981.1515896,-0.999797
491.4915,0.9823822683,2015393591.2119205,-2014984367.169266,-0.999797
492.4925,0.9823656573,2028238131.7980647,-2027827135.0427637,-0.999797
493.4935,0.9823490746,2041139199.2919123,-2040726425.5696797,-0.999798
494.4945,0.9823325202,2054096934.5999808,-2053682379.6538768,-0.999798
495.4955,0.9823159939,2067111478.7350492,-2066695138.3054807,-0.999799
496.4965,0.9822994956,2080182972.8161607,-2079764842.64088,-0.999799
497.4975,0.9822830252,2093311558.0686247,-2092891633.8827305,-0.999799
498.4985,0.9822665827,2106497375.8240144,-2106075653.3599517,-0.9998
499.4995,0.982250168,2119740567.5201674,-2119317042.507727,-0.9998
500.5005,0.9822337809,2133041274.701185,-2132615942.8675034,-0.999801
501.5015,0.9822174214,2146399639.017433,-2145972496.0869932,-0.999801
502.5025,0.9822010893,2159815802.225544,-2159386843.920175,-0.999801
503.5035,0.9821847846,2173289906.1884117,-2172859128.2272882,-0.999802
504.5045,0.9821685073,2186822092.875195,-2186389490.9748383,-0.999802
505.5055,0.9821522571,2200412504.3613195,-2199978074.2355967,-0.999803
506.5065,0.982136034,2214061282.828472,-2213625020.188596,-0.999803
507.5075,0.982119838,2227768570.564608,-2227330471.119138,-0.999803
508.5085,0.9821036689,2241534509.9639416,-2241094569.4187827,-0.999804
509.5095,0.9820875266,2255359243.5269556,-2254917457.585359,-0.999804
510.5105,0.9820714111,2269242913.8603964,-2268799278.2229595,-0.999805
511.5115,0.9820553222,2283185663.6772747,-2282740174.0419407,-0.999805
512.5125,0.9820392599,2297187635.7968645,-2296740287.858923,-0.999805
513.5135,0.9820232242,2311248973.144706,-2310799762.596792,-0.999806
514.5145,0.9820072148,2325369818.7526016,-2324918741.284697,-0.999806
515.5155,0.9819912317,2339550315.758621,-2339097367.0580535,-0.999806
516.5165,0.9819752749,2353790607.4070992,-2353335783.1585417,-0.999807
517.5175,0.9819593442,2368090837.0486274,-2367634132.9340997,-0.999807
518.5185,0.9819434396,2382451148.1400704,-2381992559.838938,-0.999808
519.5195,0.9819275609,2396871684.244553,-2396411207.4335284,-0.999808
520.5205,0.9819117082,2411352589.031467,-2410890219.3846073,-0.999808
521.5215,0.9818958812,2425894006.276465,-2425429739.465174,-0.999809
522.5225,0.98188008,2440496079.861469,-2440029911.5544963,-0.999809
523.5235,0.9818643044,2455158953.7746596,-2454690879.638102,-0.999809
524.5245,0.9818485544,2469882772.1104875,-2469412787.807786,-0.99981
525.5255,0.9818328298,2484667679.069662,-2484195780.2616053,-0.99981
526.5265,0.9818171307,2499513818.959163,-2499040001.303885,-0.99981
527.5275,0.9818014568,2514421336.1922293,-2513945595.3452096,-0.999811
528.5285,0.9817858082,2529390375.2883663,-2528912706.902431,-0.999811
529.5295,0.9817701848,2544421080.873347,-2543941480.5986686,-0.999812
530.5305,0.9817545864,2559513597.679203,-2559032061.1632996,-0.999812
531.5315,0.981739013,2574668070.5442343,-2574184593.43197,-0.999812
532.5325,0.9817234645,2589884644.413006,-2589399222.3465915,-0.999813
533.5335,0.9817079408,2605163464.3363433,-2604676092.9553347,-0.999813
534.5345,0.9816924419,2620504675.4713383,-2620015350.412638,-0.999813
535.5355,0.9816769677,2635908423.0813484,-2635417139.979205,-0.999814
536.5365,0.9816615181,2651374852.5359955,-2650881607.022003,-0.999814
537.5375,0.981646093,2666904109.311164,-2666408897.0142636,-0.999814
538.5385,0.9816306923,2682496338.989003,-2681999155.535481,-0.999815
539.5395,0.981615316,2698151687.2579293,-2697652528.271418,-0.999815
540.5405,0.981599964,2713870299.9126196,-2713369161.014098,-0.999815
541.5415,0.9815846362,2729652322.8540163,-2729149199.661809,-0.999816
542.5425,0.9815693325,2745497902.089329,-2744992790.2191067,-0.999816
543.5435,0.9815540529,2761407183.7320294,-2760900078.796809,-0.999816
544.5445,0.9815387973,2777380314.001851,-2776871211.6119957,-0.999817
545.5455,0.9815235656,2793417439.224798,-2792906334.9880166,-0.999817
546.5465,0.9815083577,2809518705.8331337,-2809005595.3544807,-0.999817
547.5475,0.9814931736,2825684260.3653903,-2825169139.247267,-0.999818
548.5485,0.9814780132,2841914249.4663577,-2841397113.3085113,-0.999818
549.5495,0.9814628764,2858208819.8870983,-2857689664.286621,-0.999818
550.5506,0.9814477631,2874568118.4849324,-2874046939.0362644,-0.999819
551.5516,0.9814326733,2890992292.2234473,-2890469084.5183735,-0.999819
552.5526,0.9814176069,2907481488.1724963,-2906956247.8001475,-0.999819
553.5536,0.9814025638,2924035853.5081944,-2923508576.0550485,-0.99982
554.5546,0.981387544,2940655535.5129247,-2940126216.5628047,-0.99982
555.5556,0.9813725473,2957340681.5753307,-2956809316.709406,-0.99982
556.5566,0.9813575738,2974091439.19032,-2973558023.987106,-0.999821
557.5576,0.9813426233,2990907955.9590673,-2990372485.9944253,-0.999821
558.5586,0.9813276958,3007790379.589011,-3007252850.436149,-0.999821
559.5596,0.9813127912,3024738857.8938546,-3024199265.1233253,-0.999822
560.5606,0.9812979094,3041753538.7935643,-3041211877.973268,-0.999822
561.5616,0.9812830503,3058834570.3143725,-3058290837.0095544,-0.999822
562.5626,0.981268214,3075982100.5887737,-3075436290.3620257,-0.999823
563.5636,0.9812534003,3093196277.8555317,-3092648386.266792,-0.999823
564.5646,0.9812386091,3110477250.459667,-3109927273.066219,-0.999823
565.5656,0.9812238404,3127825166.852471,-3127273099.208944,-0.999823
566.5666,0.9812090942,3145240175.5914965,-3144686013.249867,-0.999824
567.5676,0.9811943702,3162722425.340563,-3162166163.8501525,-0.999824
568.5686,0.9811796686,3180272064.86975,-3179713699.7772274,-0.999824
569.5696,0.9811649892,3197889243.0554066,-3197328769.9047847,-0.999825
570.5706,0.9811503319,3215574108.8801455,-3215011523.2127852,-0.999825
571.5716,0.9811356967,3233326811.4328413,-3232762108.7874484,-0.999825
572.5726,0.9811210835,3251147499.908632,-3250580675.821258,-0.999826
573.5736,0.9811064923,3269036323.6089234,-3268467373.612968,-0.999826
574.5746,0.981091923,3286993431.941385,-3286422351.567591,-0.999826
575.5756,0.9810773755,3305018974.4199514,-3304445759.19641,-0.999827
576.5766,0.9810628497,3323113100.664817,-3322537746.1169643,-0.999827
577.5776,0.9810483456,3341275960.4024477,-3340698462.0530663,-0.999827
578.5786,0.9810338632,3359507703.4655685,-3358928056.8347864,-0.999827
579.5796,0.9810194023,3377808479.793171,-3377226680.398463,-0.999828
580.5806,0.9810049629,3396178439.4305096,-3395594482.786696,-0.999828
581.5816,0.9809905449,3414617732.5291047,-3414031614.148352,-0.999828
582.5826,0.9809761483,3433126509.346742,-3432538224.738563,-0.999829
583.5836,0.9809617731,3451704920.2474666,-3451114464.91872,-0.999829
584.5846,0.980947419,3470353115.701595,-3469760485.156485,-0.999829
585.5856,0.9809330862,3489071246.2857056,-3488476436.0257835,-0.99983
586.5866,0.9809187744,3507859462.68264,-3507262468.206803,-0.99983
587.5876,0.9809044838,3526717915.6815014,-3526118732.4859915,-0.99983
588.5886,0.9808902141,3545646756.177664,-3545045379.7560706,-0.99983
589.5896,0.9808759653,3564646135.1727595,-3564042561.0160174,-0.999831
590.5906,0.9808617375,3583716203.774692,-3583110427.3710823,-0.999831
591.5916,0.9808475304,3602857113.197623,-3602249130.032772,-0.999831
592.5926,0.9808333441,3622069014.761983,-3621458820.318865,-0.999832
593.5936,0.9808191785,3641352059.894463,-3640739649.653396,-0.999832
594.5946,0.9808050336,3660706400.1280212,-3660091769.566671,-0.999832
595.5956,0.9807909092,3680132187.1018786,-3679515331.695256,-0.999832
596.5966,0.9807768053,3699629572.561523,-3699010487.7819858,-0.999833
597.5976,0.9807627218,3719198708.3587055,-3718577389.6759567,-0.999833
598.5986,0.9807486588,3738839746.4514375,-3738216189.3325267,-0.999833
599.5996,0.9807346161,3758552838.904,-3757927038.813322,-0.999833
600.6006,0.9807205937,3778338137.88694,-3777710090.2862372,-0.999834
601.6016,0.9807065915,3798195795.677063,-3797565496.025422,-0.999834
602.6026,0.9806926095,3818125964.657446,-3817493408.4113007,-0.999834
603.6036,0.9806786475,3838128797.3174167,-3837493979.9305468,-0.999835
604.6046,0.9806647057,3858204446.2525854,-3857567363.1761165,-0.999835
605.6056,0.9806507838,3878353064.1648164,-3877713710.84722,-0.999835
606.6066,0.9806368818,3898574803.8622365,-3897933175.7493305,-0.999835
607.6076,0.9806229997,3918869818.259245,-3918225910.794193,-0.999836
608.6086,0.9806091375,3939238260.3764977,-3938592068.9998097,-0.999836
609.6096,0.980595295,3959680283.3409224,-3959031803.490454,-0.999836
610.6106,0.9805814722,3980196040.385703,-3979545267.496657,-0.999836
611.6116,0.9805676691,4000785684.850293,-4000132614.3552165,-0.999837
612.6126,0.9805538855,4021449370.1804113,-4020793997.509198,-0.999837
613.6136,0.9805401215,4042187249.92804,-4041529570.5079308,-0.999837
614.6146,0.980526377,4062999477.7514195,-4062339487.0069995,-0.999838
615.6156,0.9805126519,4083886207.4150667,-4083223900.768269,-0.999838
616.6166,0.9804989462,4104847592.789751,-4104182965.6598535,-0.999838
617.6176,0.9804852599,4125883787.8525167,-4125216835.656143,-0.999838
618.6186,0.9804715927,4146994946.686661,-4146325664.8377824,-0.999839
619.6196,0.9804579448,4168181223.481758,-4167509607.3916903,-0.999839
620.6206,0.9804443161,4189442772.5336328,-4188768817.6110387,-0.999839
621.6216,0.9804307065,4210779748.244389,-4210103449.8952765,-0.999839
622.6226,0.9804171159,4232192305.122383,-4231513658.750107,-0.99984
623.6236,0.9804035443,4253680597.782244,-4252999598.7875047,-0.99984
624.6246,0.9803899917,4275244780.9448614,-4274561424.725705,-0.99984
625.6256,0.980376458,4296885009.437389,-4296199291.389209,-0.99984
626.6266,0.9803629431,4318601438.193245,-4317913353.708779,-0.999841
627.6276,0.980349447,4340394222.252115,-4339703766.721449,-0.999841
628.6286,0.9803359696,4362263516.759941,-4361570685.570505,-0.999841
629.6296,0.980322511,4384209476.968941,-4383514265.505511,-0.999841
630.6306,0.9803090709,4406232258.237589,-4405534661.882289,-0.999842
631.6316,0.9802956495,4428332016.030627,-4427632030.162926,-0.999842
632.6326,0.9802822466,4450508905.91906,-4449806525.9157715,-0.999842
633.6336,0.9802688621,4472763083.580158,-4472058304.815445,-0.999842
634.6346,0.9802554962,4495094704.797454,-4494387522.642821,-0.999843
635.6356,0.9802421485,4517503925.460749,-4516794335.285051,-0.999843
636.6366,0.9802288192,4539990901.566102,-4539278898.7355385,-0.999843
637.6376,0.9802155082,4562555789.215845,-4561841369.09396,-0.999843
638.6386,0.9802022155,4585198744.618566,-4584481902.56625,-0.999844
639.6396,0.9801889409,4607919924.089125,-4607200655.464617,-0.999844
640.6406,0.9801756844,4630719484.048637,-4629997784.20752,-0.999844
641.6416,0.9801624461,4653597581.024498,-4652873445.3197,-0.999844
642.6426,0.9801492257,4676554371.650348,-4675827795.432145,-0.999845
643.6436,0.9801360234,4699590012.666101,-4698860991.282116,-0.999845
644.6446,0.9801228389,4722704660.917942,-4721973189.7131405,-0.999845
645.6456,0.9801096724,4745898473.358307,-4745164547.675003,-0.999845
646.6466,0.9800965237,4769171607.045905,-4768435222.223759,-0.999846
647.6476,0.9800833928,4792524219.145713,-4791785370.521729,-0.999846
648.6486,0.9800702797,4815956466.928965,-4815215149.837496,-0.999846
649.6496,0.9800571842,4839468507.773153,-4838724717.545897,-0.999846
650.6507,0.9800441064,4863060499.162051,-4862314231.128051,-0.999847
651.6517,0.9800310462,4886732598.685688,-4885983848.171333,-0.999847
652.6527,0.9800180036,4910484964.040354,-4909733726.369381,-0.999847
653.6537,0.9800049784,4934317753.028608,-4933564023.5220995,-0.999847
654.6547,0.9799919707,4958231123.559275,-4957474897.535657,-0.999847
655.6557,0.9799789805,4982225233.64744,-4981466506.422488,-0.999848
656.6567,0.9799660076,5006300241.414457,-5005539008.3012905,-0.999848
657.6577,0.979953052,5030456305.087938,-5029692561.397023,-0.999848
658.6587,0.9799401137,5054693583.001764,-5053927324.040913,-0.999848
659.6597,0.9799271926,5079012233.596084,-5078243454.670455,-0.999849
660.6607,0.9799142888,5103412415.4173,-5102641111.829397,-0.999849
661.6617,0.979901402,5127894287.1180935,-5127120454.167768,-0.999849
662.6627,0.9798885324,5152458007.4573965,-5151681640.441843,-0.999849
663.6637,0.9798756798,5177103735.300415,-5176324829.514177,-0.99985
664.6647,0.9798628442,5201831629.618615,-5201050180.35358,-0.99985
665.6657,0.9798500255,5226641849.489727,-5225857852.03513,-0.99985
666.6667,0.9798372238,5251534554.097745,-5250748003.740167,-0.99985
667.6677,0.979824439,5276509902.732932,-5275720794.756299,-0.99985
668.6687,0.9798116709,5301568054.791811,-5300776384.477395,-0.999851
669.6697,0.9797989197,5326709169.777171,-5325914932.403592,-0.999851
670.6707,0.9797861852,5351933407.298068,-5351136598.14129,-0.999851
671.6717,0.9797734674,5377240927.069815,-5376441541.403148,-0.999851
672.6727,0.9797607662,5402631888.914,-5401829922.008101,-0.999852
673.6737,0.9797480817,5428106452.758465,-5427301899.881338,-0.999852
674.6747,0.9797354137,5453664778.637321,-5452857635.054316,-0.999852
675.6757,0.9797227622,5479307026.690947,-5478497287.664755,-0.999852
676.6767,0.9797101272,5505033357.1659775,-5504221017.956642,-0.999852
677.6777,0.9796975087,5530843930.415322,-5530028986.28023,-0.999853
678.6787,0.9796849065,5556738906.898149,-5555921353.092032,-0.999853
679.6797,0.9796723207,5582718447.179889,-5581898278.954828,-0.999853
680.6807,0.9796597512,5608782711.9322405,-5607959924.53766,-0.999853
681.6817,0.979647198,5634931861.933165,-5634106450.615835,-0.999854
682.6827,0.979634661,5661166058.066887,-5660338018.070927,-0.999854
683.6837,0.9796221402,5687485461.323903,-5686654787.890775,-0.999854
684.6847,0.9796096355,5713890232.800963,-5713056921.1694765,-0.999854
685.6857,0.979597147,5740380533.701089,-5739544579.107399,-0.999854
686.6867,0.9795846745,5766956525.333565,-5766117923.011172,-0.999855
687.6877,0.979572218,5793618369.113942,-5792777114.293696,-0.999855
688.6887,0.9795597774,5820366226.564027,-5819522314.47412,-0.999855
689.6897,0.9795473529,5847200259.311899,-5846353685.177871,-0.999855
690.6907,0.9795349442,5874120629.091903,-5873271388.136639,-0.999855
691.6917,0.9795225514,5901127497.744643,-5900275585.188375,-0.999856
692.6927,0.9795101744,5928221027.216991,-5927366438.277298,-0.999856
693.6937,0.9794978131,5955401379.56208,-5954544109.453884,-0.999856
694.6947,0.9794854676,5982668716.93931,-5981808760.874881,-0.999856
695.6957,0.9794731378,6010023201.61435,-6009160554.803304,-0.999856
696.6967,0.9794608237,6037464995.95912,-6036599653.608418,-0.999857
697.6977,0.9794485252,6064994262.451817,-6064126219.765768,-0.999857
698.6987,0.9794362422,6092611163.676896,-6091740415.857155,-0.999857
699.6997,0.9794239748,6120315862.325081,-6119442404.570646,-0.999857
700.7007,0.9794117229,6148108521.193357,-6147232348.700576,-0.999857
701.7017,0.9793994864,6175989303.184975,-6175110411.147539,-0.999858
702.7027,0.9793872654,6203958371.309447,-6203076754.918394,-0.999858
703.7037,0.9793750597,6232015888.682563,-6231131543.126277,-0.999858
704.7047,0.9793628694,6260162018.526346,-6259274938.990559,-0.999858
705.7057,0.9793506944,6288396924.169124,-6287507105.83691,-0.999858
706.7067,0.9793385347,6316720769.045459,-6315828207.097241,-0.999859
707.7077,0.9793263902,6345133716.696192,-6344238406.309739,-0.999859
708.7087,0.9793142609,6373635930.768422,-6372737867.118849,-0.999859
709.7097,0.9793021467,6402227575.015514,-6401326753.275281,-0.999859
710.7107,0.9792900477,6430908813.297106,-6430005228.636019,-0.999859
711.7117,0.9792779637,6459679809.5790825,-6458773457.164294,-0.99986
712.7127,0.9792658948,6488540727.933605,-6487631602.929615,-0.99986
713.7137,0.9792538409,6517491732.539097,-6516579830.107748,-0.99986
714.7147,0.979241802,6546532987.680253,-6545618302.980737,-0.99986
715.7157,0.9792297779,6575664657.748015,-6574747185.93687,-0.99986
716.7167,0.9792177688,6604886907.239607,-6603966643.470713,-0.999861
717.7177,0.9792057746,6634199900.75851,-6633276840.183097,-0.999861
718.7187,0.9791937951,6663603803.014469,-6662677940.781113,-0.999861
719.7197,0.9791818304,6693098778.823487,-6692170110.078108,-0.999861
720.7207,0.9791698805,6722684993.107848,-6721753512.993712,-0.999861
721.7217,0.9791579453,6752362610.896086,-6751428314.553807,-0.999862
722.7227,0.9791460248,6782131797.323002,-6781194679.89054,-0.999862
723.7237,0.9791341189,6811992717.629665,-6811052774.242325,-0.999862
724.7247,0.9791222276,6841945537.163414,-6841002762.953846,-0.999862
725.7257,0.9791103509,6871990421.377836,-6871044811.476038,-0.999862
726.7267,0.9790984887,6902127535.832801,-6901179085.366116,-0.999863
727.7277,0.979086641,6932357046.194426,-6931405750.287542,-0.999863
728.7287,0.9790748078,6962679118.235102,-6961724972.0100565,-0.999863
729.7297,0.979062989,6993093917.8334875,-6992136916.409661,-0.999863
730.7307,0.9790511846,7023601610.9745,-7022641749.46862,-0.999863
731.7317,0.9790393946,7054202363.749318,-7053239637.275458,-0.999864
732.7327,0.9790276189,7084896342.355394,-7083930746.024974,-0.999864
733.7337,0.9790158574,7115683713.096438,-7114715242.018225,-0.999864
734.7347,0.9790041102,7146564642.382428,-7145593291.662531,-0.999864
735.7357,0.9789923773,7177539296.729602,-7176565061.471479,-0.999864
736.7367,0.9789806585,7208607842.760468,-7207630718.064923,-0.999864
737.7377,0.9789689539,7239770447.203789,-7238790428.168972,-0.999865
738.7387,0.9789572634,7271027276.894606,-7270044358.616013,-0.999865
739.7397,0.9789455869,7302378498.77421,-7301392676.344683,-0.999865
740.7407,0.9789339246,7333824279.890177,-7332835548.399903,-0.999865
741.7417,0.9789222762,7365364787.396323,-7364373141.9328375,-0.999865
742.7427,0.9789106418,7397000188.552743,-7396005624.200925,-0.999866
743.7437,0.9788990214,7428730650.725794,-7427733162.567869,-0.999866
744.7447,0.9788874149,7460556341.388093,-7459555924.503634,-0.999866
745.7457,0.9788758223,7492477428.1185255,-7491474077.584451,-0.999866
746.7467,0.9788642435,7524494078.602242,-7523487789.492816,-0.999866
747.7477,0.9788526785,7556606460.630662,-7555597228.017494,-0.999866
748.7487,0.9788411273,7588814742.101452,-7587802561.053498,-0.999867
749.7497,0.9788295899,7621119091.018567,-7620103956.602131,-0.999867
750.7508,0.9788180662,7653519675.492206,-7652501582.770935,-0.999867
751.7518,0.9788065562,7686016663.738839,-7684995607.773728,-0.999867
752.7528,0.9787950598,7718610224.081207,-7717586199.930596,-0.999867
753.7538,0.978783577,7751300524.948308,-7750273527.667884,-0.999868
754.7548,0.9787721079,7784087734.875409,-7783057759.518205,-0.999868
755.7558,0.9787606523,7816972022.504035,-7815939064.120429,-0.999868
756.7568,0.9787492102,7849953556.581982,-7848917610.219698,-0.999868
757.7578,0.9787377816,7883032505.963312,-7881993566.667422,-0.999868
758.7588,0.9787263665,7916209039.608337,-7915167102.421257,-0.999868
759.7598,0.9787149648,7949483326.583653,-7948438386.545145,-0.999869
760.7608,0.9787035765,7982855536.062106,-7981807588.20928,-0.999869
761.7618,0.9786922016,8016325837.322814,-8015274876.6901245,-0.999869
762.7628,0.97868084,8049894399.751158,-8048840421.370406,-0.999869
763.7638,0.9786694918,8083561392.838779,-8082504391.739112,-0.999869
764.7648,0.9786581568,8117326986.183589,-8116266957.3914995,-0.999869
765.7658,0.978646835,8151191349.489764,-8150128288.029091,-0.99987
766.7668,0.9786355265,8185154652.567731,-8184088553.45966,-0.99987
767.7678,0.9786242311,8219217065.334205,-8218147923.597267,-0.99987
768.7688,0.9786129489,8253378757.812143,-8252306568.462215,-0.99987
769.7698,0.9786016798,8287639900.130781,-8286564658.181087,-0.99987
770.7708,0.9785904238,8322000662.525617,-8320922362.986724,-0.99987
771.7718,0.9785791809,8356461215.3384,-8355379853.2182255,-0.999871
772.7728,0.978567951,8391021729.017167,-8389937299.3209715,-0.999871
773.7738,0.9785567341,8425682374.116201,-8424594871.846593,-0.999871
774.7748,0.9785455302,8460443321.29605,-8459352741.452982,-0.999871
775.7758,0.9785343392,8495304741.323539,-8494211078.904311,-0.999871
776.7768,0.9785231611,8530266805.071748,-8529170055.071006,-0.999871
777.7778,0.9785119959,8565329683.5200205,-8564229840.929755,-0.999872
778.7788,0.9785008435,8600493547.753973,-8599390607.563522,-0.999872
779.7798,0.978489704,8635758568.965473,-8634652526.161522,-0.999872
780.7808,0.9784785773,8671124918.452673,-8670015768.019249,-0.999872
781.7818,0.9784674633,8706592767.61996,-8705480504.53844,-0.999872
782.7828,0.9784563621,8742162287.978012,-8741046907.227118,-0.999872
783.7838,0.9784452736,8777833651.143764,-8776715147.699564,-0.999873
784.7848,0.9784341978,8813607028.840406,-8812485397.676313,-0.999873
785.7858,0.9784231346,8849482592.897406,-8848357828.98418,-0.999873
786.7868,0.978412084,8885460515.250488,-8884332613.556238,-0.999873
787.7878,0.978401046,8921540967.941643,-8920409923.431818,-0.999873
788.7888,0.9783900206,8957724123.119125,-8956589930.756525,-0.999873
789.7898,0.9783790077,8994010153.037455,-8992872807.782223,-0.999874
790.7908,0.9783680073,9030399230.057413,-9029258726.867039,-0.999874
791.7918,0.9783570194,9066891526.64605,-9065747860.47537,-0.999874
792.7928,0.978346044,9103487215.37668,-9102340381.177877,-0.999874
793.7938,0.978335081,9140186468.928879,-9139036461.651482,-0.999874
794.7948,0.9783241303,9176989460.088486,-9175836274.679369,-0.999874
795.7958,0.978313192,9213896361.74761,-9212739993.150993,-0.999874
796.7968,0.9783022661,9250907346.904625,-9249747790.062075,-0.999875
797.7978,0.9782913525,9288022588.664156,-9286859838.514585,-0.999875
798.7988,0.9782804512,9325242260.23711,-9324076311.716778,-0.999875
799.7998,0.9782695621,9362566534.940643,-9361397382.983152,-0.999875
800.8008,0.9782586852,9399995586.19819,-9398823225.734493,-0.999875
801.8018,0.9782478206,9437529587.539446,-9436354013.497839,-0.999875
802.8028,0.9782369681,9475168712.600357,-9473989919.906483,-0.999876
803.8038,0.9782261278,9512913135.123158,-9511731118.700005,-0.999876
804.8048,0.9782152995,9550763028.956322,-9549577783.724224,-0.999876
805.8058,0.9782044834,9588718568.054602,-9587530088.931242,-0.999876
806.8068,0.9781936794,9626779926.47902,-9625588208.379425,-0.999876
807.8078,0.9781828874,9664947278.396849,-9663752316.23339,-0.999876
808.8088,0.9781721073,9703220798.08163,-9702022586.764029,-0.999877
809.8098,0.9781613393,9741600659.913176,-9740399194.348495,-0.999877
810.8108,0.9781505833,9780087038.37756,-9778882313.470211,-0.999877
811.8118,0.9781398391,9818680108.067116,-9817472118.718859,-0.999877
812.8128,0.9781291069,9857380043.680443,-9856168784.790379,-0.999877
813.8138,0.9781183866,9896187020.022408,-9894972486.486986,-0.999877
814.8148,0.9781076781,9935101212.004139,-9933883398.717154,-0.999877
815.8158,0.9780969814,9974122794.64304,-9972901696.495634,-0.999878
816.8168,0.9780862966,10013251943.062757,-10012027554.943419,-0.999878
817.8178,0.9780756235,10052488832.493217,-10051261149.287779,-0.999878
818.8188,0.9780649622,10091833638.270613,-10090602654.862253,-0.999878
819.8198,0.9780543126,10131286535.837399,-10130052247.106644,-0.999878
820.8208,0.9780436747,10170847700.742275,-10169610101.566998,-0.999878
821.8218,0.9780330484,10210517308.640238,-10209276393.895655,-0.999878
822.8228,0.9780224338,10250295535.292528,-10249051299.851202,-0.999879
823.8238,0.9780118309,10290182556.566652,-10288934995.298494,-0.999879
824.8248,0.9780012395,10330178548.436388,-10328927656.208652,-0.999879
825.8258,0.9779906597,10370283686.981773,-10369029458.659063,-0.999879
826.8268,0.9779800915,10410498148.389112,-10409240578.833376,-0.999879
827.8278,0.9779695348,10450822108.950972,-10449561193.021503,-0.999879
828.8288,0.9779589895,10491255745.066181,-10489991477.61962,-0.999879
829.8298,0.9779484558,10531799233.23984,-10530531609.13017,-0.99988
830.8308,0.9779379335,10572452750.083302,-10571181764.161858,-0.99988
831.8318,0.9779274226,10613216472.314201,-10611942119.42966,-0.99988
832.8328,0.9779169231,10654090576.756424,-10652812851.754812,-0.99988
833.8338,0.977906435,10695075240.34012,-10693794138.064806,-0.99988
834.8348,0.9778959582,10736170640.101715,-10734886155.393415,-0.99988
835.8358,0.9778854928,10777376953.183886,-10776089080.880661,-0.999881
836.8368,0.9778750386,10818694356.835583,-10817403091.772842,-0.999881
837.8378,0.9778645958,10860123028.412012,-10858828365.422512,-0.999881
838.8388,0.9778541641,10901663145.37466,-10900365079.2885,-0.999881
839.8398,0.9778437438,10943314885.291256,-10942013410.93588,-0.999881
840.8408,0.9778333346,10985078425.835812,-10983773538.036015,-0.999881
841.8418,0.9778229366,11026953944.788591,-11025645638.366512,-0.999881
842.8428,0.9778125497,11068941620.03614,-11067629889.811262,-0.999881
843.8438,0.977802174,11111041629.571238,-11109726470.360392,-0.999882
844.8448,0.9777918094,11153254151.492962,-11151935558.110327,-0.999882
845.8458,0.9777814559,11195579364.006636,-11194257331.263731,-0.999882
846.8468,0.9777711134,11238017445.423845,-11236691968.129541,-0.999882
847.8478,0.977760782,11280568574.162455,-11279239647.122967,-0.999882
848.8488,0.9777504616,11323232928.746574,-11321900546.765463,-0.999882
849.8498,0.9777401522,11366010687.806597,-11364674845.684769,-0.999882
850.8509,0.9777298537,11408902030.079176,-11407562722.614883,-0.999883
851.8519,0.9777195662,11451907134.407211,-11450564356.396055,-0.999883
852.8529,0.9777092896,11495026179.739885,-11493679925.97481,-0.999883
853.8539,0.9776990239,11538259345.132645,-11536909610.40394,-0.999883
854.8549,0.9776887691,11581606809.74719,-11580253588.842495,-0.999883
855.8559,0.9776785252,11625068752.8515,-11623712040.555796,-0.999883
856.8569,0.977668292,11668645353.819805,-11667285144.915422,-0.999883
857.8579,0.9776580697,11712336792.13261,-11710973081.399225,-0.999884
858.8589,0.9776478581,11756143247.376682,-11754776029.591314,-0.999884
859.8599,0.9776376574,11800064899.245031,-11798694169.182049,-0.999884
860.8609,0.9776274673,11844101927.536968,-11842727679.968084,-0.999884
861.8619,0.977617288,11888254512.158047,-11886876741.852322,-0.999884
862.8629,0.9776071194,11932522833.120085,-11931141534.843924,-0.999884
863.8639,0.9775969614,11976907070.541178,-11975522239.058332,-0.999884
864.8649,0.9775868141,12021407404.645662,-12020019034.71723,-0.999885
865.8659,0.9775766774,12066024015.764175,-12064632102.1486,-0.999885
866.8669,0.9775665513,12110757084.333572,-12109361621.786642,-0.999885
867.8679,0.9775564358,12155606790.897013,-12154207774.171867,-0.999885
868.8689,0.9775463309,12200573316.1039,-12199170739.951017,-0.999885
869.8699,0.9775362365,12245656840.70991,-12244250699.87712,-0.999885
870.8709,0.9775261526,12290857545.57698,-12289447834.809456,-0.999885
871.8719,0.9775160792,12336175611.673311,-12334762325.713572,-0.999885
872.8729,0.9775060163,12381611220.073364,-12380194353.661278,-0.999886
873.8739,0.9774959639,12427164551.957882,-12425744099.83066,-0.999886
874.8749,0.9774859218,12472835788.61385,-12471411745.506048,-0.999886
875.8759,0.9774758902,12518625111.434526,-12517197472.07805,-0.999886
876.8769,0.977465869,12564532701.919441,-12563101461.043543,-0.999886
877.8779,0.9774558581,12610558741.674383,-12609123894.005657,-0.999886
878.8789,0.9774458576,12656703412.411396,-12655264952.673786,-0.999886
879.8799,0.9774358674,12702966895.948809,-12701524818.863602,-0.999886
880.8809,0.9774258875,12749349374.211197,-12747903674.497028,-0.999887
881.8819,0.9774159179,12795851029.229416,-12794401701.602264,-0.999887
882.8829,0.9774059585,12842472043.140556,-12841019082.31375,-0.999887
883.8839,0.9773960094,12889212598.188013,-12887755998.872223,-0.999887
884.8849,0.9773860705,12936072876.72141,-12934612633.624657,-0.999887
885.8859,0.9773761418,12983053061.196657,-12981589169.024303,-0.999887
886.8869,0.9773662233,13030153334.175928,-13028685787.630686,-0.999887
887.8879,0.9773563149,13077373878.327654,-13075902672.10958,-0.999887
888.8889,0.9773464167,13124714876.426523,-13123240005.233017,-0.999888
889.8899,0.9773365286,13172176511.353512,-13170697969.879326,-0.999888
890.8909,0.9773266506,13219758966.09583,-13218276749.033058,-0.999888
891.8919,0.9773167826,13267462423.746971,-13265976525.785053,-0.999888
892.8929,0.9773069247,13315287067.506697,-13313797483.33242,-0.999888
893.8939,0.9772970769,13363233080.681026,-13361739804.978527,-0.999888
894.8949,0.977287239,13411300646.68223,-13409803674.132982,-0.999888
895.8959,0.9772774111,13459489949.02887,-13457989274.3117,-0.999889
896.8969,0.9772675933,13507801171.345762,-13506296789.136845,-0.999889
897.8979,0.9772577853,13556234497.36397,-13554726402.336819,-0.999889
898.8989,0.9772479873,13604790110.920843,-13603278297.746323,-0.999889
899.8999,0.9772381992,13653468195.959976,-13651952659.306295,-0.999889
900.9009,0.977228421,13702268936.531248,-13700749671.063961,-0.999889
901.9019,0.9772186527,13751192516.790804,-13749669517.172813,-0.999889
902.9029,0.9772088942,13800239121.001017,-13798712381.89257,-0.999889
903.9039,0.9771991456,13849408933.530571,-13847878449.589262,-0.999889
904.9049,0.9771894067,13898702138.854397,-13897167904.735165,-0.99989
905.9059,0.9771796777,13948118921.553669,-13946580931.908798,-0.99989
906.9069,0.9771699584,13997659466.315847,-13996117715.794971,-0.99989
907.9079,0.9771602489,14047323957.934664,-14045778441.184757,-0.99989
908.9089,0.9771505491,14097112581.310102,-14095563292.975492,-0.99989
909.9099,0.9771408591,14147025521.448399,-14145472456.170752,-0.99989
910.9109,0.9771311787,14197062963.462086,-14195506115.88042,-0.99989
911.9119,0.977121508,14247225092.569931,-14245664457.320606,-0.99989
912.9129,0.977111847,14297512094.096981,-14295947665.813707,-0.999891
913.9139,0.9771021956,14347924153.47454,-14346355926.78837,-0.999891
914.9149,0.9770925538,14398461456.240183,-14396889425.779516,-0.999891
915.9159,0.9770829217,14449124188.037739,-14447548348.428324,-0.999891
916.9169,0.9770732991,14499912534.617323,-14498332880.48225,-0.999891
917.9179,0.977063686,14550826681.835293,-14549243207.795,-0.999891
918.9189,0.9770540825,14601866815.65428,-14600279516.326551,-0.999891
919.9199,0.9770444886,14653033122.143171,-14651441992.143137,-0.999891
920.9209,0.9770349041,14704325787.477137,-14702730821.417273,-0.999892
921.9219,0.9770253291,14755744997.937593,-14754146190.427723,-0.999892
922.9229,0.9770157636,14807290939.912224,-14805688285.559513,-0.999892
923.9239,0.9770062076,14858963799.894981,-14857357293.303947,-0.999892
924.9249,0.976996661,14910763764.486084,-14909153400.258585,-0.999892
925.9259,0.9769871238,14962691020.392017,-14961076793.12726,-0.999892
926.9269,0.9769775959,15014745754.425522,-15013127658.72006,-0.999892
927.9279,0.9769680775,15066928153.505615,-15065306183.953346,-0.999892
928.9289,0.9769585684,15119238404.657557,-15117612555.849726,-0.999892
929.9299,0.9769490687,15171676695.012894,-15170046961.538092,-0.999893
930.9309,0.9769395782,15224243211.809423,-15222609588.253586,-0.999893
931.9319,0.9769300971,15276938142.391214,-15275300623.337627,-0.999893
932.9329,0.9769206253,15329761674.208607,-15328120254.237896,-0.999893
933.9339,0.9769111627,15382713994.81819,-15381068668.508331,-0.999893
934.9349,0.9769017094,15435795291.882812,-15434146053.809126,-0.999893
935.9359,0.9768922653,15489005753.171629,-15487352597.90678,-0.999893
936.9369,0.9768828304,15542345566.559996,-15540688488.674002,-0.999893
937.9379,0.9768734047,15595814920.029583,-15594153914.089798,-0.999893
938.9389,0.9768639882,15649414001.66831,-15647749062.239445,-0.999894
939.9399,0.9768545809,15703142999.670359,-15701474121.314459,-0.999894
940.9409,0.9768451826,15757002102.336166,-15755329279.612633,-0.999894
941.9419,0.9768357936,15810991498.07245,-15809314725.538023,-0.999894
942.9429,0.9768264136,15865111375.392187,-15863430647.600958,-0.999894
943.9439,0.9768170427,15919361922.914635,-15917677234.418037,-0.999894
944.9449,0.9768076809,15973743329.365267,-15972054674.712084,-0.999894
945.9459,0.9767983281,16028255783.575867,-16026563157.312225,-0.999894
946.9469,0.9767889844,16082899474.484468,-16081202871.153841,-0.999895
947.9479,0.9767796496,16137674591.13536,-16135974005.278566,-0.999895
948.9489,0.9767703239,16192581322.679121,-16190876748.834328,-0.999895
949.9499,0.9767610072,16247619858.37256,-16245911291.07528,-0.999895
950.951,0.9767516994,16302790387.578793,-16301077821.36188,-0.999895
951.952,0.9767424006,16358093099.76715,-16356376529.16081,-0.999895
952.953,0.9767331108,16413528184.513252,-16411807604.045033,-0.999895
953.954,0.9767238298,16469095831.499008,-16467371235.693806,-0.999895
954.955,0.9767145577,16524796230.512539,-16523067613.892595,-0.999895
955.956,0.9767052945,16580629571.448275,-16578896928.53318,-0.999896
956.957,0.9766960402,16636596044.306887,-16634859369.613573,-0.999896
957.958,0.9766867948,16692695839.195318,-16690955127.238066,-0.999896
958.959,0.9766775581,16748929146.326773,-16747184391.617208,-0.999896
959.96,0.9766683303,16805296156.020735,-16803547353.06783,-0.999896
960.961,0.9766591113,16861797058.702929,-16860044202.013,-0.999896
961.962,0.976649901,16918432044.905342,-16916675128.982054,-0.999896
962.963,0.9766406995,16975201305.266253,-16973440324.610617,-0.999896
963.964,0.9766315068,17032105030.5302,-17030339979.640572,-0.999896
964.965,0.9766223228,17089143411.54796,-17087374284.920044,-0.999896
965.966,0.9766131475,17146316639.276585,-17144543431.403425,-0.999897
966.967,0.9766039809,17203624904.779423,-17201847610.151417,-0.999897
967.968,0.976594823,17261068399.22604,-17259287012.330925,-0.999897
968.969,0.9765856738,17318647313.892292,-17316861829.215157,-0.999897
969.97,0.9765765332,17376361840.16028,-17374572252.183556,-0.999897
970.971,0.9765674012,17434212169.518402,-17432418472.72187,-0.999897
971.972,0.9765582779,17492198493.561302,-17490400682.422085,-0.999897
972.973,0.9765491631,17550321003.98988,-17548519072.98245,-0.999897
973.974,0.976540057,17608579892.61131,-17606773836.20748,-0.999897
974.975,0.9765309594,17666975351.339043,-17665165164.00798,-0.999898
975.976,0.9765218703,17725507572.192757,-17723693248.400967,-0.999898
976.977,0.9765127898,17784176747.29843,-17782358281.509773,-0.999898
977.978,0.9765037178,17842983068.888287,-17841160455.563957,-0.999898
978.979,0.9764946544,17901926729.300835,-17900099962.89938,-0.999898
979.98,0.9764855994,17961007920.98082,-17959176995.958134,-0.999898
980.981,0.9764765528,18020226836.47928,-18018391747.2886,-0.999898
981.982,0.9764675148,18079583668.45349,-18077744409.54541,-0.999898
982.983,0.9764584852,18139078609.667015,-18137235175.489456,-0.999898
983.984,0.976449464,18198711852.989655,-18196864237.9879,-0.999898
984.985,0.9764404512,18258483591.397507,-18256631790.014175,-0.999899
985.986,0.9764314468,18318394017.972904,-18316538024.647964,-0.999899
986.987,0.9764224508,18378443325.904465,-18376583135.075237,-0.999899
987.988,0.9764134631,18438631708.487064,-18436767314.588203,-0.999899
988.989,0.9764044838,18498959359.121838,-18497090756.585358,-0.999899
989.99,0.9763955129,18559426471.316193,-18557553654.571445,-0.999899
990.991,0.9763865502,18620033238.683796,-18618156202.15748,-0.999899
991.992,0.9763775959,18680779854.944576,-18678898593.060734,-0.999899
992.993,0.9763686498,18741666513.92473,-18739781021.104755,-0.999899
993.994,0.976359712,18802693409.55672,-18800803680.219353,-0.999899
994.995,0.9763507825,18863860735.879284,-18861966764.440605,-0.9999
995.996,0.9763418612,18925168687.037384,-18923270467.910824,-0.9999
996.997,0.9763329481,18986617457.282307,-18984714984.87864,-0.9999
997.998,0.9763240433,19048207240.971558,-19046300509.698906,-0.9999
998.999,0.9763151466,19109938232.56891,-19108027236.83274,-0.9999
1000.0,0.9763062581,19171810626.644413,-19169895360.847546,-0.9999
