k_Mpc,k_tilde,beta_sq,P_T,P_zeta,r_k
0.0001,0.6,0.002346001894289309,9.507987550262373e-16,2.6118795309905315e-09,3.6402856400718283e-07
0.00010239,0.6144,0.002234649245973154,9.722378418786371e-16,2.6097129932944407e-09,3.725458869909318e-07
0.00010484,0.6291,0.0021271982782160204,9.935141069314124e-16,2.607548252727786e-09,3.8101465846014006e-07
0.00010735,0.6441,0.0020235756361130465,1.0145849521047609e-15,2.6053853077998595e-09,3.894183900812491e-07
0.00010992,0.6595,0.0019237071930984094,1.0354064199352505e-15,2.603224157021191e-09,3.977400167951891e-07
0.00011255,0.6753,0.0018275181016974007,1.0559332891512669e-15,2.601064798903544e-09,4.0596193128152223e-07
0.00011524,0.6914,0.0017349328463210304,1.0761191828368605e-15,2.5989072319599175e-09,4.1406602344375535e-07
0.000118,0.708,0.0016458752980714312,1.0959166894396493e-15,2.5967514547045444e-09,4.2203372504294657e-07
0.00012082,0.7249,0.001560268771518418,1.1152774968006984e-15,2.5945974656528894e-09,4.2984605957751384e-07
0.00012371,0.7423,0.001478036083398828,1.1341525392971733e-15,2.5924452633216484e-09,4.374836974741007e-07
0.00012667,0.76,0.0013990996131813286,1.1524921580923595e-15,2.590294846228748e-09,4.4492701661754507e-07
0.0001297,0.7782,0.001323381365429931,1.1702462743822098e-15,2.588146212893345e-09,4.521561682073464e-07
0.0001328,0.7968,0.0012508030338896378,1.1873645754132253e-15,2.5859993618358223e-09,4.591511478836195e-07
0.00013598,0.8159,0.001181286067207549,1.20379671292345e-15,2.5838542915777926e-09,4.658918720174307e-07
0.00013923,0.8354,0.0011147517361922593,1.2194925135271726e-15,2.581711000642094e-09,4.723582590088024e-07
0.00014257,0.8554,0.0010511212025038354,1.2344022004253135e-15,2.5795694875527895e-09,4.785303153807955e-07
0.00014598,0.8759,0.0009903155886557425,1.2484766256780308e-15,2.577429750835166e-09,4.843882264001516e-07
0.00014947,0.8968,0.0009322560491992382,1.2616675121250553e-15,2.5752917890157353e-09,4.899124508944514e-07
0.00015304,0.9183,0.000876863842949789,1.2739277038837356e-15,2.57315560062223e-09,4.950838198730304e-07
0.00015671,0.9402,0.0008240604061041599,1.285211424196093e-15,2.5710211841836045e-09,4.998836384944824e-07
0.00016045,0.9627,0.0007737674254552511,1.2954745381799089e-15,2.568888538230034e-09,5.042937904470124e-07
0.00016429,0.9858,0.0007259069159479304,1.3046748263284728e-15,2.5667576612929113e-09,5.082968470312426e-07
0.00016822,1.0093,0.0006804012891274486,1.3127722448384953e-15,2.564628551904848e-09,5.11876171644213e-07
0.00017225,1.0335,0.0006371734344872088,1.319729208104077e-15,2.562501208599675e-09,5.150160334266795e-07
0.00017637,1.0582,0.0005961467911014936,1.325510853769452e-15,2.560375629912436e-09,5.177017146561359e-07
0.00018059,1.0835,0.000557245423070643,1.3300853113038612e-15,2.558251814379392e-09,5.199196200419885e-07
0.00018491,1.1095,0.0005203940931074631,1.333423962065264e-15,2.5561297605380174e-09,5.216573832247872e-07
0.00018933,1.136,0.0004855183386784495,1.3355016995612322e-15,2.5540094669270003e-09,5.229039738713717e-07
0.00019386,1.1632,0.00045254454076930394,1.3362971631793895e-15,2.5518909320862407e-09,5.236497948942237e-07
0.0001985,1.191,0.00042139999804609307,1.3357929750329482e-15,2.54977415455685e-09,5.238867813628414e-07
0.00020325,1.2195,0.00039201299632532824,1.3339759532595651e-15,2.547659132881149e-09,5.236084906503842e-07
0.00020811,1.2487,0.0003643128770848654,1.3308373087678023e-15,2.5455458656026675e-09,5.228101865109084e-07
0.00021309,1.2785,0.00033823010410269296,1.3263728212340232e-15,2.543434351266145e-09,5.214889154004477e-07
0.00021819,1.3091,0.00031369632797959246,1.3205829917879054e-15,2.5413245884175266e-09,5.196435739876217e-07
0.00022341,1.3405,0.0002906444483034773,1.3134731698979686e-15,2.5392165756039643e-09,5.172749668214311e-07
0.00022875,1.3725,0.000269008673216668,1.3050536520777138e-15,2.537110311373815e-09,5.143858531602604e-07
0.00023423,1.4054,0.00024872457615251364,1.2953397501795746e-15,2.53500579427664e-09,5.109809820175176e-07
0.00023983,1.439,0.00022972914951464285,1.2843518272290601e-15,2.5329030228632026e-09,5.070671145463849e-07
0.00024557,1.4734,0.00021196085508080434,1.2721152989758307e-15,2.5308019956854696e-09,5.0265303296921e-07
0.00025144,1.5087,0.00019535967126379833,1.2586606017929869e-15,2.5287027112966085e-09,4.977495362227063e-07
0.00025746,1.5447,0.00017986713495310867,1.2440231124005255e-15,2.526605168250987e-09,4.923694164932331e-07
0.00026362,1.5817,0.00016542638306317077,1.228243051951446e-15,2.524509365104171e-09,4.865274294202367e-07
0.00026992,1.6195,0.00015198218643309186,1.2113653291843147e-15,2.5224153004129263e-09,4.802402399739689e-07
0.00027638,1.6583,0.00013948098120884138,1.1934393545352884e-15,2.5203229727352146e-09,4.7352635652092325e-07
0.00028299,1.698,0.0001278708961856753,1.1745188187828186e-15,2.5182323806301935e-09,4.664060504570641e-07
0.00028976,1.7386,0.00011710177471553481,1.1546614256784204e-15,2.5161435226582168e-09,4.5890125713439487e-07
0.0002967,1.7802,0.00010712519302823709,1.1339285955314403e-15,2.5140563973808323e-09,4.5103546472258057e-07
0.00030379,1.8228,9.789447356302089e-05,1.1123851305886875e-15,2.5119710033607805e-09,4.428335872907852e-07
0.00031106,1.8664,8.93646937852845e-05,1.0900988485383365e-15,2.509887339161994e-09,4.3432182454145563e-07
0.0003185,1.911,8.149269039061158e-05,1.0671401861454915e-15,2.507805403349597e-09,4.255275089208061e-07
0.00032612,1.9567,7.42370589080634e-05,1.043581776168766e-15,2.505725194489904e-09,4.1647894129156897e-07
0.00033393,2.0036,6.755814883001725e-05,1.0194980025019704e-15,2.503646711150419e-09,4.0720521707853654e-07
0.00034191,2.0515,6.141805380761234e-05,9.949645297386721e-16,2.501569951899833e-09,3.9773604131399167e-07
0.00035009,2.1006,5.5780598221240446e-05,9.700578292645592e-16,2.499494915308025e-09,3.881015413648138e-07
0.00035847,2.1508,5.061131897927184e-05,9.448546893936045e-16,2.497421599946061e-09,3.7833207233172454e-07
0.00036705,2.2023,4.587744289081911e-05,9.194317148034793e-16,2.495350004386191e-09,3.6845801718690847e-07
0.00037583,2.255,4.1547860643594356e-05,8.938648361441467e-16,2.4932801272018505e-09,3.585095899943301e-07
0.00038482,2.3089,3.759309667082564e-05,8.682288200113559e-16,2.491211966967658e-09,3.485166382964102e-07
0.00039402,2.3641,3.398527550289143e-05,8.425967909629572e-16,2.4891455222594134e-09,3.3850844935659956e-07
0.00040345,2.4207,3.069808477469524e-05,8.170397699657227e-16,2.487080791654099e-09,3.285135620473064e-07
0.0004131,2.4786,2.7706735140171362e-05,7.9162623455007515e-16,2.485017773729877e-09,3.1855958654246854e-07
0.00042299,2.5379,2.498791739367864e-05,7.664217067300845e-16,2.4829564670660893e-09,3.086730343024111e-07
0.00043311,2.5986,2.25197568678559e-05,7.414883669917279e-16,2.4808968702432563e-09,2.988791577293673e-07
0.00044347,2.6608,2.0281765997581182e-05,7.1688471689415e-16,2.478838981843075e-09,2.8920180864717935e-07
0.00045408,2.7245,1.8254794434168886e-05,6.92665266425738e-16,2.4767828004484203e-09,2.796633060841392e-07
0.00046494,2.7896,1.6420977844071826e-05,6.688802743965937e-16,2.4747283246433417e-09,2.7028432484320994e-07
0.00047606,2.8564,1.4763685280892727e-05,6.455755320486611e-16,2.472675553013063e-09,2.6108380101141825e-07
0.00048745,2.9247,1.3267465544241537e-05,6.227921949590401e-16,2.4706244841439817e-09,2.520788565627869e-07
0.00049911,2.9947,1.1917992833970783e-05,6.005666646694107e-16,2.4685751166236683e-09,2.432847437475675e-07
0.00051105,3.0663,1.0702012073316115e-05,5.789305245296876e-16,2.4665274490408652e-09,2.3471481120342314e-07
0.00052328,3.1397,9.60728375615087e-06,5.579105060799006e-16,2.4644814799854844e-09,2.2638048230867074e-07
0.0005358,3.2148,8.622529663023075e-06,5.375285405899346e-16,2.4624372080486075e-09,2.1829126803030504e-07
0.00054862,3.2917,7.737378535162668e-06,5.178018352478258e-16,2.4603946318224863e-09,2.1045478987420602e-07
0.00056174,3.3705,6.942312326893215e-06,4.987429834682629e-16,2.458353749900539e-09,2.0287681684885313e-07
0.00057518,3.4511,6.228613804190194e-06,4.803601417224421e-16,2.456314560877351e-09,1.9556132971457297e-07
0.00058894,3.5337,5.588315143725408e-06,4.626572365223861e-16,2.454277063348673e-09,1.8851059785855056e-07
0.00060303,3.6182,5.014147723610084e-06,4.456341909620938e-16,2.4522412559114212e-09,1.817252645463978e-07
0.00061746,3.7048,4.499493827984745e-06,4.292872102468771e-16,2.450207137163676e-09,1.752044566908795e-07
0.00063223,3.7934,4.038339788030476e-06,4.1360907293194513e-16,2.448174705704679e-09,1.6894589751628551e-07
0.00064736,3.8841,3.625230906251269e-06,3.9858943439129445e-16,2.446143960134835e-09,1.6294602479950674e-07
0.00066284,3.9771,3.255228510062696e-06,3.8421516172036314e-16,2.4441148990557097e-09,1.5720012257558173e-07
0.0006787,4.0722,2.923868963673399e-06,3.7047067213660216e-16,2.442087521070028e-09,1.5170245494488923e-07
0.00069494,4.1696,2.6271246733382586e-06,3.573382620339322e-16,2.440061824781676e-09,1.4644639672845378e-07
0.00071156,4.2694,2.3613674413463525e-06,3.447984605355106e-16,2.4380378087956953e-09,1.4142457483291815e-07
0.00072859,4.3715,2.123333765227134e-06,3.328303508812596e-16,2.436015471718285e-09,1.3662899712475637e-07
0.00074602,4.4761,1.9100924017904855e-06,3.2141189366141934e-16,2.433994812156802e-09,1.3205118271251003e-07
0.00076387,4.5832,1.7190140486665085e-06,3.1052023215181324e-16,2.431975828719757e-09,1.2768228552471988e-07
0.00078214,4.6928,1.5477431468400875e-06,3.001319815431395e-16,2.429958520016815e-09,1.2351321188028452e-07
0.00080085,4.8051,1.394171718394203e-06,2.9022349253104234e-16,2.4279428846587947e-09,1.1953472808806547e-07
0.00082001,4.9201,1.2564152293730175e-06,2.8077109590130004e-16,2.4259289212576676e-09,1.1573756075084866e-07
0.00083963,5.0378,1.1327903654886686e-06,2.7175131947232856e-16,2.4239166284265545e-09,1.1211248616613165e-07
0.00085972,5.1583,1.021794663573807e-06,2.631410811270826e-16,2.42190600477973e-09,1.08650410299889e-07
0.00088028,5.2817,9.220878848558409e-07,2.549178518342247e-16,2.419897048932615e-09,1.0534243675641724e-07
0.00090134,5.4081,8.324750654615786e-07,2.470597957465945e-16,2.4178897595017796e-09,1.0217992560483924e-07
0.00092291,5.5374,7.518911219619041e-07,2.3954588252245263e-16,2.4158841351049432e-09,9.915454099873339e-08
0.00094499,5.6699,6.79386925695587e-07,2.323559767362429e-16,2.41388017436097e-09,9.625828953906333e-08
0.00096759,5.8056,6.14116729046703e-07,2.254709012660575e-16,2.4118778758898705e-09,9.348354803531221e-08
0.00099074,5.9445,5.553268608671666e-07,2.188724820786067e-16,2.4098772383127994e-09,9.082308368199015e-08
0.00101444,6.0867,5.023455771808966e-07,2.1254357197375133e-16,2.407878260252055e-09,8.827006559355805e-08
0.00103871,6.2323,4.5457397946323444e-07,2.0646805856727305e-16,2.4058809403310807e-09,8.581806984133651e-08
0.00106356,6.3814,4.1147789789446597e-07,2.0063085496847718e-16,2.4038852771744583e-09,8.346107731243312e-08
0.00108901,6.5341,3.725806618506614e-07,1.9501787993745321e-16,2.4018912694079127e-09,8.119346717369385e-08
0.00111506,6.6904,3.3745666718896605e-07,1.8961602745416355e-16,2.3998989156583086e-09,7.901000588691485e-08
0.00114174,6.8504,3.0572565911937325e-07,1.8441312626986949e-16,2.3979082145536493e-09,7.69058319874835e-08
0.00116905,7.0143,2.7704766419359203e-07,1.79397895026231e-16,2.395919164723075e-09,7.487643893318336e-08
0.00119702,7.1821,2.511184991266412e-07,1.7455989284884718e-16,2.3939317647968657e-09,7.291765597323082e-08
0.00122566,7.354,2.276657923899074e-07,1.6988946569363478e-16,2.391946013406435e-09,7.102562714268396e-08
0.00125498,7.5299,2.0644546644633217e-07,1.653776929414126e-16,2.3899619091843332e-09,6.919679025255014e-08
0.001285,7.71,1.8723862593190508e-07,1.6101633381220375e-16,2.3879794507642447e-09,6.742785569644344e-08
0.00131575,7.8945,1.6984880397263724e-07,1.5679777342607213e-16,2.385998636780987e-09,6.571578500045252e-08
0.00134722,8.0833,1.540995281092706e-07,1.5271497194027426e-16,2.3840194658705098e-09,6.405777055369443e-08
0.00137946,8.2767,1.3983216632281206e-07,1.4876141596644897e-16,2.382041936669895e-09,6.245121619244792e-08
0.00141246,8.4747,1.269040190050286e-07,1.4493107164765145e-16,2.3800660478173537e-09,6.089371838254694e-08
0.00144625,8.6775,1.1518662973662018e-07,1.4121834198799736e-16,2.378091797952228e-09,5.9383049094067895e-08
0.00148085,8.8851,1.0456428731903499e-07,1.3761802735542023e-16,2.3761191857149883e-09,5.7917139924111235e-08
0.00151628,9.0977,9.493269539043481e-08,1.3412528814759875e-16,2.374148209747233e-09,5.649406704978987e-08
0.00155255,9.3153,8.619779165352712e-08,1.3073561233928883e-16,2.372178868691685e-09,5.511203816236367e-08
0.00158969,9.5382,7.827469638433475e-08,1.2744478448152618e-16,2.3702111611921964e-09,5.3769379947321875e-08
0.00162773,9.7664,7.108677710955175e-08,1.2424885922990307e-16,2.3682450858937425e-09,5.246452741313862e-08
0.00166667,10.0,6.456481376242146e-08,1.2114413614917857e-16,2.3662806414424224e-09,5.1196013705006815e-08
0.00185753,11.1452,4.1569979770645244e-08,1.0798122149255354e-16,2.357292563903653e-09,4.5807305866921204e-08
0.00207025,12.4215,2.6802011122109928e-08,9.638239943430145e-17,2.3483386266677832e-09,4.10428029159768e-08
0.00230734,13.844,1.729907090282454e-08,8.612218850986769e-17,2.3394187000563262e-09,3.6813499228587905e-08
0.00257157,15.4294,1.1174919391081506e-08,7.701912951170284e-17,2.330532654883368e-09,3.3047865409788597e-08
0.00286606,17.1964,7.223616502101003e-09,6.892405434235287e-17,2.3216803624536937e-09,2.968714188955353e-08
0.00319428,19.1657,4.671900664159615e-09,6.171229005476545e-17,2.312861694560924e-09,2.6682222374079735e-08
0.00356008,21.3605,3.022833610255724e-09,5.5278243306236655e-17,2.304076523485657e-09,2.399149626446023e-08
0.00396778,23.8067,1.9564996085131285e-09,4.953152323881935e-17,2.295324721993623e-09,2.1579309787505073e-08
0.00442216,26.533,1.266662734186508e-09,4.439405750370804e-17,2.2866061633338366e-09,1.9414824562084707e-08
0.00492858,29.5715,8.20228375144381e-10,3.979793734185245e-17,2.277920721236764e-09,1.7471168759659353e-08
0.00549299,32.958,5.312301756521828e-10,3.56837459760785e-17,2.269268269912493e-09,1.572478073623906e-08
0.00612204,36.7323,3.4410433470624584e-10,3.199924813480718e-17,2.2606486840489117e-09,1.415489649523749e-08
0.00682313,40.9388,2.2291806587353225e-10,2.869834319521714e-17,2.2520618388098944e-09,1.2743141729350923e-08
0.00760451,45.627,1.444237794264556e-10,2.5740216323987842e-17,2.2435076098334924e-09,1.1473202146124308e-08
0.00847536,50.8522,9.357566648709835e-11,2.308863954115872e-17,2.2349858732301324e-09,1.0330552786801139e-08
0.00944595,56.6757,6.06333989164383e-11,2.071139047911957e-17,2.2264965055808232e-09,9.302233543688683e-09
0.01052769,63.1661,3.928988457235031e-11,1.857975673482067e-17,2.21803938393537e-09,8.376657722756673e-09
0.0117333,70.3998,2.5460423801830413e-11,1.6668128002877832e-17,2.2096143858105904e-09,7.543455595652803e-09
0.01307699,78.4619,1.6499216949396103e-11,1.495362411328197e-17,2.2012213891885414e-09,6.793330369552005e-09
0.01457454,87.4473,1.069230675744168e-11,1.3415796577375712e-17,2.1928602725147544e-09,6.117944105025253e-09
0.0162436,97.4616,6.929275306440964e-12,1.2036349754994454e-17,2.1845309146964716e-09,5.509809760081531e-09
0.01810379,108.6228,4.490667771577618e-12,1.0798907887989475e-17,2.176233195100895e-09,4.962201620809674e-09
0.02017701,121.0621,2.9103120435499634e-12,9.68880900975715e-18,2.167966993553437e-09,4.4690758847193374e-09
0.02248766,134.9259,1.8861333864740744e-12,8.692909714799135e-18,2.1597321903359825e-09,4.024994281095012e-09
0.02506291,150.3775,1.2223870556111315e-12,7.799440274718033e-18,2.1515286661851518e-09,3.6250691879216844e-09
0.02793308,167.5985,7.922238165344266e-13,6.997848191261364e-18,2.143356302290576e-09,3.2649019595028874e-09
0.03113193,186.7916,5.134395404949324e-13,6.2786729472516096e-18,2.135214980293176e-09,2.940534328018585e-09
0.03469712,208.1827,3.3276109888309207e-13,5.633431634036476e-18,2.127104582283446e-09,2.6484036943726523e-09
0.03867058,232.0235,2.1566380113919076e-13,5.054517003784304e-18,2.1190249907997493e-09,2.3853031586364912e-09
0.04309908,258.5945,1.3977295354583145e-13,4.535106358566033e-18,2.110976088826614e-09,2.148345678840385e-09
0.04803473,288.2084,9.05878439397339e-14,4.069079599112708e-18,2.1029577597930397e-09,1.9349316837981384e-09
0.05,300.0,7.71631604561036e-14,3.9091313754980256e-18,2.1e-09,1.8614911311895358e-09
0.0535356,321.2136,5.871075143615143e-14,3.650949528869065e-18,2.094969887570811e-09,1.7427217214575174e-09
0.05966642,357.9985,3.805097998949975e-14,3.275789335169285e-18,2.0870123564728104e-09,1.5696070629431186e-09
0.06649933,398.996,2.46612197087967e-14,2.9391828080162977e-18,2.0790850512513503e-09,1.413690510759661e-09
0.07411474,444.6884,1.5983197262797806e-14,2.6371670072535657e-18,2.071187857096496e-09,1.2732630689282285e-09
0.08260225,495.6135,1.0358886847288672e-14,2.3661866048480378e-18,2.0633206596344092e-09,1.1467856892720165e-09
0.09206174,552.3705,6.713713103985562e-15,2.123051889716175e-18,2.0554833449256885e-09,1.032872338740808e-09
0.10260452,615.6271,4.351236385593309e-15,1.9049011135996493e-18,2.0476757994637186e-09,9.302747603397659e-10
0.11435465,686.1279,2.8200885458009505e-15,1.7091667316816173e-18,2.0398979101730288e-09,8.378687595874059e-10
0.12745038,764.7023,1.82773100175664e-15,1.5335427691088987e-18,2.0321495644076538e-09,7.546406996651879e-10
0.14204581,852.2749,1.1845750746810281e-15,1.3759673614383882e-18,2.024430649949503e-09,6.796811545373065e-10
0.15831269,949.8762,7.677379166347325e-16,1.234583476205993e-18,2.016741055006734e-09,6.121675725998798e-10
0.17644244,1058.6546,4.975806242552229e-16,1.107727299333895e-18,2.0090806682121357e-09,5.513602897387154e-10
0.19664837,1179.8902,3.2248831856762877e-16,9.939060038742667e-19,2.0014493786215123e-09,4.965931262067763e-10
0.21916826,1315.0096,2.090087950628281e-16,8.917801797047775e-19,1.9938470757120797e-09,4.472660870374366e-10
0.2442671,1465.6026,1.3546127896861742e-16,8.001480549089307e-19,1.9862736493808627e-09,4.0283878062740406e-10
0.27224022,1633.4413,8.779419710069684e-17,7.1793135567318125e-19,1.9787289899431017e-09,3.628244996268162e-10
0.30341678,1820.5007,5.690055148222359e-17,6.441626112416483e-19,1.9712129881306634e-09,3.2678488581415e-10
0.33816364,2028.9818,3.687798289188862e-17,5.779737635744496e-19,1.9637255350904574e-09,2.9432512499656715e-10
0.37688965,2261.3379,2.3901098255633573e-17,5.185859559905996e-19,1.956266522382863e-09,2.650896235544262e-10
0.42005052,2520.3031,1.549061172465361e-17,4.65300362044795e-19,1.9488358419801543e-09,2.387581098529146e-10
0.4681541,2808.9246,1.0039666569157151e-17,4.1748996361697894e-19,1.941433386264938e-09,2.1504212638486384e-10
0.52176644,3130.5987,6.506838369242547e-18,3.7459217152388733e-19,1.934059048028596e-09,1.936818691785613e-10
0.58151839,3489.1103,4.217209955045355e-18,3.361056623363209e-19,1.92671272046973e-09,1.7444513588636023e-10
0.64811304,3888.6783,2.7332286489299395e-18,3.0157025152773293e-19,1.919394297192617e-09,1.5711740519851584e-10
0.72233402,4334.0041,1.77144106931154e-18,2.705834134568312e-19,1.9121036722056656e-09,1.415108487003247e-10
0.80505468,4830.3281,1.1480940293101742e-18,2.4278052619388976e-19,1.904840739919885e-09,1.2745450110653387e-10
0.8972484,5383.4904,7.44094697968087e-19,2.1783443217157214e-19,1.8976053951473518e-09,1.1479437860401793e-10
1.0,6000.0,4.822574701359884e-19,1.9545159077815057e-19,1.8903975330996893e-09,1.0339179318419239e-10
