z,A,rho_phi,p_phi,w_phi
0.0,1.0,0.4900441,-0.44103969,-0.9
1.001,0.9999004025,1.4706788357,-1.3971816792,-0.950025
2.002,0.9998017971,3.9730182755,-3.8406726518,-0.966689
3.003,0.9997041642,8.461694574,-8.2503109061,-0.975019
4.004,0.9996074849,15.1794570567,-14.8761108355,-0.980016
5.005,0.9995117409,24.1636855419,-23.7612931123,-0.983347
6.006,0.9994169144,35.2696416163,-34.7662215281,-0.985727
7.007,0.999322988,48.1974859999,-47.5955446509,-0.987511
8.008,0.9992299448,62.5212066536,-61.8271441416,-0.988899
9.009,0.9991377685,77.7182704848,-76.9417873143,-0.990009
10.01,0.9990464432,93.1992023944,-92.3527072294,-0.990917
11.011,0.9989559533,108.3365401774,-107.4345633156,-0.991674
12.012,0.9988662838,122.4927766196,-121.5513943299,-0.992315
13.013,0.9987774201,135.0470136716,-134.0832879294,-0.992864
14.014,0.9986893478,145.4201356747,-144.4515730002,-0.99334
15.015,0.998602053,153.0983696292,-152.1424019359,-0.993756
16.016,0.9985155223,157.6551468033,-156.7286364694,-0.994123
17.017,0.9984297423,158.771215677,-157.8899864728,-0.99445
18.018,0.9983447003,156.2529840565,-155.4313790717,-0.994742
19.019,0.9982603837,150.0490900576,-149.2995573761,-0.995005
20.02,0.9981767803,140.2652189162,-139.5979254561,-0.995243
21.021,0.9980938782,127.1771962115,-126.5996698739,-0.995459
22.022,0.9980116659,111.2423988312,-110.7591988815,-0.995656
23.023,0.9979301318,93.1095334233,-92.721948841,-0.995837
24.024,0.9978492651,73.6268386058,-73.3326139897,-0.996004
25.025,0.997769055,53.8487721802,-53.6418606705,-0.996158
26.026,0.9976894908,35.041248294,-34.9115908732,-0.9963
27.027,0.9976105624,18.685492137,-18.6188225893,-0.996432
28.028,0.9975322597,6.4805815171,-6.4582562612,-0.996555
29.029,0.9974545729,0.3447456863,-0.3435976449,-0.99667
30.03,0.9973774924,2.4154922032,-2.4077078337,-0.996777
31.031,0.997301009,15.048632518,-15.0016511002,-0.996878
32.032,0.9972251134,40.8162764461,-40.6927107011,-0.996973
33.033,0.9971497968,82.5038648112,-82.2614419136,-0.997062
34.034,0.9970750504,143.1063083712,-142.6978304088,-0.997146
35.035,0.9970008656,225.8232997173,-225.1966226529,-0.997225
36.036,0.9969272343,334.0538632257,-333.1518934174,-0.9973
37.037,0.9968541481,471.390206362,-470.1509137065,-0.997371
38.038,0.9967815992,641.6109337331,-639.9673805066,-0.997438
39.039,0.9967095797,848.6736832768,-846.5540677624,-0.997502
40.04,0.996638082,1096.7072418939,-1094.0349559,-0.997563
41.041,0.9965670986,1390.0031956916,-1386.6968950833,-0.997621
42.042,0.9964966222,1733.0071678274,-1728.980855214,-0.997677
43.043,0.9964266457,2130.3096947458,-2125.4728134871,-0.997729
44.044,0.996357162,2586.636789389,-2580.8943281063,-0.99778
45.045,0.9962881643,3106.8402377585,-3100.0928445597,-0.997828
46.046,0.9962196459,3695.887673008,-3688.0317786584,-0.997874
47.047,0.9961516002,4358.8524690754,-4349.7804183731,-0.997919
48.048,0.9960840207,5100.9034937151,-5090.5036843512,-0.997961
49.049,0.9960169011,5927.2947586788,-5915.4517868915,-0.998002
50.0501,0.9959502353,6843.3550027197,-6829.9498150734,-0.998041
51.0511,0.9958840172,7854.4772410673,-7839.3872917148,-0.998079
52.0521,0.9958182408,8966.1083130327,-8949.2077258429,-0.998115
53.0531,0.9957529003,10183.7384574758,-10164.8981924356,-0.99815
54.0541,0.99568799,11512.8909439825,-11491.9789673047,-0.998184
55.0551,0.9956235043,12959.1117857757,-12935.9932431696,-0.998216
56.0561,0.9955594377,14527.9595586114,-14502.4969511989,-0.998247
57.0571,0.9954957848,16224.9953482007,-16197.0487105813,-0.998278
58.0581,0.9954325404,18055.7728470391,-18025.1999270334,-0.998307
59.0591,0.9953696992,20025.8286199309,-19992.4850595527,-0.998335
60.0601,0.9953072561,22140.672555952,-22104.4120731844,-0.998362
61.0611,0.9952452063,24405.7785231174,-24366.453094087,-0.998389
62.0621,0.9951835447,26826.5752405936,-26784.0352817604,-0.998414
63.0631,0.9951222667,29408.4373819292,-29362.5319319307,-0.998439
64.0641,0.9950613673,32156.6769214704,-32107.2538222773,-0.998463
65.0651,0.9950008422,35076.5347348721,-35023.4408119336,-0.998486
66.0661,0.9949406865,38173.1724634171,-38116.2537044939,-0.998509
67.0671,0.9948808961,41451.6646507147,-41390.7663831136,-0.998531
68.0681,0.9948214663,44916.9911592552,-44851.958225201,-0.998552
69.0691,0.994762393,48574.0298732609,-48504.7068031551,-0.998573
70.0701,0.9947036718,52427.5496932857,-52353.7808766212,-0.998593
71.0711,0.9946452988,56482.203827076,-56403.8336807917,-0.998612
72.0721,0.9945872696,60742.5233803185,-60659.3965143931,-0.998631
73.0731,0.9945295805,65212.9112500542,-65124.8726301556,-0.99865
74.0741,0.9944722273,69897.6363227441,-69804.5314297637,-0.998668
75.0751,0.9944152063,74800.8279782185,-74702.5029645338,-0.998686
76.0761,0.9943585136,79926.4709000319,-79822.7727423557,-0.998703
77.0771,0.9943021455,85278.4001920803,-85169.1768407657,-0.998719
78.0781,0.9942460984,90860.2968007061,-90745.3973253914,-0.998735
79.0791,0.9941903685,96675.6832409333,-96554.9579724203,-0.998751
80.0801,0.9941349524,102727.9196249208,-102601.2202931941,-0.998767
81.0811,0.9940798465,109020.1999902103,-108887.3798585133,-0.998782
82.0821,0.9940250475,115555.5489248647,-115416.4629197611,-0.998796
83.0831,0.9939705518,122336.8184861494,-122191.3233235074,-0.998811
84.0841,0.9939163563,129366.685408995,-129214.6397158414,-0.998825
85.0851,0.9938624576,136647.648600097,-136488.913032298,-0.998838
86.0861,0.9938088525,144182.0269131625,-144016.464268895,-0.998852
87.0871,0.9937555379,151971.9572004823,-151799.432529471,-0.998865
88.0881,0.9937025106,160019.3926357192,-159839.7733442181,-0.998878
89.0891,0.9936497676,168326.1013025313,-168139.2572540405,-0.99889
90.0901,0.9935973058,176893.6650434043,-176699.4686551162,-0.998902
91.0911,0.9935451224,185723.4785628511,-185521.8048978284,-0.998914
92.0921,0.9934932142,194816.7487789353,-194607.4756340304,-0.998926
93.0931,0.9934415786,204174.4944169079,-203957.502406437,-0.998937
94.0941,0.9933902126,213797.5458385843,-213572.7184737776,-0.998948
95.0951,0.9933391135,223686.5451009643,-223453.7688652162,-0.998959
96.0961,0.9932882785,233841.946237474,-233601.1106574255,-0.99897
97.0971,0.9932377049,244264.0157551203,-244015.0134676078,-0.998981
98.0981,0.9931873901,254952.8333407652,-254695.560155675,-0.998991
99.0991,0.9931373314,265908.2927696593,-265642.6477287319,-0.999001
100.1001,0.9930875263,277130.1030093389,-276855.9884409706,-0.999011
101.1011,0.9930379721,288617.7895119432,-288335.1110820347,-0.999021
102.1021,0.9929886665,300370.6956879948,-300079.3624469028,-0.99903
103.1031,0.9929396069,312387.9845546852,-312087.9089803334,-0.999039
104.1041,0.9928907909,324668.6405517018,-324359.7385889106,-0.999049
105.1051,0.9928422161,337211.4715176572,-336893.6626137561,-0.999058
106.1061,0.9927938802,350015.1108202071,-349688.317956994,-0.999066
107.1071,0.9927457808,363078.0196329786,-362742.1693550933,-0.999075
108.1081,0.9926979156,376398.4893524861,-376053.511792267,-0.999083
109.1091,0.9926502824,389974.644148251,-389620.4730471463,-0.999092
110.1101,0.992602879,403804.4436394272,-403441.0163660322,-0.9991
111.1111,0.992555703,417885.6856912907,-417512.9432560853,-0.999108
112.1121,0.9925087525,432216.009325029,-431833.8963918918,-0.999116
113.1131,0.9924620253,446792.8977343714,-446401.3626289435,-0.999124
114.1141,0.9924155191,461613.6814026618,-461212.6761176408,-0.999131
115.1151,0.9923692321,476675.5413141042,-476265.0215115431,-0.999139
116.1161,0.9923231621,491975.512252986,-491555.4372636777,-0.999146
117.1171,0.9922773071,507510.486184813,-507080.8190048381,-0.999153
118.1181,0.9922316651,523277.2157133824,-522837.9229978994,-0.99916
119.1191,0.9921862342,539272.3176079511,-538823.3696623096,-0.999167
120.1201,0.9921410125,555492.2763947592,-555033.6471630149,-0.999174
121.1211,0.992095998,571933.4480073028,-571465.1150582137,-0.999181
122.1221,0.9920511888,588592.063489867,-588114.0080004514,-0.999188
123.1231,0.9920065831,605464.2327489558,-604976.4394856907,-0.999194
124.1241,0.9919621791,622545.9483473868,-622048.4056451259,-0.999201
125.1251,0.9919179749,639833.0893359482,-639325.7890746393,-0.999207
126.1261,0.9918739688,657321.425117643,-656804.3626969211,-0.999213
127.1271,0.991830159,675006.619339685,-674479.7936514214,-0.99922
128.1281,0.9917865438,692884.2338085312,-692347.6472074143,-0.999226
129.1291,0.9917431214,710949.7324233949,-710403.3906956194,-0.999232
130.1301,0.9916998902,729198.485123779,-728642.39745392,-0.999237
131.1311,0.9916568486,747625.7718467439,-747059.9507828911,-0.999243
132.1321,0.9916139948,766226.7864897341,-765651.2479069603,-0.999249
133.1331,0.9915713272,784996.6408749312,-784411.4039371675,-0.999254
134.1341,0.9915288443,803930.368711223,-803335.4558316147,-0.99926
135.1351,0.9914865444,823022.9295500418,-822418.3663498561,-0.999265
136.1361,0.991444426,842269.2127314158,-841655.0279975719,-0.999271
137.1371,0.9914024876,861664.0413167428,-861040.2669580333,-0.999276
138.1381,0.9913607275,881202.1760049118,-880568.8470069845,-0.999281
139.1391,0.9913191444,900878.3190285353,-900235.4734077026,-0.999286
140.1401,0.9912777367,920687.1180271608,-920034.7967831029,-0.999291
141.1411,0.991236503,940623.1698945021,-939961.416961929,-0.999296
142.1421,0.9911954418,960681.0245968011,-960009.8867961366,-0.999301
143.1431,0.9911545517,980855.1889596051,-980174.7159467572,-0.999306
144.1441,0.9911138313,1001140.1304203258,-1000450.3746356032,-0.999311
145.1451,0.9910732791,1021530.2807441037,-1020831.2973603386,-0.999316
146.1461,0.9910328938,1042020.0397005804,-1041311.8865705177,-0.99932
147.1471,0.9909926741,1062603.778699338,-1061886.5163023483,-0.999325
148.1481,0.9909526186,1083275.8443818523,-1082549.5357700244,-0.99933
149.1491,0.9909127259,1104030.562167921,-1103295.272911589,-0.999334
150.1502,0.9908729948,1124862.239754664,-1124118.0378874233,-0.999338
151.1512,0.9908334239,1145765.170566259,-1145012.1265295248,-0.999343
152.1522,0.990794012,1166733.6371527223,-1165971.8237398793,-0.999347
153.1532,0.9907547578,1187761.9145361301,-1186991.4068363258,-0.999351
154.1542,0.9907156601,1208844.2735027645,-1208065.148844393,-0.999355
155.1552,0.9906767176,1229974.9838398104,-1229187.3217337355,-0.99936
156.1562,0.9906379291,1251148.317515263,-1250352.1995978255,-0.999364
157.1572,0.9905992933,1272358.5517998778,-1271554.0617757333,-0.999368
158.1582,0.9905608092,1293599.972330004,-1292787.195914833,-0.999372
159.1592,0.9905224755,1314866.876110314,-1314045.900973448,-0.999376
160.1602,0.9904842911,1336153.5744554622,-1335324.490162466,-0.999379
161.1612,0.9904462547,1357454.3958698432,-1356617.2938250937,-0.999383
162.1622,0.9904083653,1378763.6888646525,-1377918.662253952,-0.999387
163.1632,0.9903706218,1400075.8247116022,-1399222.9684448647,-0.999391
164.1642,0.990333023,1421385.200132643,-1420524.6107866878,-0.999395
165.1652,0.9902955678,1442686.2399251864,-1441818.0156866757,-0.999398
166.1662,0.9902582551,1463973.3995223509,-1463097.6401309038,-0.999402
167.1672,0.9902210839,1485241.1674878688,-1484357.9741793848,-0.999405
168.1682,0.9901840531,1506484.0679453157,-1505593.5433955388,-0.999409
169.1692,0.9901471616,1527696.6629414184,-1526798.9112097737,-0.999412
170.1702,0.9901104085,1548873.5547432716,-1547968.6812170004,-0.999416
171.1712,0.9900737926,1570009.38806932,-1569097.4994079433,-0.999419
172.1722,0.990037313,1591098.8522540738,-1590180.056334212,-0.999423
173.1732,0.9900009686,1612136.6833465213,-1611211.0892070935,-0.999426
174.1742,0.9899647586,1633117.6661423307,-1632185.3839301602,-0.999429
175.1752,0.9899286817,1654036.636149924,-1653097.7770657737,-0.999432
176.1762,0.9898927372,1674888.4814906004,-1673943.1577356588,-0.999436
177.1772,0.9898569241,1695668.1447329146,-1694716.4694557567,-0.999439
178.1782,0.9898212413,1716370.6246615734,-1715412.7119056156,-0.999442
179.1792,0.989785688,1736990.9779811595,-1736026.9426326281,-0.999445
180.1802,0.9897502632,1757524.320955039,-1756554.2786914716,-0.999448
181.1812,0.989714966,1777965.8309798238,-1776989.8982191226,-0.999451
182.1822,0.9896797954,1798310.7480958668,-1797329.0419459164,-0.999454
183.1832,0.9896447507,1818554.3764342195,-1817567.0146430915,-0.999457
184.1842,0.9896098309,1838692.0856005931,-1837699.1865073466,-0.99946
185.1852,0.989575035,1858719.3119968565,-1857720.9944829533,-0.999463
186.1862,0.9895403623,1878631.560080659,-1877627.9435220035,-0.999466
187.1872,0.9895058119,1898424.4035637742,-1897415.6077833923,-0.999469
188.1882,0.9894713829,1918093.4865498315,-1917079.6317712013,-0.999471
189.1892,0.9894370745,1937634.5246120822,-1936615.7314131246,-0.999474
190.1902,0.9894028858,1957043.3058119204,-1956019.6950796621,-0.999477
191.1912,0.989368816,1976315.6916588517,-1975287.384544769,-0.99948
192.1922,0.9893348643,1995447.6180126946,-1994414.7358887484,-0.999482
193.1932,0.9893010298,2014435.0959287481,-2013397.7603441149,-0.999485
194.1942,0.9892673119,2033274.2124467469,-2032232.5450852555,-0.999488
195.1952,0.9892337096,2051961.1313243895,-2050915.2539626718,-0.99949
196.1962,0.9892002222,2070492.0937162798,-2069442.1281826363,-0.999493
197.1972,0.9891668489,2088863.4187991319,-2087809.4869331224,-0.999495
198.1982,0.9891335889,2107071.504344088,-2106013.72795685,-0.999498
199.1992,0.9891004415,2125112.8272370314,-2124051.3280723304,-0.9995
200.2002,0.989067406,2142983.9439477846,-2141918.8436438013,-0.999503
201.2012,0.9890344815,2160681.4909490873,-2159612.91100094,-0.999505
202.2022,0.9890016673,2178202.185086259,-2177130.246809272,-0.999508
203.2032,0.9889689627,2195542.823898511,-2194467.648392222,-0.99951
204.2042,0.988936367,2212700.2858927553,-2211621.9940056694,-0.999513
205.2052,0.9889038795,2229671.530770935,-2228590.2430660236,-0.999515
206.2062,0.9888714994,2246453.5996117624,-2245369.436332707,-0.999517
207.2072,0.988839226,2263043.6150078396,-2261956.6960460213,-0.99952
208.2082,0.9888070587,2279438.7811590983,-2278349.226021333,-0.999522
209.2092,0.9887749967,2295636.3839235455,-2294544.311700564,-0.999524
210.2102,0.9887430393,2311633.7908262373,-2310539.3201619047,-0.999527
211.2112,0.988711186,2327428.451027482,-2326331.700088762,-0.999529
212.2122,0.9886794359,2343017.895251194,-2341918.9816988506,-0.999531
213.2132,0.9886477886,2358399.735674417,-2357298.77663445,-0.999533
214.2142,0.9886162432,2373571.665778915,-2372468.7778147324,-0.999535
215.2152,0.9885847991,2388531.460165857,-2387426.759251174,-0.999537
216.2162,0.9885534557,2403276.9743345045,-2402170.5758269723,-0.99954
217.2172,0.9885222124,2417806.1444259044,-2416698.163041457,-0.999542
218.2182,0.9884910685,2432116.98693249,-2431007.5367204132,-0.999544
219.2192,0.9884600234,2446207.5983746024,-2445096.7926933146,-0.999546
220.2202,0.9884290764,2460076.1549448245,-2458964.1064383653,-0.999548
221.2212,0.9883982271,2473720.912121107,-2472607.7326963306,-0.99955
222.2222,0.9883674746,2487140.204249599,-2486026.0050540664,-0.999552
223.2232,0.9883368185,2500332.4440981275,-2499217.33549869,-0.999554
224.2242,0.9883062581,2513296.122381235,-2512180.2139433045,-0.999556
225.2252,0.9882757929,2526029.807257723,-2524913.207725225,-0.999558
226.2262,0.9882454222,2538532.143801558,-2537414.9610775555,-0.99956
227.2272,0.9882151456,2550801.8534470974,-2549684.1945750876,-0.999562
228.2282,0.9881849623,2562837.733409491,-2561719.704555358,-0.999564
229.2292,0.9881548718,2574638.6560811535,-2573520.362515779,-0.999566
230.2302,0.9881248736,2586203.568405191,-2585085.1144877123,-0.999568
231.2312,0.9880949671,2597531.491226628,-2596412.980388333,-0.999569
232.2322,0.9880651518,2608621.5186223127,-2607503.0533511727,-0.999571
233.2332,0.988035427,2619472.817210344,-2618354.499036167,-0.999573
234.2342,0.9880057923,2630084.6254398185,-2628966.554920023,-0.999575
235.2352,0.9879762471,2640456.2528617987,-2639338.529567798,-0.999577
236.2362,0.9879467908,2650587.0793822263,-2649469.801886413,-0.999578
237.2372,0.987917423,2660476.554497662,-2659359.820360988,-0.99958
238.2382,0.9878881431,2670124.1965145916,-2669008.1022747336,-0.999582
239.2392,0.9878589506,2679529.591753115,-2678414.2329132194,-0.999584
240.2402,0.987829845,2688692.3937357496,-2687577.8647537446,-0.999585
241.2412,0.9878008257,2697612.3223621435,-2696498.716640616,-0.999587
242.2422,0.9877718923,2706289.163070422,-2705176.572947044,-0.999589
243.2432,0.9877430442,2714722.7659859094,-2713611.2827244126,-0.999591
244.2442,0.987714281,2722913.04505792,-2721802.7588396035,-0.999592
245.2452,0.9876856021,2730859.9771853923,-2729750.977101161,-0.999594
246.2462,0.9876570071,2738563.601331981,-2737455.9753749,-0.999596
247.2472,0.9876284955,2746024.017631349,-2744917.852689711,-0.999597
248.2482,0.9876000667,2753241.3864833107,-2752136.768334203,-0.999599
249.2492,0.9875717204,2760215.927641482,-2759112.94094485,-0.9996
250.2503,0.987543456,2766947.9192930884,-2765846.647586279,-0.999602
251.2513,0.987515273,2773437.6971315686,-2772338.2228243556,-0.999604
252.2523,0.9874871711,2779685.6534225764,-2778588.0577926454,-0.999605
253.2533,0.9874591497,2785692.2360640145,-2784596.5992529136,-0.999607
254.2543,0.9874312084,2791457.947640676,-2790364.348650212,-0.999608
255.2553,0.9874033467,2796983.3444740837,-2795891.8611631608,-0.99961
256.2563,0.9873755642,2802269.03566807,-2801179.7447499605,-0.999611
257.2573,0.9873478604,2807315.6821507467,-2806228.659190786,-0.999613
258.2583,0.987320235,2812123.9957132554,-2811039.3151269527,-0.999614
259.2593,0.9872926873,2816694.7380459676,-2815612.4730975227,-0.999616
260.2603,0.9872652171,2821028.7197726024,-2819948.942573819,-0.999617
261.2613,0.9872378239,2825126.799482741,-2824049.580992333,-0.999619
262.2623,0.9872105072,2828989.882763273,-2827915.2927865507,-0.99962
263.2633,0.9871832667,2832618.9212292465,-2831547.028418172,-0.999622
264.2643,0.9871561018,2836014.9115545806,-2834945.783408194,-0.999623
265.2653,0.9871290123,2839178.8945030905,-2838112.597368286,-0.999624
266.2663,0.9871019976,2842111.953960302,-2841048.553032955,-0.999626
267.2673,0.9870750574,2844815.215966454,-2843754.775292888,-0.999627
268.2683,0.9870481912,2847289.8477511294,-2846232.4302299106,-0.999629
269.2693,0.9870213987,2849537.05676992,-2848482.7241539797,-0.99963
270.2703,0.9869946795,2851558.0897434973,-2850506.902642566,-0.999631
271.2713,0.9869680331,2853354.2316995366,-2852306.249582886,-0.999633
272.2723,0.9869414592,2854926.805017795,-2853882.086217282,-0.999634
273.2733,0.9869149574,2856277.1684787488,-2855235.7701921454,-0.999635
274.2743,0.9868885272,2857406.716316132,-2856368.694610744,-0.999637
275.2753,0.9868621683,2858316.877273724,-2857282.2870902824,-0.999638
276.2763,0.9868358804,2859009.1136666858,-2857978.0088235084,-0.999639
277.2773,0.986809663,2859484.9204478073,-2858457.353645219,-0.999641
278.2783,0.9867835157,2859745.8242789274,-2858721.8471039357,-0.999642
279.2793,0.9867574383,2859793.382607856,-2858773.045539072,-0.999643
280.2803,0.9867314302,2859629.182751073,-2858612.5351638687,-0.999644
281.2813,0.9867054912,2859254.84098248,-2858241.931154381,-0.999646
282.2823,0.9866796209,2858672.001628447,-2857662.8767447453,-0.999647
283.2833,0.986653819,2857882.336169474,-2856877.0423290613,-0.999648
284.2843,0.986628085,2856887.5423486284,-2855886.1245700377,-0.999649
285.2853,0.9866024186,2855689.3432870656,-2854691.8455147156,-0.999651
286.2863,0.9865768195,2854289.4866068047,-2853295.951717443,-0.999652
287.2873,0.9865512873,2852689.743561014,-2851700.2133703474,-0.999653
288.2883,0.9865258216,2850891.908172015,-2849906.423441527,-0.999654
289.2893,0.9865004222,2848897.7963771406,-2847916.39682108,-0.999656
290.2903,0.9864750886,2846709.2451827405,-2845731.969475285,-0.999657
291.2913,0.9864498206,2844328.111826393,-2843354.997608976,-0.999658
292.2923,0.9864246178,2841756.2729476304,-2840787.3568364237,-0.999659
293.2933,0.9863994799,2838995.623767205,-2838030.9413607535,-0.99966
294.2943,0.9863744065,2836048.077275146,-2835087.6631621495,-0.999661
295.2953,0.9863493973,2832915.5634277137,-2831959.451194948,-0.999662
296.2963,0.986324452,2829600.0283534084,-2828648.2505937777,-0.999664
297.2973,0.9862995703,2826103.4335681256,-2825156.0218888465,-0.999665
298.2983,0.9862747517,2822427.75519963,-2821484.7402305347,-0.999666
299.2993,0.9862499961,2818574.983221435,-2817636.3946233937,-0.999667
300.3003,0.9862253031,2814547.120696206,-2813612.987169658,-0.999668
301.3013,0.9862006724,2810346.183028759,-2809416.532322351,-0.999669
302.3023,0.9861761037,2805974.1972288075,-2805049.0561481332,-0.99967
303.3033,0.9861515966,2801433.2011834723,-2800512.595599907,-0.999671
304.3043,0.9861271509,2796725.2429396887,-2795809.1977993124,-0.999672
305.3053,0.9861027663,2791852.37999657,-2790940.9193291767,-0.999674
306.3063,0.9860784424,2786816.678607752,-2785909.825535941,-0.999675
307.3073,0.9860541789,2781620.2130938605,-2780717.9898422,-0.999676
308.3083,0.9860299756,2776265.065165068,-2775367.4930693335,-0.999677
309.3093,0.9860058322,2770753.323253857,-2769860.4227703298,-0.999678
310.3103,0.9859817483,2765087.0818579863,-2764198.8725728197,-0.999679
311.3113,0.9859577237,2759268.440893698,-2758384.941532337,-0.99968
312.3123,0.985933758,2753299.5050592455,-2752420.7334959004,-0.999681
313.3133,0.9859098511,2747182.3832087093,-2746308.356475877,-0.999682
314.3143,0.9858860026,2740919.187736126,-2740049.922034156,-0.999683
315.3153,0.9858622121,2734512.033969988,-2733647.5446766876,-0.999684
316.3163,0.9858384796,2727963.0395780886,-2727103.3412583657,-0.999685
317.3173,0.9858148046,2721274.323982708,-2720419.4303982444,-0.999686
318.3183,0.9857911869,2714448.0077861715,-2713597.9319051253,-0.999687
319.3193,0.9857676262,2707486.2122067465,-2706640.966213479,-0.999688
320.3203,0.9857441222,2700391.058524896,-2699550.6538297203,-0.999689
321.3213,0.9857206747,2693164.6675398382,-2692329.1147887823,-0.99969
322.3223,0.9856972834,2685809.159036434,-2684978.46812102,-0.999691
323.3233,0.985673948,2678326.6512623425,-2677500.8313293764,-0.999692
324.3243,0.9856506683,2670719.2604154544,-2669898.3198768203,-0.999693
325.3253,0.985627444,2662989.100141533,-2662173.0466839946,-0.999694
326.3263,0.9856042748,2655138.281042084,-2654327.1216370827,-0.999694
327.3273,0.9855811606,2647168.910192331,-2646362.6511057843,-0.999695
328.3283,0.9855581009,2639083.090669369,-2638281.7374714627,-0.999696
329.3293,0.9855350956,2630882.9210903416,-2630086.478665313,-0.999697
330.3303,0.9855121444,2622570.4951606607,-2621778.96771657,-0.999698
331.3313,0.9854892471,2614147.9012322025,-2613361.2923106905,-0.999699
332.3323,0.9854664033,2605617.2218714203,-2604835.5343574486,-0.9997
333.3333,0.985443613,2596980.533437313,-2596203.769568887,-0.999701
334.3343,0.9854208757,2588239.9056692086,-2587468.0670470744,-0.999702
335.3353,0.9853981913,2579397.401284269,-2578630.4888815884,-0.999703
336.3363,0.9853755596,2570455.075584698,-2569693.089756696,-0.999704
337.3373,0.9853529802,2561414.9760745284,-2560657.91656811,-0.999704
338.3383,0.9853304529,2552279.1420859694,-2551527.0080493074,-0.999705
339.3393,0.9853079776,2543049.604415198,-2542302.394407283,-0.999706
340.3403,0.9852855539,2533728.384967566,-2532986.0969677237,-0.999707
341.3413,0.9852631816,2524317.496412108,-2523580.1278294763,-0.999708
342.3423,0.9852408605,2514818.94184528,-2514086.489528246,-0.999709
343.3433,0.9852185904,2505234.714463865,-2504507.1747094616,-0.99971
344.3443,0.985196371,2495566.7972469567,-2494844.165810214,-0.99971
345.3453,0.9851742021,2485817.162646913,-2485099.4347501607,-0.999711
346.3463,0.9851520835,2475987.7722892375,-2475274.942631366,-0.999712
347.3473,0.9851300149,2466080.576681256,-2465372.6394469235,-0.999713
348.3483,0.9851079961,2456097.5149295335,-2455394.4637983227,-0.999714
349.3493,0.985086027,2446040.514465943,-2445342.3426214657,-0.999715
350.3504,0.9850641072,2435911.4907822455,-2435218.1909211944,-0.999715
351.3514,0.9850422365,2425712.347173155,-2425023.911514296,-0.999716
352.3524,0.9850204148,2415444.974487758,-2414761.394780871,-0.999717
353.3534,0.9849986418,2405111.2508891867,-2404432.518423943,-0.999718
354.3544,0.9849769174,2394713.0416224864,-2394039.1472372683,-0.999719
355.3554,0.9849552412,2384252.1987905176,-2383583.1328811776,-0.999719
356.3564,0.984933613,2373730.5611378797,-2373066.313666437,-0.99972
357.3574,0.9849120328,2363149.953842681,-2362490.5143459537,-0.999721
358.3584,0.9848905002,2352512.18831609,-2351857.5459142653,-0.999722
359.3594,0.984869015,2341819.06200958,-2341169.205414715,-0.999722
360.3604,0.9848475771,2331072.3582297377,-2330427.2757541984,-0.999723
361.3614,0.9848261862,2320273.8459605523,-2319633.5255253813,-0.999724
362.3624,0.9848048421,2309425.279693088,-2308789.708836305,-0.999725
363.3634,0.9847835446,2298528.3992624087,-2297897.565147243,-0.999726
364.3644,0.9847622936,2287584.9296917077,-2286958.8191147577,-0.999726
365.3654,0.9847410887,2276596.5810434697,-2275975.1804427956,-0.999727
366.3664,0.9847199299,2265565.04827763,-2264948.3437407706,-0.999728
367.3674,0.9846988169,2254492.011116569,-2253879.9883884895,-0.999729
368.3684,0.9846777496,2243379.1339168977,-2242771.778407863,-0.999729
369.3694,0.9846567276,2232228.065547866,-2231625.3623412405,-0.99973
370.3704,0.9846357509,2221040.4392763563,-2220442.3731363295,-0.999731
371.3714,0.9846148193,2209817.8726582914,-2209224.4280375303,-0.999731
372.3724,0.9845939324,2198561.967436433,-2197973.128483656,-0.999732
373.3734,0.9845730903,2187274.309444384,-2186690.0600118632,-0.999733
374.3744,0.9845522926,2175956.4685167545,-2175376.792167738,-0.999734
375.3754,0.9845315392,2164609.9984053466,-2164034.8784214086,-0.999734
376.3764,0.9845108298,2153236.4367013033,-2152665.8560896134,-0.999735
377.3774,0.9844901644,2141837.3047630545,-2141271.246263572,-0.999736
378.3784,0.9844695427,2130414.1076500216,-2129852.5537426122,-0.999736
379.3794,0.9844489645,2118968.3340619295,-2118411.2669734033,-0.999737
380.3804,0.9844284297,2107501.456283663,-2106948.857994736,-0.999738
381.3814,0.9844079381,2096014.9301355307,-2095466.7823877078,-0.999738
382.3824,0.9843874894,2084510.194928876,-2083966.4792312542,-0.999739
383.3834,0.9843670836,2072988.6734268828,-2072449.3710628783,-0.99974
384.3844,0.9843467204,2061451.7718105384,-2060916.8638445337,-0.999741
385.3854,0.9843263996,2049900.8796495988,-2049370.3469335116,-0.999741
386.3864,0.9843061212,2038337.3698784926,-2037811.193058266,-0.999742
387.3874,0.9842858848,2026762.5987770383,-2026240.758299053,-0.999743
388.3884,0.9842656904,2015177.9059559212,-2014660.3820733277,-0.999743
389.3894,0.9842455377,2003584.614346772,-2003071.3871257452,-0.999744
390.3904,0.9842254267,1991984.0301968087,-1991475.0795227236,-0.999745
391.3914,0.984205357,1980377.4430679,-1979872.7486514281,-0.999745
392.3924,0.9841853286,1968766.1258399936,-1968265.6672231234,-0.999746
393.3934,0.9841653413,1957151.3347187887,-1956655.0912807637,-0.999746
394.3944,0.9841453949,1945534.3092475643,-1945042.260210747,-0.999747
395.3954,0.9841254892,1933916.272323084,-1933428.3967587391,-0.999748
396.3964,0.9841056241,1922298.4302154696,-1921814.7070494704,-0.999748
397.3974,0.9840857995,1910681.9725919536,-1910202.380610411,-0.999749
398.3984,0.9840660151,1899068.0725444404,-1898592.590399254,-0.99975
399.3994,0.9840462708,1887457.886620744,-1886986.4928350758,-0.99975
400.4004,0.9840265664,1875852.5548594727,-1875385.2278331448,-0.999751
401.4014,0.9840069018,1864253.2008284156,-1863789.9188432298,-0.999751
402.4024,0.9839872768,1852660.9316663793,-1852201.6728913614,-0.999752
403.4034,0.9839676912,1841076.8381283751,-1840621.5806249431,-0.999753
404.4044,0.983948145,1829501.9946340728,-1829050.716361129,-0.999753
405.4054,0.9839286379,1817937.4593194479,-1817490.1381383957,-0.999754
406.4064,0.9839091697,1806384.2740915061,-1805940.8877711915,-0.999755
407.4074,0.9838897404,1794843.4646860585,-1794403.9909076372,-0.999755
408.4084,0.9838703498,1783316.0407283986,-1782880.4570901287,-0.999756
409.4094,0.9838509977,1771802.995796856,-1771371.2798188166,-0.999756
410.4104,0.983831684,1760305.3074891183,-1759877.4366178554,-0.999757
411.4114,0.9838124085,1748823.9374912456,-1748399.8891043433,-0.999758
412.4124,0.983793171,1737359.83164931,-1736939.5830598902,-0.999758
413.4134,0.9837739715,1725913.9200435726,-1725497.4485047227,-0.999759
414.4144,0.9837548097,1714487.1170651254,-1714074.399774253,-0.999759
415.4154,0.9837356856,1703080.3214949172,-1702671.3355980346,-0.99976
416.4164,0.9837165989,1691694.416585115,-1691289.139181052,-0.99976
417.4174,0.9836975496,1680330.2701426817,-1679928.6782872293,-0.999761
418.4184,0.9836785375,1668988.7346151422,-1668590.8053251246,-0.999762
419.4194,0.9836595624,1657670.6471784476,-1657276.3574357263,-0.999762
420.4204,0.9836406242,1646376.829826858,-1645986.1565822666,-0.999763
421.4214,0.9836217227,1635108.0894647986,-1634721.0096420087,-0.999763
422.4224,0.9836028579,1623865.2180005945,-1623481.7084999143,-0.999764
423.4234,0.9835840295,1612648.9924420442,-1612269.0301441497,-0.999764
424.4244,0.9835652375,1601460.174993736,-1601083.7367633358,-0.999765
425.4254,0.9835464816,1590299.5131560718,-1589926.5758455046,-0.999765
426.4264,0.9835277618,1579167.7398259009,-1578798.2802786687,-0.999766
427.4274,0.983509078,1568065.5733987486,-1567699.5684529834,-0.999767
428.4284,0.9834904299,1556993.7178725102,-1556631.1443643775,-0.999767
429.4294,0.9834718175,1545952.8629526193,-1545593.6977196562,-0.999768
430.4304,0.9834532405,1534943.6841585755,-1534587.9040429664,-0.999768
431.4314,0.983434699,1523966.8429318056,-1523614.424783595,-0.999769
432.4324,0.9834161926,1513022.986744786,-1512673.907425028,-0.999769
433.4334,0.9833977214,1502112.7492113602,-1501766.9855952086,-0.99977
434.4344,0.9833792852,1491236.7501982248,-1490894.2791779586,-0.99977
435.4354,0.9833608838,1480395.5959374916,-1480056.3944254832,-0.999771
436.4364,0.9833425171,1469589.879140294,-1469253.924071916,-0.999771
437.4374,0.983324185,1458820.179111387,-1458487.44744786,-0.999772
438.4384,0.9833058874,1448087.0618646655,-1447757.5305958465,-0.999772
439.4394,0.9832876241,1437391.0802395744,-1437064.7263866886,-0.999773
440.4404,0.9832693949,1426732.7740183403,-1426409.5746366535,-0.999773
441.4414,0.9832511999,1416112.6700439937,-1415792.6022254298,-0.999774
442.4424,0.9832330388,1405531.2823391082,-1405214.3232148082,-0.999774
443.4434,0.9832149115,1394989.1122252368,-1394675.2389680643,-0.999775
444.4444,0.9831968179,1384486.6484429734,-1384175.838269963,-0.999776
445.4454,0.9831787579,1374024.367272609,-1373716.5974473616,-0.999776
446.4464,0.9831607313,1363602.7326553275,-1363297.980490351,-0.999777
447.4474,0.983142738,1353222.1963149097,-1352920.4391739075,-0.999777
448.4484,0.983124778,1342883.1978798804,-1342584.4131799852,-0.999778
449.4494,0.983106851,1332586.1650060862,-1332290.3302200444,-0.999778
450.4505,0.9830889569,1322331.513499619,-1322038.6061579208,-0.999778
451.4515,0.9830710957,1312119.6474401006,-1311829.6451330616,-0.999779
452.4525,0.9830532673,1301950.9593042326,-1301663.839684025,-0.999779
453.4535,0.9830354714,1291825.830089617,-1291541.5708722488,-0.99978
454.4545,0.983017708,1281744.629438766,-1281463.2084060144,-0.99978
455.4555,0.9829999769,1271707.7157633097,-1271429.110764604,-0.999781
456.4565,0.9829822781,1261715.4363683334,-1261439.625322591,-0.999781
457.4575,0.9829646114,1251768.1275768157,-1251495.0884742306,-0.999782
458.4585,0.9829469768,1241866.114854126,-1241595.8257579103,-0.999782
459.4595,0.982929374,1232009.7129325771,-1231742.1519806578,-0.999783
460.4605,0.982911803,1222199.2259359546,-1221934.3713426236,-0.999783
461.4615,0.9828942637,1212434.9475040275,-1212172.777561548,-0.999784
462.4625,0.982876756,1202717.1609169757,-1202457.653997143,-0.999784
463.4635,0.9828592796,1193046.1392197488,-1192789.2737754094,-0.999785
464.4645,0.9828418346,1183422.1453462688,-1183167.8999127946,-0.999785
465.4655,0.9828244209,1173845.4322434983,-1173593.7854402193,-0.999786
466.4665,0.9828070382,1164316.2429952987,-1164067.1735268948,-0.999786
467.4675,0.9827896865,1154834.8109461046,-1154588.2976039532,-0.999787
468.4685,0.9827723657,1145401.3598243298,-1145157.3814878163,-0.999787
469.4695,0.9827550757,1136016.1038655217,-1135774.6395033079,-0.999787
470.4705,0.9827378164,1126679.2479352048,-1126440.2766064573,-0.999788
471.4715,0.9827205876,1117390.987651428,-1117154.4885070093,-0.999788
472.4725,0.9827033893,1108151.5095069401,-1107917.4617905607,-0.999789
473.4735,0.9826862213,1098960.9909910231,-1098729.3740403545,-0.999789
474.4745,0.9826690836,1089819.600710904,-1089590.3939586561,-0.99979
475.4755,0.982651976,1080727.49851278,-1080500.6814877412,-0.99979
476.4765,0.9826348984,1071684.8356023887,-1071460.3879304298,-0.999791
477.4775,0.9826178508,1062691.7546651307,-1062469.6560701735,-0.999791
478.4785,0.9826008329,1053748.3899856969,-1053528.6202906463,-0.999791
479.4795,0.9825838448,1044854.8675672172,-1044637.4066948614,-0.999792
480.4805,0.9825668863,1036011.3052498783,-1035796.1332237526,-0.999792
481.4815,0.9825499573,1027217.8128290067,-1027004.9097742252,-0.999793
482.4825,0.9825330577,1018474.492172586,-1018263.83831664,-0.999793
483.4835,0.9825161875,1009781.4373382183,-1009573.0130117423,-0.999794
484.4845,0.9824993464,1001138.7346894831,-1000932.5203269885,-0.999794
485.4855,0.9824825344,992546.4630116882,-992342.439152267,-0.999794
486.4865,0.9824657515,984004.6936269933,-983802.8409149891,-0.999795
487.4875,0.9824489974,975513.4905089109,-975313.7896945612,-0.999795
488.4885,0.9824322722,967072.910396136,-966875.3423361838,-0.999796
489.4895,0.9824155756,958683.0029057097,-958487.548563986,-0.999796
490.4905,0.9823989077,950343.8106455037,-950150.4510934812,-0.999797
491.4915,0.9823822683,942055.3693260151,-941864.0857433338,-0.999797
492.4925,0.9823656573,933817.7078714399,-933628.4815464041,-0.999797
493.4935,0.9823490746,925630.8485300298,-925443.6608600788,-0.999798
494.4945,0.9823325202,917494.8069837182,-917309.6394758694,-0.999798
495.4955,0.9823159939,909409.5924570014,-909226.4267282672,-0.999799
496.4965,0.9822994956,901375.207825065,-901194.0256028438,-0.999799
497.4975,0.9822830252,893391.6497211388,-893212.4328435805,-0.999799
498.4985,0.9822665827,885458.908643079,-885281.6390594256,-0.9998
499.4995,0.982250168,877576.969059171,-877401.6288300726,-0.9998
500.5005,0.9822337809,869745.8095131302,-869572.3808109366,-0.999801
501.5015,0.9822174214,861965.4027283007,-861793.8678373296,-0.999801
502.5025,0.9822010893,854235.7157110409,-854066.0570278238,-0.999801
503.5035,0.9821847846,846556.7098532977,-846388.909886801,-0.999802
504.5045,0.9821685073,838928.3410343501,-838762.382406176,-0.999802
505.5055,0.9821522571,831350.559721712,-831186.4251662758,-0.999803
506.5065,0.982136034,823823.3110712015,-823660.9834358885,-0.999803
507.5075,0.982119838,816346.5350261667,-816185.9972714682,-0.999803
508.5085,0.9821036689,808920.1664158539,-808761.4016154811,-0.999804
509.5095,0.9820875266,801544.1350529199,-801387.1263938993,-0.999804
510.5105,0.9820714111,794218.3658300714,-794063.0966128196,-0.999805
511.5115,0.9820553222,786942.7788158591,-786789.2324542379,-0.999805
512.5125,0.9820392599,779717.2893495816,-779565.4493709344,-0.999805
513.5135,0.9820232242,772541.8081353133,-772391.6581804833,-0.999806
514.5145,0.9820072148,765416.2413350582,-765267.7651583873,-0.999806
515.5155,0.9819912317,758340.4906610234,-758193.6721303343,-0.999806
516.5165,0.9819752749,751314.4534669962,-751169.2765635566,-0.999807
517.5175,0.9819593442,744338.0228388403,-744194.4716573098,-0.999807
518.5185,0.9819434396,737411.0876840951,-737269.1464324556,-0.999808
519.5195,0.9819275609,730533.5328206825,-730393.1858201522,-0.999808
520.5205,0.9819117082,723705.2390647208,-723566.470749652,-0.999808
521.5215,0.9818958812,716926.0833174366,-716788.8782351981,-0.999809
522.5225,0.98188008,710195.9386511787,-710060.2814620229,-0.999809
523.5235,0.9818643044,703514.6743945372,-703380.5498714523,-0.999809
524.5245,0.9818485544,696882.1562165554,-696749.549245102,-0.99981
525.5255,0.9818328298,690298.2462100445,-690167.1417881798,-0.99981
526.5265,0.9818171307,683762.8029739974,-683633.1862118838,-0.99981
527.5275,0.9818014568,677275.6816950939,-677147.5378148946,-0.999811
528.5285,0.9817858082,670836.7342283181,-670710.0485639796,-0.999811
529.5295,0.9817701848,664445.8091766625,-664320.5671736837,-0.999812
530.5305,0.9817545864,658102.7519699363,-657978.9391851254,-0.999812
531.5315,0.981739013,651807.4049426795,-651685.0070438981,-0.999812
532.5325,0.9817234645,645559.6074111705,-645438.6101770662,-0.999813
533.5335,0.9817079408,639359.1957495459,-639239.5850692724,-0.999813
534.5345,0.9816924419,633206.0034650137,-633087.7653379403,-0.999813
535.5355,0.9816769677,627099.8612721876,-626982.981807597,-0.999814
536.5365,0.9816615181,621040.5971665155,-620925.0625832911,-0.999814
537.5375,0.981646093,615028.0364968319,-614913.8331231342,-0.999814
538.5385,0.9816306923,609062.0020370091,-608949.1163099419,-0.999815
539.5395,0.981615316,603142.3140567398,-603030.7325220068,-0.999815
540.5405,0.981599964,597268.7903914239,-597158.499702975,-0.999815
541.5415,0.9815846362,591441.2465111865,-591332.2334308552,-0.999816
542.5425,0.9815693325,585659.4955890115,-585551.7469861424,-0.999816
543.5435,0.9815540529,579923.3485680085,-579816.8514190763,-0.999816
544.5445,0.9815387973,574232.6142278075,-574127.3556160277,-0.999817
545.5455,0.9815235656,568587.0992500908,-568483.0663650213,-0.999817
546.5465,0.9815083577,562986.6082832534,-562883.788420388,-0.999817
547.5475,0.9814931736,557430.9440062183,-557329.324566573,-0.999818
548.5485,0.9814780132,551919.9071913873,-551819.4756810778,-0.999818
549.5495,0.9814628764,546453.2967667414,-546354.0407965542,-0.999818
550.5506,0.9814477631,541030.9098770985,-540932.8171620541,-0.999819
551.5516,0.9814326733,535652.541944526,-535555.6003034356,-0.999819
552.5526,0.9814176069,530317.9867279194,-530222.1840829343,-0.999819
553.5536,0.9814025638,525027.036381739,-524932.3607578939,-0.99982
554.5546,0.981387544,519779.4815139261,-519685.9210386762,-0.99982
555.5556,0.9813725473,514575.1112429918,-514482.6541457431,-0.99982
556.5566,0.9813575738,509413.7132542866,-509322.3478659213,-0.999821
557.5576,0.9813426233,504295.0738554538,-504204.7886078491,-0.999821
558.5586,0.9813276958,499218.9780310763,-499129.7614566186,-0.999821
559.5596,0.9813127912,494185.2094965169,-494097.0502276098,-0.999822
560.5606,0.9812979094,489193.5507509616,-489106.4375195298,-0.999822
561.5616,0.9812830503,484243.7831296669,-484157.7047666545,-0.999822
562.5626,0.981268214,479335.6868554169,-479250.6322902811,-0.999823
563.5636,0.9812534003,474469.041089203,-474384.9993494042,-0.999823
564.5646,0.9812386091,469643.6239801231,-469560.584190609,-0.999823
565.5656,0.9812238404,464859.2127145032,-464777.1640971908,-0.999823
566.5666,0.9812090942,460115.5835642625,-460034.5154375144,-0.999824
567.5676,0.9811943702,455412.5119345092,-455332.4137126069,-0.999824
568.5686,0.9811796686,450749.7724103873,-450670.6336030014,-0.999824
569.5696,0.9811649892,446127.1388031706,-446048.9490148264,-0.999825
570.5706,0.9811503319,441544.3841956129,-441467.1331251537,-0.999825
571.5716,0.9811356967,437001.2809865642,-436924.9584266111,-0.999825
572.5726,0.9811210835,432497.6009348538,-432422.1967712629,-0.999826
573.5736,0.9811064923,428033.1152024452,-427958.6194137614,-0.999826
574.5746,0.981091923,423607.5943968769,-423533.9970537854,-0.999826
575.5756,0.9810773755,419220.8086129845,-419148.0998777603,-0.999827
576.5766,0.9810628497,414872.5274739186,-414800.6975998727,-0.999827
577.5776,0.9810483456,410562.5201714624,-410491.5595023867,-0.999827
578.5786,0.9810338632,406290.5555056492,-406220.4544752589,-0.999827
579.5796,0.9810194023,402056.4019237036,-401987.1510550777,-0.999828
580.5806,0.9810049629,397859.8275582803,-397791.4174633007,-0.999828
581.5816,0.9809905449,393700.6002650482,-393633.0216438366,-0.999828
582.5826,0.9809761483,389578.4876595889,-389511.731299943,-0.999829
583.5836,0.9809617731,385493.2571536403,-385427.3139304675,-0.999829
584.5846,0.980947419,381444.6759906798,-381379.5368654309,-0.999829
585.5856,0.9809330862,377432.5112808573,-377368.1673009581,-0.99983
586.5866,0.9809187744,373456.5300352803,-373392.9723335627,-0.99983
587.5876,0.9809044838,369516.4991996724,-369453.7189938046,-0.99983
588.5886,0.9808902141,365612.1856873811,-365550.174279297,-0.99983
589.5896,0.9808759653,361743.3564117788,-361682.1051871064,-0.999831
590.5906,0.9808617375,357909.7783180351,-357849.2787455249,-0.999831
591.5916,0.9808475304,354111.2184142763,-354051.4620452291,-0.999831
592.5926,0.9808333441,350347.4438021435,-350288.4222698376,-0.999832
593.5936,0.9808191785,346618.2217067471,-346559.9267258658,-0.999832
594.5946,0.9808050336,342923.3195060271,-342865.7428720854,-0.999832
595.5956,0.9807909092,339262.5047595358,-339205.6383483078,-0.999832
596.5966,0.9807768053,335635.545236622,-335579.3810035678,-0.999833
597.5976,0.9807627218,332042.2089440602,-331986.7389237533,-0.999833
598.5986,0.9807486588,328482.2641530982,-328427.4804586532,-0.999833
599.5996,0.9807346161,324955.4794259514,-324901.3742484517,-0.999833
600.6006,0.9807205937,321461.6236417375,-321408.189249664,-0.999834
601.6016,0.9807065915,318000.4660218641,-317947.6947605239,-0.999834
602.6026,0.9806926095,314571.7761548707,-314519.6604458267,-0.999834
603.6036,0.9806786475,311175.3240207448,-311123.8563612459,-0.999835
604.6046,0.9806647057,307810.8800146919,-307760.0529771042,-0.999835
605.6056,0.9806507838,304478.2149703962,-304428.021201635,-0.999835
606.6066,0.9806368818,301177.1001827564,-301127.5324037184,-0.999835
607.6076,0.9806229997,297907.3074301134,-297858.3584351114,-0.999836
608.6086,0.9806091375,294668.6089959708,-294620.2716521678,-0.999836
609.6096,0.980595295,291460.7776902192,-291413.044937065,-0.999836
610.6106,0.9805814722,288283.5868698665,-288236.4517185352,-0.999836
611.6116,0.9805676691,285136.8104592816,-285090.2659921094,-0.999837
612.6126,0.9805538855,282020.2229699575,-281974.2623398835,-0.999837
613.6136,0.9805401215,278933.5995198032,-278888.2159498103,-0.999837
614.6146,0.980526377,275876.7158519628,-275831.9026345208,-0.999838
615.6156,0.9805126519,272849.3483531766,-272805.0988496863,-0.999838
616.6166,0.9804989462,269851.274071683,-269807.5817119227,-0.999838
617.6176,0.9804852599,266882.2707346727,-266839.1290162453,-0.999838
618.6186,0.9804715927,263942.116765297,-263899.51925308,-0.999839
619.6196,0.9804579448,261030.5912992389,-260988.5316248349,-0.999839
620.6206,0.9804443161,258147.4742008494,-258105.9460620397,-0.999839
621.6216,0.9804307065,255292.5460788622,-255251.5432390614,-0.999839
622.6226,0.9804171159,252465.5883016819,-252425.1045893944,-0.99984
623.6236,0.9804035443,249666.3830122615,-249626.412320541,-0.99984
624.6246,0.9803899917,246894.7131425679,-246855.2494284772,-0.99984
625.6256,0.980376458,244150.3624276451,-244111.3997117198,-0.99984
626.6266,0.9803629431,241433.1154192801,-241394.647784993,-0.999841
627.6276,0.980349447,238742.757499275,-238704.7790925034,-0.999841
628.6286,0.9803359696,236079.0748923318,-236041.5799208267,-0.999841
629.6296,0.980322511,233441.8546785605,-233404.8374114181,-0.999841
630.6306,0.9803090709,230830.8848056062,-230794.3395727419,-0.999842
631.6316,0.9802956495,228245.9541004086,-228209.8752920329,-0.999842
632.6326,0.9802822466,225686.8522805972,-225651.2343466939,-0.999842
633.6336,0.9802688621,223153.3699655258,-223118.2074153333,-0.999842
634.6346,0.9802554962,220645.2986869545,-220610.5860884483,-0.999843
635.6356,0.9802421485,218162.4308993814,-218128.1628787606,-0.999843
636.6366,0.9802288192,215704.5599900312,-215670.7312312059,-0.999843
637.6376,0.9802155082,213271.4802885083,-213238.0855325905,-0.999843
638.6386,0.9802022155,210862.9870761124,-210830.0211209091,-0.999844
639.6396,0.9801889409,208478.8765948303,-208446.3342943395,-0.999844
640.6406,0.9801756844,206118.9460560024,-206086.8223199108,-0.999844
641.6416,0.9801624461,203782.9936486724,-203751.2834418566,-0.999844
642.6426,0.9801492257,201470.8185476253,-201439.5168896555,-0.999845
643.6436,0.9801360234,199182.2209211151,-199151.322885761,-0.999845
644.6446,0.9801228389,196917.0019382924,-196886.502653032,-0.999845
645.6456,0.9801096724,194674.9637763324,-194644.858421864,-0.999845
646.6466,0.9800965237,192455.9096272718,-192426.1934370276,-0.999846
647.6476,0.9800833928,190259.6437045544,-190230.3119642183,-0.999846
648.6486,0.9800702797,188085.971249296,-188057.0192963225,-0.999846
649.6496,0.9800571842,185934.6985362688,-185906.1217594065,-0.999846
650.6507,0.9800441064,183805.6328796132,-183777.4267184291,-0.999847
651.6517,0.9800310462,181698.5826382778,-181670.7425826864,-0.999847
652.6527,0.9800180036,179613.3572211963,-179585.8788109899,-0.999847
653.6537,0.9800049784,177549.767092204,-177522.6459165868,-0.999847
654.6547,0.9799919707,175507.6237746978,-175480.8554718224,-0.999847
655.6557,0.9799789805,173486.7398560436,-173460.3201125507,-0.999848
656.6567,0.9799660076,171486.9289917386,-171460.8535422992,-0.999848
657.6577,0.979953052,169508.0059093306,-169482.2705361912,-0.999848
658.6587,0.9799401137,167549.7864120963,-167524.3869446274,-0.999848
659.6597,0.9799271926,165612.0873824896,-165587.0196967363,-0.999849
660.6607,0.9799142888,163694.7267853549,-163669.9868035912,-0.999849
661.6617,0.979901402,161797.5236709204,-161773.1073612058,-0.999849
662.6627,0.9798885324,159920.298177564,-159896.2015533037,-0.999849
663.6637,0.9798756798,158062.8715343661,-158039.0906538734,-0.99985
664.6647,0.9798628442,156225.0660634456,-156201.5970295076,-0.99985
665.6657,0.9798500255,154406.7051820888,-154383.5441415352,-0.99985
666.6667,0.9798372238,152607.6134046708,-152584.7565479452,-0.99985
667.6677,0.979824439,150827.6163443761,-150805.0599051108,-0.99985
668.6687,0.9798116709,149066.5407147211,-149044.2809693143,-0.999851
669.6697,0.9797989197,147324.2143308831,-147302.2475980796,-0.999851
670.6707,0.9797861852,145600.4661108382,-145578.7887513124,-0.999851
671.6717,0.9797734674,143895.1260763128,-143873.7344922554,-0.999851
672.6727,0.9797607662,142208.0253535525,-142186.9159882595,-0.999852
673.6737,0.9797480817,140538.9961739124,-140518.1655113777,-0.999852
674.6747,0.9797354137,138887.8718742701,-138867.3164387802,-0.999852
675.6757,0.9797227622,137254.486897268,-137234.2032530007,-0.999852
676.6767,0.9797101272,135638.6767913862,-135618.6615420114,-0.999852
677.6777,0.9796975087,134040.2782108519,-134020.5279991358,-0.999853
678.6787,0.9796849065,132459.1289153846,-132439.6404227968,-0.999853
679.6797,0.9796723207,130895.0677697851,-130875.8377161082,-0.999853
680.6807,0.9796597512,129347.9347433689,-129328.959886312,-0.999853
681.6817,0.979647198,127817.5709092472,-127798.8480440614,-0.999854
682.6827,0.979634661,126303.8184434609,-126285.3444025582,-0.999854
683.6837,0.9796221402,124806.5206239686,-124788.2922765436,-0.999854
684.6847,0.9796096355,123325.5218294914,-123307.5360811461,-0.999854
685.6857,0.979597147,121860.6675382225,-121842.9213305938,-0.999854
686.6867,0.9795846745,120411.8043263969,-120394.2946367871,-0.999855
687.6877,0.979572218,118978.7798667303,-118961.5037077407,-0.999855
688.6887,0.9795597774,117561.4429267291,-117544.397345896,-0.999855
689.6897,0.9795473529,116159.6433668712,-116142.8254463056,-0.999855
690.6907,0.9795349442,114773.2321386661,-114756.6389946953,-0.999855
691.6917,0.9795225514,113402.0612825911,-113385.6900654042,-0.999856
692.6927,0.9795101744,112045.9839259111,-112029.8318192065,-0.999856
693.6937,0.9794978131,110704.8542803835,-110688.9185010199,-0.999856
694.6947,0.9794854676,109378.5276398494,-109362.8054374991,-0.999856
695.6957,0.9794731378,108066.8603777155,-108051.3490345214,-0.999856
696.6967,0.9794608237,106769.7099443295,-106754.4067745639,-0.999857
697.6977,0.9794485252,105486.9348642504,-105471.8372139774,-0.999857
698.6987,0.9794362422,104218.3947334173,-104203.4999801575,-0.999857
699.6997,0.9794239748,102963.9502162196,-102949.2557686181,-0.999857
700.7007,0.9794117229,101723.4630424685,-101708.9663399655,-0.999857
701.7017,0.9793994864,100496.7960042782,-100482.4945167821,-0.999858
702.7027,0.9793872654,99283.8129528513,-99269.7041804149,-0.999858
703.7037,0.9793750597,98084.3787951777,-98070.4602676775,-0.999858
704.7047,0.9793628694,96898.3594906456,-96884.6287674629,-0.999858
705.7057,0.9793506944,95725.6220475687,-95712.0767172742,-0.999858
706.7067,0.9793385347,94566.03451963,-94552.6721996712,-0.999859
707.7077,0.9793263902,93419.4660022479,-93406.2843386388,-0.999859
708.7087,0.9793142609,92285.7866288626,-92272.7832958759,-0.999859
709.7097,0.9793021467,91164.8675671487,-91152.0402670117,-0.999859
710.7107,0.9792900477,90056.581015154,-90043.9274777462,-0.999859
711.7117,0.9792779637,88960.8001973672,-88948.318179921,-0.99986
712.7127,0.9792658948,87877.3993607174,-87865.0866475213,-0.99986
713.7137,0.9792538409,86806.253770506,-86794.1081726106,-0.99986
714.7147,0.979241802,85747.2397062747,-85735.2590612015,-0.99986
715.7157,0.9792297779,84700.2344576104,-84688.4166290627,-0.99986
716.7167,0.9792177688,83665.1163198892,-83653.4591974659,-0.999861
717.7177,0.9792057746,82641.7645899626,-82630.2660888748,-0.999861
718.7187,0.9791937951,81630.0595617858,-81618.7176225756,-0.999861
719.7197,0.9791818304,80629.8825219922,-80618.6951102542,-0.999861
720.7207,0.9791698805,79641.1157454136,-79630.0808515192,-0.999861
721.7217,0.9791579453,78663.6424905506,-78652.7581293745,-0.999862
722.7227,0.9791460248,77697.3469949925,-77686.6112056417,-0.999862
723.7237,0.9791341189,76742.1144707907,-76731.5253163366,-0.999862
724.7247,0.9791222276,75797.8310997849,-75787.3866669969,-0.999862
725.7257,0.9791103509,74864.3840288868,-74854.0824279693,-0.999862
726.7267,0.9790984887,73941.6613653194,-73931.5007296509,-0.999863
727.7277,0.979086641,73029.5521718181,-73019.5306576925,-0.999863
728.7287,0.9790748078,72127.9464617896,-72118.0622481603,-0.999863
729.7297,0.979062989,71236.7351944361,-71226.9864826626,-0.999863
730.7307,0.9790511846,70355.8102698411,-70346.1952834376,-0.999863
731.7317,0.9790393946,69485.0645240231,-69475.5815084098,-0.999864
732.7327,0.9790276189,68624.3917239543,-68615.0389462108,-0.999864
733.7337,0.9790158574,67773.6865625494,-67764.4623111708,-0.999864
734.7347,0.9790041102,66932.8446536233,-66923.7472382787,-0.999864
735.7357,0.9789923773,66101.7625268219,-66092.7902781144,-0.999864
736.7367,0.9789806585,65280.3376225234,-65271.4888917537,-0.999864
737.7377,0.9789689539,64468.4682867162,-64459.7414456475,-0.999865
738.7387,0.9789572634,63666.0537658514,-63657.4472064769,-0.999865
739.7397,0.9789455869,62872.9942016722,-62864.5063359849,-0.999865
740.7407,0.9789339246,62089.1906260219,-62080.8198857867,-0.999865
741.7417,0.9789222762,61314.5449556312,-61306.2897921592,-0.999865
742.7427,0.9789106418,60548.9599868875,-60540.8188708124,-0.999866
743.7437,0.9788990214,59792.339390584,-59784.3108116409,-0.999866
744.7447,0.9788874149,59044.5877066543,-59036.6701734604,-0.999866
745.7457,0.9788758223,58305.6103388906,-58297.8023787286,-0.999866
746.7467,0.9788642435,57575.3135496476,-57567.6137082507,-0.999866
747.7477,0.9788526785,56853.604454533,-56846.0112958724,-0.999866
748.7487,0.9788411273,56140.3910170866,-56132.9031231606,-0.999867
749.7497,0.9788295899,55435.5820434475,-55428.1980140739,-0.999867
750.7508,0.9788180662,54739.0871770128,-54731.8056296219,-0.999867
751.7518,0.9788065562,54050.8168930855,-54043.6364625163,-0.999867
752.7528,0.9787950598,53370.6824935167,-53363.6018318145,-0.999867
753.7538,0.978783577,52698.5961013394,-52691.613877556,-0.999868
754.7548,0.9787721079,52034.4706553976,-52027.5855553928,-0.999868
755.7558,0.9787606523,51378.2199049697,-51371.430631216,-0.999868
756.7568,0.9787492102,50729.7584043889,-50723.0636757768,-0.999868
757.7578,0.9787377816,50089.0015076598,-50082.4000593062,-0.999868
758.7588,0.9787263665,49455.8653630743,-49449.355946132,-0.999868
759.7598,0.9787149648,48830.2669078244,-48823.8482892945,-0.999869
760.7608,0.9787035765,48212.1238626165,-48205.794825162,-0.999869
761.7618,0.9786922016,47601.3547262857,-47595.1140680471,-0.999869
762.7628,0.97868084,46997.8787704113,-46991.7253048246,-0.999869
763.7638,0.9786694918,46401.6160339348,-46395.548589551,-0.999869
764.7648,0.9786581568,45812.4873177809,-45806.5047380873,-0.999869
765.7658,0.978646835,45230.4141794824,-45224.515322726,-0.99987
766.7668,0.9786355265,44655.3189278098,-44649.5026668227,-0.99987
767.7678,0.9786242311,44087.1246174059,-44081.3898394319,-0.99987
768.7688,0.9786129489,43525.7550434266,-43520.1006499503,-0.99987
769.7698,0.9786016798,42971.1347361887,-42965.5596427663,-0.99987
770.7708,0.9785904238,42423.188955825,-42417.6920919164,-0.99987
771.7718,0.9785791809,41881.8436869477,-41876.4239957508,-0.999871
772.7728,0.978567951,41347.0256333202,-41341.6820716069,-0.999871
773.7738,0.9785567341,40818.6622125389,-40813.393750493,-0.999871
774.7748,0.9785455302,40296.6815507249,-40291.4871717812,-0.999871
775.7758,0.9785343392,39781.0124772261,-39775.891177912,-0.999871
776.7768,0.9785231611,39271.5845193314,-39266.5353091091,-0.999871
777.7778,0.9785119959,38768.3278969955,-38763.3497981073,-0.999872
778.7788,0.9785008435,38271.1735175777,-38266.2655648917,-0.999872
779.7798,0.978489704,37780.0529705924,-37775.2142114507,-0.999872
780.7808,0.9784785773,37294.8985224738,-37290.1280165418,-0.999872
781.7818,0.9784674633,36815.6431113549,-36810.9399304726,-0.999872
782.7828,0.9784563621,36342.2203418605,-36337.5835698951,-0.999872
783.7838,0.9784452736,35874.5644799155,-35869.993212616,-0.999873
784.7848,0.9784341978,35412.6104475688,-35408.1037924218,-0.999873
785.7858,0.9784231346,34956.2938178337,-34951.8508939211,-0.999873
786.7868,0.978412084,34505.5508095439,-34501.1707474017,-0.999873
787.7878,0.978401046,34060.3182822272,-34056.0002237063,-0.999873
788.7888,0.9783900206,33620.533730996,-33616.2768291245,-0.999873
789.7898,0.9783790077,33186.1352814565,-33181.9387003031,-0.999874
790.7908,0.9783680073,32757.0616846351,-32752.9245991744,-0.999874
791.7918,0.9783570194,32333.2523119236,-32329.173907903,-0.999874
792.7928,0.978346044,31914.6471500443,-31910.6266238516,-0.999874
793.7938,0.978335081,31501.1867960332,-31497.2233545668,-0.999874
794.7948,0.9783241303,31092.8124522438,-31088.9053127833,-0.999874
795.7958,0.978313192,30689.4659213705,-30685.6143114495,-0.999874
796.7968,0.9783022661,30291.0896014927,-30287.2927587725,-0.999875
797.7978,0.9782913525,29897.6264811395,-29893.8836532845,-0.999875
798.7988,0.9782804512,29509.0201343755,-29505.33057893,-0.999875
799.7998,0.9782695621,29125.2147159077,-29121.5777001737,-0.999875
800.8008,0.9782586852,28746.1549562146,-28742.5697571318,-0.999875
801.8018,0.9782478206,28371.7861566967,-28368.2520607227,-0.999875
802.8028,0.9782369681,28002.0541848497,-27998.5704878425,-0.999876
803.8038,0.9782261278,27636.9054694594,-27633.4714765609,-0.999876
804.8048,0.9782152995,27276.2869958205,-27272.9020213412,-0.999876
805.8058,0.9782044834,26920.1463009772,-26916.8096682823,-0.999876
806.8068,0.9781936794,26568.4314689878,-26565.1425103847,-0.999876
807.8078,0.9781828874,26221.0911262125,-26217.8491828394,-0.999876
808.8088,0.9781721073,25878.0744366247,-25874.8788583407,-0.999877
809.8098,0.9781613393,25539.3310971466,-25536.1812424226,-0.999877
810.8108,0.9781505833,25204.8113330083,-25201.7065688198,-0.999877
811.8118,0.9781398391,24874.4658931318,-24871.4055948522,-0.999877
812.8128,0.9781291069,24548.2460455388,-24545.2295968347,-0.999877
813.8138,0.9781183866,24226.1035727837,-24223.1303655108,-0.999877
814.8148,0.9781076781,23907.990767411,-23905.0602015113,-0.999877
815.8158,0.9780969814,23593.8604274381,-23590.9719108385,-0.999878
816.8168,0.9780862966,23283.6658518625,-23280.8188003745,-0.999878
817.8178,0.9780756235,22977.360836195,-22974.5546734154,-0.999878
818.8188,0.9780649622,22674.8996680179,-22672.1338252308,-0.999878
819.8198,0.9780543126,22376.2371225688,-22373.5110386485,-0.999878
820.8208,0.9780436747,22081.3284583498,-22078.6415796655,-0.999878
821.8218,0.9780330484,21790.1294127632,-21787.4811930837,-0.999878
822.8228,0.9780224338,21502.596197772,-21499.9860981727,-0.999879
823.8238,0.9780118309,21218.6854955873,-21216.1129843573,-0.999879
824.8248,0.9780012395,20938.3544543815,-20935.8190069325,-0.999879
825.8258,0.9779906597,20661.560684027,-20659.0617828028,-0.999879
826.8268,0.9779800915,20388.2622518625,-20385.7993862496,-0.999879
827.8278,0.9779695348,20118.4176784841,-20115.9903447239,-0.999879
828.8288,0.9779589895,19851.9859335639,-19849.5936346651,-0.999879
829.8298,0.9779484558,19588.9264316946,-19586.5686773472,-0.99988
830.8308,0.9779379335,19329.1990282605,-19326.8753347508,-0.99988
831.8318,0.9779274226,19072.7640153356,-19070.4739054615,-0.99988
832.8328,0.9779169231,18819.5821176074,-18817.325120596,-0.99988
833.8338,0.977906435,18569.6144883284,-18567.3901397532,-0.99988
834.8348,0.9778959582,18322.8227052934,-18320.6305469935,-0.99988
835.8358,0.9778854928,18079.1687668439,-18077.0083468437,-0.999881
836.8368,0.9778750386,17838.6150878998,-17836.4859603295,-0.999881
837.8378,0.9778645958,17601.1244960166,-17599.026221034,-0.999881
838.8388,0.9778541641,17366.6602274702,-17364.5923711835,-0.999881
839.8398,0.9778437438,17135.1859233689,-17133.1480577598,-0.999881
840.8408,0.9778333346,16906.665625791,-16904.6573286396,-0.999881
841.8418,0.9778229366,16681.0637739503,-16679.0846287601,-0.999881
842.8428,0.9778125497,16458.3452003881,-16456.3947963123,-0.999881
843.8438,0.977802174,16238.4751271912,-16236.5530589598,-0.999882
844.8448,0.9777918094,16021.419162238,-16019.525030086,-0.999882
845.8458,0.9777814559,15807.1432954706,-15805.2767050666,-0.999882
846.8468,0.9777711134,15595.6138951935,-15593.7744575695,-0.999882
847.8478,0.977760782,15386.7977043994,-15384.9850358814,-0.999882
848.8488,0.9777504616,15180.6618371219,-15178.8755592611,-0.999882
849.8498,0.9777401522,14977.1737748138,-14975.4135143192,-0.999882
850.8509,0.9777298537,14776.3013627536,-14774.5667514249,-0.999883
851.8519,0.9777195662,14578.0128064773,-14576.3034811384,-0.999883
852.8529,0.9777092896,14382.2766682372,-14380.5922706714,-0.999883
853.8539,0.9776990239,14189.0618634873,-14187.4020403726,-0.999883
854.8549,0.9776887691,13998.3376573953,-13996.7020602402,-0.999883
855.8559,0.9776785252,13810.0736613803,-13808.4619464615,-0.999883
856.8569,0.977668292,13624.2398296776,-13622.6516579773,-0.999883
857.8579,0.9776580697,13440.8064559295,-13439.2414930742,-0.999884
858.8589,0.9776478581,13259.7441698024,-13258.2020860019,-0.999884
859.8599,0.9776376574,13081.0239336297,-13079.5044036175,-0.999884
860.8609,0.9776274673,12904.6170390814,-12903.1197420553,-0.999884
861.8619,0.977617288,12730.4951038592,-12729.0197234228,-0.999884
862.8629,0.9776071194,12558.630068418,-12557.1762925228,-0.999884
863.8639,0.9775969614,12388.9941927128,-12387.5617136013,-0.999884
864.8649,0.9775868141,12221.5600529716,-12220.148567121,-0.999885
865.8659,0.9775766774,12056.3005384947,-12054.909746561,-0.999885
866.8669,0.9775665513,11893.188848478,-11891.8184552411,-0.999885
867.8679,0.9775564358,11732.1984888636,-11730.8482031731,-0.999885
868.8689,0.9775463309,11573.3032692149,-11571.9728039364,-0.999885
869.8699,0.9775362365,11416.4772996174,-11415.1663715793,-0.999885
870.8709,0.9775261526,11261.6949876043,-11260.4033175458,-0.999885
871.8719,0.9775160792,11108.9310351081,-11107.6583476275,-0.999885
872.8729,0.9775060163,10958.1604354367,-10956.9064589401,-0.999886
873.8739,0.9774959639,10809.3584702745,-10808.1229369258,-0.999886
874.8749,0.9774859218,10662.5007067088,-10661.2833523798,-0.999886
875.8759,0.9774758902,10517.5629942808,-10516.3635585016,-0.999886
876.8769,0.977465869,10374.5214620606,-10373.3396879719,-0.999886
877.8779,0.9774558581,10233.3525157485,-10232.1881500529,-0.999886
878.8789,0.9774458576,10094.0328347986,-10092.8856277139,-0.999886
879.8799,0.9774358674,9956.5393695685,-9955.4090747807,-0.999886
880.8809,0.9774258875,9820.8493384928,-9819.7357131097,-0.999887
881.8819,0.9774159179,9686.9402252799,-9685.8430297859,-0.999887
882.8829,0.9774059585,9554.7897761341,-9553.7087743452,-0.999887
883.8839,0.9773960094,9424.375997001,-9423.31095602,-0.999887
884.8849,0.9773860705,9295.6771508362,-9294.6278410095,-0.999887
885.8859,0.9773761418,9168.6717548992,-9167.6379497726,-0.999887
886.8869,0.9773662233,9043.3385780689,-9042.3200543458,-0.999887
887.8879,0.9773563149,8919.6566381846,-8918.6531756828,-0.999887
888.8889,0.9773464167,8797.6051994083,-8796.616581019,-0.999888
889.8899,0.9773365286,8677.1637696119,-8676.1897812584,-0.999888
890.8909,0.9773266506,8558.3120977867,-8557.3525283837,-0.999888
891.8919,0.9773167826,8441.030171476,-8440.0848128891,-0.999888
892.8929,0.9773069247,8325.2982142301,-8324.3668612369,-0.999888
893.8939,0.9772970769,8211.0966830853,-8210.1791333356,-0.999888
894.8949,0.977287239,8098.4062660636,-8097.5023200414,-0.999888
895.8959,0.9772774111,7987.2078796969,-7986.3173406816,-0.999889
896.8969,0.9772675933,7877.482666572,-7876.6053406013,-0.999889
897.8979,0.9772577853,7769.2119928984,-7768.3476887309,-0.999889
898.8989,0.9772479873,7662.3774460982,-7661.5259751768,-0.999889
899.8999,0.9772381992,7556.9608324179,-7556.1220088335,-0.999889
900.9009,0.977228421,7452.9441745622,-7452.117815018,-0.999889
901.9019,0.9772186527,7350.3097093491,-7349.4956331251,-0.999889
902.9029,0.9772088942,7249.0398853865,-7248.2379143051,-0.999889
903.9039,0.9771991456,7149.1173607713,-7148.3273191624,-0.999889
904.9049,0.9771894067,7050.525000808,-7049.7467154755,-0.99989
905.9059,0.9771796777,6953.2458757503,-6952.4791759383,-0.99989
906.9069,0.9771699584,6857.2632585624,-6856.5079759221,-0.99989
907.9079,0.9771602489,6762.5606227019,-6761.8165912589,-0.99989
908.9089,0.9771505491,6669.121639923,-6668.3886960454,-0.99989
909.9099,0.9771408591,6576.9301781009,-6576.2081604671,-0.99989
910.9109,0.9771311787,6485.9702990762,-6485.2590486435,-0.99989
911.9119,0.977121508,6396.2262565196,-6395.5256164937,-0.99989
912.9129,0.977111847,6307.6824938176,-6306.9923096212,-0.999891
913.9139,0.9771021956,6220.3236419772,-6219.6437612204,-0.999891
914.9149,0.9770925538,6134.1345175513,-6133.4647900015,-0.999891
915.9159,0.9770829217,6049.1001205839,-6048.4403981365,-0.999891
916.9169,0.9770732991,5965.2056325744,-5964.5557692237,-0.999891
917.9179,0.977063686,5882.4364144621,-5881.7962662726,-0.999891
918.9189,0.9770540825,5800.77800463,-5800.1474297081,-0.999891
919.9199,0.9770444886,5720.2161169272,-5719.5949753932,-0.999891
920.9209,0.9770349041,5640.7366387114,-5640.1247926723,-0.999892
921.9219,0.9770253291,5562.3256289102,-5561.7229424318,-0.999892
922.9229,0.9770157636,5484.9693161001,-5484.3756551809,-0.999892
923.9239,0.9770062076,5408.6540966061,-5408.0693291505,-0.999892
924.9249,0.976996661,5333.3665326188,-5332.7905284105,-0.999892
925.9259,0.9769871238,5259.0933503296,-5258.5259810066,-0.999892
926.9269,0.9769775959,5185.8214380853,-5185.2625771139,-0.999892
927.9279,0.9769680775,5113.5378445603,-5112.98736721,-0.999892
928.9289,0.9769585684,5042.2297769465,-5041.6875602652,-0.999892
929.9299,0.9769490687,4971.8845991621,-4971.3505219518,-0.999893
930.9309,0.9769395782,4902.4898300769,-4901.9637728695,-0.999893
931.9319,0.9769300971,4834.0331417568,-4833.51498679,-0.999893
932.9329,0.9769206253,4766.5023577242,-4765.9919889183,-0.999893
933.9339,0.9769111627,4699.8854512372,-4699.3827541716,-0.999893
934.9349,0.9769017094,4634.1705435849,-4633.6754054754,-0.999893
935.9359,0.9768922653,4569.3459024008,-4568.8582120767,-0.999893
936.9369,0.9768828304,4505.3999399922,-4504.9195878744,-0.999893
937.9379,0.9768734047,4442.3212116875,-4441.8480897662,-0.999893
938.9389,0.9768639882,4380.0984141992,-4379.6324160122,-0.999894
939.9399,0.9768545809,4318.7203840044,-4318.2614046157,-0.999894
940.9409,0.9768451826,4258.1760957411,-4257.7240317198,-0.999894
941.9419,0.9768357936,4198.4546606209,-4198.0094100203,-0.999894
942.9429,0.9768264136,4139.5453248586,-4139.1067871953,-0.999894
943.9439,0.9768170427,4081.4374681166,-4081.0055443507,-0.999894
944.9449,0.9768076809,4024.1206019663,-4023.6951944811,-0.999894
945.9459,0.9767983281,3967.5843683652,-3967.1653809473,-0.999894
946.9469,0.9767889844,3911.8185381489,-3911.4058759688,-0.999895
947.9479,0.9767796496,3856.8130095395,-3856.4065791322,-0.999895
948.9489,0.9767703239,3802.5578066688,-3802.1575159152,-0.999895
949.9499,0.9767610072,3749.0430781175,-3748.6488362251,-0.999895
950.951,0.9767516994,3696.2590954687,-3695.8708129536,-0.999895
951.952,0.9767424006,3644.1962518772,-3643.8138405453,-0.999895
952.953,0.9767331108,3592.845060653,-3592.4684335825,-0.999895
953.954,0.9767238298,3542.1961538602,-3541.8252253836,-0.999895
954.955,0.9767145577,3492.2402809304,-3491.874966617,-0.999895
955.956,0.9767052945,3442.9683072904,-3442.6085239288,-0.999896
956.957,0.9766960402,3394.3712130043,-3394.0168785858,-0.999896
957.958,0.9766867948,3346.4400914304,-3346.0911251317,-0.999896
958.959,0.9766775581,3299.1661478915,-3298.8224700585,-0.999896
959.96,0.9766683303,3252.54069836,-3252.202230491,-0.999896
960.961,0.9766591113,3206.5551681564,-3206.2218328862,-0.999896
961.962,0.976649901,3161.2010906616,-3160.8728117455,-0.999896
962.963,0.9766406995,3116.4701060433,-3116.1468083414,-0.999896
963.964,0.9766315068,3072.3539599956,-3072.0355694572,-0.999896
964.965,0.9766223228,3028.8445024919,-3028.5309461402,-0.999896
965.966,0.9766131475,2985.9336865517,-2985.6248924688,-0.999897
966.967,0.9766039809,2943.6135670199,-2943.3094643318,-0.999897
967.968,0.976594823,2901.8762993599,-2901.5768182216,-0.999897
968.969,0.9765856738,2860.7141384587,-2860.4192100403,-0.999897
969.97,0.9765765332,2820.119437446,-2819.8289939179,-0.999897
970.971,0.9765674012,2780.0846465252,-2779.7986210441,-0.999897
971.972,0.9765582779,2740.6023118174,-2740.3206385122,-0.999897
972.973,0.9765491631,2701.6650742175,-2701.3876881761,-0.999897
973.974,0.976540057,2663.2656682633,-2662.9925055185,-0.999897
974.975,0.9765309594,2625.3969210163,-2625.1279185328,-0.999898
975.976,0.9765218703,2588.0517509552,-2587.7868466162,-0.999898
976.977,0.9765127898,2551.2231668807,-2550.9622994751,-0.999898
977.978,0.9765037178,2514.9042668331,-2514.6473760426,-0.999898
978.979,0.9764946544,2479.0882370214,-2478.8352634077,-0.999898
979.98,0.9764855994,2443.7683507635,-2443.519235756,-0.999898
980.981,0.9764765528,2408.937967439,-2408.6926533225,-0.999898
981.982,0.9764675148,2374.5905314531,-2374.3489613557,-0.999898
982.983,0.9764584852,2340.7195712117,-2340.4816890926,-0.999898
983.984,0.976449464,2307.3186981077,-2307.0844487458,-0.999898
984.985,0.9764404512,2274.3816055194,-2274.1509345011,-0.999899
985.986,0.9764314468,2241.9020678186,-2241.6749215268,-0.999899
986.987,0.9764224508,2209.8739393907,-2209.6502649933,-0.999899
987.988,0.9764134631,2178.2911536653,-2178.0708991041,-0.999899
988.989,0.9764044838,2147.1477221577,-2146.9308361371,-0.999899
989.99,0.9763955129,2116.4377335206,-2116.2241654973,-0.999899
990.991,0.9763865502,2086.1553526073,-2085.9450527789,-0.999899
991.992,0.9763775959,2056.2948195442,-2056.087738839,-0.999899
992.993,0.9763686498,2026.8504488146,-2026.6465388813,-0.999899
993.994,0.976359712,1997.816628352,-1997.6158415492,-0.999899
994.995,0.9763507825,1969.1878186444,-1968.9901080306,-0.9999
995.996,0.9763418612,1940.958551848,-1940.7638711713,-0.9999
996.997,0.9763329481,1913.1234309109,-1912.9317345995,-0.9999
997.998,0.9763240433,1885.6771287069,-1885.4883718592,-0.9999
998.999,0.9763151466,1858.614387179,-1858.4285255543,-0.9999
1000.0,0.9763062581,1831.9300164928,-1831.7470065012,-0.9999
