k_Mpc,P_R
0.0001,2.61188e-09
0.00011,2.603364e-09
0.00012,2.594877e-09
0.000132,2.586417e-09
0.000145,2.577985e-09
0.000159,2.569581e-09
0.000175,2.561203e-09
0.000192,2.552853e-09
0.00021,2.544531e-09
0.000231,2.536235e-09
0.000254,2.527967e-09
0.000278,2.519725e-09
0.000305,2.51151e-09
0.000335,2.503322e-09
0.000368,2.495161e-09
0.000404,2.487027e-09
0.000443,2.478918e-09
0.000486,2.470837e-09
0.000534,2.462781e-09
0.000586,2.454752e-09
0.000643,2.446749e-09
0.000705,2.438773e-09
0.000774,2.430822e-09
0.00085,2.422897e-09
0.000933,2.414998e-09
0.001024,2.407125e-09
0.001123,2.399277e-09
0.001233,2.391455e-09
0.001353,2.383659e-09
0.001485,2.375887e-09
0.00163,2.368142e-09
0.001789,2.360421e-09
0.001963,2.352726e-09
0.002154,2.345056e-09
0.002364,2.33741e-09
0.002595,2.32979e-09
0.002848,2.322195e-09
0.003126,2.314624e-09
0.00343,2.307078e-09
0.003765,2.299556e-09
0.004132,2.292059e-09
0.004535,2.284587e-09
0.004977,2.277139e-09
0.005462,2.269715e-09
0.005995,2.262315e-09
0.006579,2.25494e-09
0.007221,2.247588e-09
0.007925,2.240261e-09
0.008697,2.232957e-09
0.009545,2.225677e-09
0.010476,2.218421e-09
0.011498,2.211189e-09
0.012619,2.20398e-09
0.013849,2.196795e-09
0.015199,2.189633e-09
0.016681,2.182494e-09
0.018307,2.175379e-09
0.020092,2.168287e-09
0.022051,2.161218e-09
0.024201,2.154172e-09
0.026561,2.147149e-09
0.029151,2.140149e-09
0.031993,2.133172e-09
0.035112,2.126217e-09
0.038535,2.119286e-09
0.042292,2.112376e-09
0.046416,2.10549e-09
0.050941,2.098626e-09
0.055908,2.091784e-09
0.061359,2.084964e-09
0.067342,2.078167e-09
0.073907,2.071392e-09
0.081113,2.064639e-09
0.089022,2.057908e-09
0.097701,2.051198e-09
0.107227,2.044511e-09
0.117681,2.037846e-09
0.129155,2.031202e-09
0.141747,2.02458e-09
0.155568,2.01798e-09
0.170735,2.011401e-09
0.187382,2.004843e-09
0.205651,1.998307e-09
0.225702,1.991792e-09
0.247708,1.985299e-09
0.271859,1.978826e-09
0.298365,1.972375e-09
0.327455,1.965945e-09
0.359381,1.959536e-09
0.394421,1.953147e-09
0.432876,1.94678e-09
0.475081,1.940433e-09
0.521401,1.934107e-09
0.572237,1.927801e-09
0.628029,1.921516e-09
0.689261,1.915252e-09
0.756463,1.909008e-09
0.830218,1.902784e-09
0.911163,1.896581e-09
1.0,1.890398e-09
