z,s_standard,s_tep,s_comoving_std,s_comoving_tep
0.0,2900000.0,2900000.0,1.0,1.0
1.001,23234852.272596,23241796.052309,,
2.002,78456861.38914,78503531.020611,,
3.003,186018331.923894,186183522.300956,,
4.004,363371568.45112,363799791.024964,,
5.005,627968875.545078,628889608.990644,,
6.006,997262557.78003,999009062.445048,,
7.007,1488704919.730237,1491732631.898024,,
8.008,2119748265.969961,2124652787.194695,,
9.009,2907844901.073462,2915379597.119516,,
10.01,3870447129.615003,3881540352.846709,,
11.011,5025007256.168847,5040779204.591196,,
12.012,6388977585.309251,6410756810.850687,,
13.013,7979810421.610477,8009149999.663814,,
14.014,9814958069.646791,9853651441.341133,,
15.015,11911872833.99245,11961969332.155674,,
16.016,14288007019.221718,14351827088.507801,,
17.017,16960812929.908854,17040963051.10513,,
18.018,19947742870.628117,20047130198.722992,,
19.019,23266249145.953773,23388095871.13383,,
20.02,26933784060.460083,27081641500.815487,,
21.021,30967799918.72132,31145562353.068676,,
22.022,35385749025.31172,35597667274.19284,,
23.023,40205083684.805534,40455778447.38775,,
24.024,45443256201.777115,45737731156.06469,,
25.025,51117718880.80059,51461373554.266594,,
26.026,57245924026.4503,57644566443.91322,,
27.027,63845323943.3005,64305183058.59819,,
28.028,70933370935.92548,71461108853.68138,,
29.029,78527517308.89941,79130241302.43022,,
30.03,86645215366.79663,87330489697.9768,,
31.031,95303917414.19138,96079774960.867,,
32.032,104521075755.65791,105396029451.9907,,
33.033,114314142695.77048,115297196790.68945,,
34.034,124700570539.1034,125801231677.84999,,
35.035,135697811590.23085,136926099723.79762,,
36.036,147323318153.72714,148689777280.81635,,
37.037,159594542534.16653,161110251280.12482,,
38.038,172528937036.12332,174205519073.15057,,
39.039,186143953964.1717,187993588276.94733,,
40.04,200457045622.88596,202492476623.6104,,
41.041,215485664316.84042,217720211813.54877,,
42.042,231247262350.60925,233694831372.48074,,
43.043,247759292028.7667,250434382512.02515,,
44.044,265039205655.88715,267956921993.76398,,
45.045,283104455536.5447,286280515996.66003,,
46.046,301972493975.31366,305423239987.71686,,
47.047,321660773276.76843,325403178595.7725,,
48.048,342186745745.483,346238425488.323,,
49.049,363567863686.03204,367947083251.2789,,
50.0501,385821579402.9897,390547263271.5551,,
51.0511,408965345200.92975,414057085622.40717,,
52.0521,433016613384.42694,438494678951.42444,,
53.0531,457992836258.0554,463878180371.0944,,
54.0541,483911466126.38947,490225735351.8587,,
55.0551,510789955294.00305,517555497617.584,,
56.0561,538645756065.47144,545885629043.37195,,
57.0571,567496320745.3674,575234299555.6324,,
58.0581,597359101638.2662,605619687034.3622,,
59.0591,628251551048.7421,637059977217.5465,,
60.0601,660191121281.3688,669573363607.6348,,
61.0611,693195264640.7206,703178047380.0182,,
62.0621,727281433431.3726,737892237293.4575,,
63.0631,762467079957.8983,773734149602.3942,,
64.0641,798769656524.872,810722007971.1028,,
65.0651,836206615436.8683,848874043389.621,,
66.0661,874795408998.461,888208494091.4102,,
67.0671,914553489514.225,928743605472.6974,,
68.0681,955498309288.734,970497630013.4508,,
69.0691,997647320626.5624,1013488827199.9426,,
70.0701,1041017975832.2845,1057735463448.8555,,
71.0711,1085627727210.4747,1103255812032.8892,,
72.0721,1131494027065.7073,1150068153007.8274,,
73.0731,1178634327702.5562,1198190773141.024,,
74.0741,1227066081425.5957,1247641965841.2688,,
75.0751,1276806740539.4006,1298440031090.0027,,
76.0761,1327873757348.5447,1350603275373.833,,
77.0771,1380284584157.602,1404150011618.3284,,
78.0781,1434056673271.1475,1459098559123.0547,,
79.0791,1489207476993.755,1515467243497.8123,,
80.0801,1545754447629.9988,1573274396600.0544,,
81.0811,1603715037484.454,1632538356473.4526,,
82.0821,1663106698861.6929,1693277467287.5713,,
83.0831,1723946884066.2913,1755510079278.6438,,
84.0841,1786253045402.823,1819254548691.393,,
85.0851,1850042635175.8625,1884529237721.9016,,
86.0861,1915333105689.9836,1951352514461.4773,,
87.0871,1982141909249.7615,2019742752841.5125,,
88.0881,2050486498159.769,2089718332579.2942,,
89.0891,2120384324724.5818,2161297639124.7585,,
90.0901,2191852841248.7734,2234499063608.1514,,
91.0911,2264909500036.918,2309341002788.5796,,
92.0921,2339571753393.5903,2385841859003.4424,,
93.0931,2415857053623.364,2464020040118.694,,
94.0941,2493782853030.814,2543893959479.9575,,
95.0951,2573366603920.5156,2625482035864.4277,,
96.0961,2654625758597.039,2708802693433.5713,,
97.0971,2737577769364.9624,2793874361686.614,,
98.0981,2822240088528.8574,2880715475414.752,,
99.0991,2908630168393.304,2969344474656.1396,,
100.1001,2996765461262.8677,3059779804651.5444,,
101.1011,3086663419442.13,3152039915800.7764,,
102.1021,3178341495235.659,3246143263619.732,,
103.1031,3271817140948.0356,3342108308698.172,,
104.1041,3367107808883.83,3439953516658.1133,,
105.1051,3464230951347.6157,3539697358112.892,,
106.1061,3563204020643.973,3641358308626.848,,
107.1071,3664044469077.467,3744954848675.608,,
108.1081,3766769748952.678,3850505463607.0083,,
109.1091,3871397312574.178,3958028643602.5664,,
110.1101,3977944612246.545,4067542883639.5645,,
111.1111,4086429100274.349,4179066683453.6597,,
112.1121,4196868228962.167,4292618547502.085,,
113.1131,4309279450614.5703,4408216984927.367,,
114.1141,4423680217536.137,4525880509521.584,,
115.1151,4540087982031.436,4645627639691.13,,
116.1161,4658520196405.046,4767476898422.007,,
117.1171,4778994312961.538,4891446813245.592,,
118.1181,4901527784005.491,5017555916204.918,,
119.1191,5026138061841.476,5145822743821.389,,
120.1201,5152842598774.067,5276265837062.021,,
121.1211,5281658847107.842,5408903741307.099,,
122.1221,5412604259147.368,5543755006318.272,,
123.1231,5545696287197.226,5680838186207.161,,
124.1241,5680952383561.984,5820171839404.296,,
125.1251,5818390000546.226,5961774528628.571,,
126.1261,5958026590454.518,6105664820857.04,,
127.1271,6099879605591.4375,6251861287295.17,,
128.1281,6243966498261.556,6400382503347.467,,
129.1291,6390304720769.452,6551247048588.507,,
130.1301,6538911725419.693,6704473506734.332,,
131.1311,6689804964516.863,6860080465614.257,,
132.1321,6843001890365.526,7018086517142.996,,
133.1331,6998519955270.267,7178510257293.205,,
134.1341,7156376611535.647,7341370286068.326,,
135.1351,7316589311466.254,7506685207475.853,,
136.1361,7479175507366.651,7674473629500.843,,
137.1371,7644152651541.423,7844754164079.856,,
138.1381,7811538196295.133,8017545427075.162,,
139.1391,7981349593932.366,8192866038249.323,,
140.1401,8153604296757.686,8370734621240.026,,
141.1411,8328319757075.677,8551169803535.316,,
142.1421,8505513427190.903,8734190216449.043,,
143.1431,8685202759407.948,8919814495096.695,,
144.1441,8867405206031.379,9108061278371.457,,
145.1451,9052138219365.777,9298949208920.62,,
146.1461,9239419251715.709,9492496933122.223,,
147.1471,9429265755385.758,9688723101062.025,,
148.1481,9621695182680.488,9887646366510.7,,
149.1491,9816724985904.48,10089285386901.361,,
150.1502,10014372617362.305,10293658823307.305,,
151.1512,10214655529358.543,10500785340420.053,,
152.1522,10417591174197.76,10710683606527.594,,
153.1532,10623197004184.54,10923372293492.97,,
154.1542,10831490471623.443,11138870076733.01,,
155.1552,11042489028819.06,11357195635197.406,,
156.1562,11256210128075.953,11578367651347.936,,
157.1572,11472671221698.701,11802404811138.0,,
158.1582,11691889761991.877,12029325803992.346,,
159.1592,11913883201260.06,12259149322787.043,,
160.1602,12138668991807.814,12491894063829.652,,
161.1612,12366264585939.727,12727578726839.688,,
162.1622,12596687435960.365,12966222014929.178,,
163.1632,12829954994174.295,13207842634583.574,,
164.1642,13066084712886.107,13452459295642.781,,
165.1652,13305094044400.361,13700090711282.412,,
166.1662,13547000441021.646,13950755597995.29,,
167.1672,13791821355054.52,14204472675573.053,,
168.1682,14039574238803.574,14461260667088.117,,
169.1692,14290276544573.363,14721138298875.629,,
170.1702,14543945724668.48,14984124300515.83,,
171.1712,14800599231393.486,15250237404816.4,,
172.1722,15060254517052.965,15519496347795.15,,
173.1732,15322929033951.48,15791919868662.809,,
174.1742,15588640234393.62,16067526709806.02,,
175.1752,15857405570683.945,16346335616770.504,,
176.1762,16129242495127.043,16628365338244.418,,
177.1772,16404168460027.469,16913634626041.84,,
178.1782,16682200917689.82,17202162235086.502,,
179.1792,16963357320418.65,17493966923395.582,,
180.1802,17247655120518.553,17789067452063.79,,
181.1812,17535111770294.082,18087482585247.465,,
182.1822,17825744722049.832,18389231090149.01,,
183.1832,18119571428090.36,18694331737001.28,,
184.1842,18416609340720.25,19002803299052.336,,
185.1852,18716875912244.07,19314664552550.164,,
186.1862,19020388594966.406,19629934276727.688,,
187.1872,19327164841191.816,19948631253787.82,,
188.1882,19637222103224.883,20270774268888.77,,
189.1892,19950577833370.188,20596382110129.395,,
190.1902,20267249483932.297,20925473568534.715,,
191.1912,20587254507215.79,21258067438041.66,,
192.1922,20910610355525.223,21594182515484.785,,
193.1932,21237334481165.184,21933837600582.312,,
194.1942,21567444336440.258,22277051495922.176,,
195.1952,21900957373655.008,22623843006948.203,,
196.1962,22237891045114.01,22974230941946.508,,
197.1972,22578262803121.824,23328234112031.92,,
198.1982,22922090099983.043,23685871331134.668,,
199.1992,23269390388002.242,24047161415987.004,,
200.2002,23620181119483.98,24412123186110.105,,
201.2012,23974479746732.855,24780775463801.08,,
202.2022,24332303722053.39,25153137074119.92,,
203.2032,24693670497750.234,25529226844876.953,,
204.2042,25058597526127.906,25909063606619.906,,
205.2052,25427102259491.004,26292666192621.523,,
206.2062,25799202150144.082,26680053438867.027,,
207.2072,26174914650391.73,27071244184041.88,,
208.2082,26554257212538.54,27466257269519.48,,
209.2092,26937247288889.055,27865111539349.05,,
210.2102,27323902331747.867,28267825840243.707,,
211.2112,27714239793419.523,28674419021568.484,,
212.2122,28108277126208.625,29084909935328.582,,
213.2132,28506031782419.75,29499317436157.723,,
214.2142,28907521214357.45,29917660381306.406,,
215.2152,29312762874326.336,30339957630630.664,,
216.2162,29721774214630.91,30766228046580.39,,
217.2172,30134572687575.844,31196490494188.38,,
218.2182,30551175745465.633,31630763841058.8,,
219.2192,30971600840604.902,32069066957356.39,,
220.2202,31395865425298.184,32511418715795.234,,
221.2212,31823986951850.08,32957837991628.043,,
222.2222,32255982872565.16,33408343662635.22,,
223.2232,32691870639748.004,33862954609114.164,,
224.2242,33131667705703.17,34321689713868.664,,
225.2252,33575391522735.24,34784567862198.34,,
226.2262,34023059543148.773,35251607941888.17,,
227.2272,34474689219248.38,35722828843198.23,,
228.2282,34930298003338.617,36198249458853.24,,
229.2292,35389903347724.055,36677888684032.48,,
230.2302,35853522704709.25,37161765416359.62,,
231.2312,36321173526598.8,37649898555892.81,,
232.2322,36792873265697.28,38142307005114.59,,
233.2332,37268639374309.25,38639009668922.05,,
234.2342,37748489304739.32,39140025454617.13,,
235.2352,38232440509291.98,39645373271896.76,,
236.2362,38720510440271.92,40155072032843.47,,
237.2372,39212716549983.625,40669140651915.516,,
238.2382,39709076290731.71,41187598045937.67,,
239.2392,40209607114820.73,41710463134091.695,,
240.2402,40714326474555.266,42237754837907.03,,
241.2412,41223251822239.91,42769492081251.57,,
242.2422,41736400610179.22,43305693790322.42,,
243.2432,42253790290677.766,43846378893636.836,,
244.2442,42775438316040.125,44391566322023.18,,
245.2452,43301362138570.86,44941275008611.9,,
246.2462,43831579210574.586,45495523888826.77,,
247.2472,44366106984355.83,46054331900375.86,,
248.2482,44904962912219.21,46617717983242.91,,
249.2492,45448164446469.22,47185701079678.51,,
250.2503,45995729039410.555,47758300134191.766,,
251.2513,46547674143347.695,48335534093541.25,,
252.2523,47104017210585.26,48917421906726.97,,
253.2533,47664775693427.78,49503982524981.61,,
254.2543,48229967044179.87,50095234901762.34,,
255.2553,48799608715146.125,50691197992742.49,,
256.2563,49373718158631.04,51291890755803.09,,
257.2573,49952312826939.26,51897332151025.016,,
258.2583,50535410172375.34,52507541140680.625,,
259.2593,51123027647243.836,53122536689225.69,,
260.2603,51715182703849.336,53742337763291.586,,
261.2613,52311892794496.4,54366963331677.09,,
262.2623,52913175371489.664,54996432365340.78,,
263.2633,53519047887133.61,55630763837392.76,,
264.2643,54129527793732.86,56269976723087.38,,
265.2653,54744632543591.98,56914089999815.22,,
266.2663,55364379589015.59,57563122647095.516,,
267.2673,55988786382308.18,58217093646568.4,,
268.2683,56617870375774.375,58876021981987.65,,
269.2693,57251649021718.734,59539926639212.84,,
270.2703,57890139772445.89,60208826606202.26,,
271.2713,58533360080260.31,60882740873005.016,,
272.2723,59181327397466.64,61561688431754.234,,
273.2733,59834059176369.44,62245688276659.41,,
274.2743,60491572869273.31,62934759403999.336,,
275.2753,61153885928482.766,63628920812114.73,,
276.2763,61821015806302.414,64328191501401.29,,
277.2773,62492979955036.82,65032590474302.49,,
278.2783,63169795826990.62,65742136735302.64,,
279.2793,63851480874468.28,66456849290919.69,,
280.2803,64538052549774.44,67176747149698.45,,
281.2813,65229528305213.66,67901849322203.73,,
282.2823,65925925593090.55,68632174821013.336,,
283.2833,66627261865709.61,69367742660711.29,,
284.2843,67333554575375.45,70108571857881.13,,
285.2853,68044821174392.67,70854681431099.31,,
286.2863,68761079115065.86,71606090400928.28,,
287.2873,69482345849699.516,72362817789909.89,,
288.2883,70208638830598.25,73124882622559.08,,
289.2893,70939975510066.67,73892303925357.06,,
290.2903,71676373340409.31,74665100726744.92,,
291.2913,72417849773930.72,75443292057117.19,,
292.2923,73164422262935.55,76226896948815.45,,
293.2933,73916108259728.34,77015934436121.89,,
294.2943,74672925216613.64,77810423555253.02,,
295.2953,75434890585896.03,78610383344353.36,,
296.2963,76202021819880.1,79415832843489.34,,
297.2973,76974336370870.47,80226791094642.97,,
298.2983,77751851691171.61,81043277141705.52,,
299.2993,78534585233088.17,81865310030471.8,,
300.3003,79322554448924.69,82692908808633.73,,
301.3013,80115776790985.8,83526092525774.5,,
302.3023,80914269711575.98,84364880233362.31,,
303.3033,81718050662999.86,85209290984744.78,,
304.3043,82527137097562.03,86059343835142.73,,
305.3053,83341546467567.08,86915057841644.42,,
306.3063,84161296225319.5,87776452063199.48,,
307.3073,84986403823123.92,88643545560613.47,,
308.3083,85816886713284.9,89516357396541.8,,
309.3093,86652762348107.08,90394906635484.1,,
310.3103,87494048179894.92,91279212343778.4,,
311.3113,88340761660953.05,92169293589595.66,,
312.3123,89192920243586.05,93065169442933.98,,
313.3133,90050541380098.53,93966858975613.03,,
314.3143,90913642522794.98,94874381261268.4,,
315.3153,91782241123980.02,95787755375346.23,,
316.3163,92656354635958.23,96707000395097.62,,
317.3173,93536000511034.2,97632135399573.12,,
318.3183,94421196201512.47,98563179469617.4,,
319.3193,95311959159697.6,99500151687863.7,,
320.3203,96208306837894.19,100443071138728.61,,
321.3213,97110256688406.84,101391956908406.72,,
322.3223,98017826163540.08,102346828084865.16,,
323.3233,98931032715598.48,103307703757838.44,,
324.3243,99849893796886.72,104274603018823.33,,
325.3253,100774426859709.2,105247544961073.34,,
326.3263,101704649356370.61,106226548679593.88,,
327.3273,102640578739175.5,107211633271136.81,,
328.3283,103582232460428.48,108202817834195.73,,
329.3293,104529627972434.05,109200121469000.19,,
330.3303,105482782727496.81,110203563277511.48,,
331.3313,106441714177921.34,111213162363416.97,,
332.3323,107406439776012.3,112228937832125.44,,
333.3333,108376976974074.11,113250908790761.86,,
334.3343,109353343224411.44,114279094348162.69,,
335.3353,110335555979328.81,115313513614870.89,,
336.3363,111323632691130.9,116354185703130.98,,
337.3373,112317590812122.16,117401129726884.12,,
338.3383,113317447794607.22,118454364801763.52,,
339.3393,114323221090890.62,119513910045089.33,,
340.3403,115334928153277.05,120579784575864.28,,
341.3413,116352586434070.94,121652007514768.39,,
342.3423,117376213385576.92,122730597984154.72,,
343.3433,118405826460099.53,123815575108044.48,,
344.3443,119441443109943.48,124906958012122.42,,
345.3453,120483080787413.2,126004765823732.03,,
346.3463,121530756944813.27,127109017671871.05,,
347.3473,122584489034448.34,128219732687187.05,,
348.3483,123644294508622.98,129336930001972.64,,
349.3493,124710190819641.69,130460628750160.78,,
350.3504,125782195419809.1,131590848067320.75,,
351.3514,126860325761429.73,132727607090653.27,,
352.3524,127944599296808.28,133870924958986.23,,
353.3534,129035033478249.19,135020820812769.97,,
354.3544,130131645758057.05,136177313794073.31,,
355.3554,131234453588536.55,137340423046578.97,,
356.3564,132343474421992.14,138510167715578.81,,
357.3574,133458725710728.4,139686566947970.17,,
358.3584,134580224907049.97,140869639892251.1,,
359.3594,135707989463261.45,142059405698516.28,,
360.3604,136842036831667.28,143255883518452.38,,
361.3614,137982384464572.12,144459092505334.4,,
362.3624,139129049814280.56,145669051814021.0,,
363.3634,140282050333097.2,146885780600950.53,,
364.3644,141441403473326.5,148109298024136.38,,
365.3654,142607126687273.12,149339623243163.7,,
366.3664,143779237427241.56,150576775419184.3,,
367.3674,144957753145536.6,151820773714913.44,,
368.3684,146142691294462.56,153071637294624.8,,
369.3694,147334069326324.06,154329385324147.16,,
370.3704,148531904693425.8,155594036970860.06,,
371.3714,149736214848072.34,156865611403689.84,,
372.3724,150947017242568.12,158144127793105.47,,
373.3734,152164329329217.8,159429605311114.66,,
374.3744,153388168560325.97,160722063131260.0,,
375.3754,154618552388197.3,162021520428615.16,,
376.3764,155855498265136.06,163327996379779.94,,
377.3774,157099023643447.0,164641510162878.03,,
378.3784,158349145975434.8,165962080957551.94,,
379.3794,159605882713404.0,167289727944959.4,,
380.3804,160869251309659.06,168624470307769.5,,
381.3814,162139269216504.56,169966327230159.0,,
382.3824,163415953886245.12,171315317897808.5,,
383.3834,164699322771185.4,172671461497898.62,,
384.3844,165989393323629.94,174034777219106.16,,
385.3854,167286182995883.06,175405284251600.2,,
386.3864,168589709240249.72,176783001787039.16,,
387.3874,169899989509034.16,178167949018565.78,,
388.3884,171217041254541.25,179560145140804.9,,
389.3894,172540881929075.34,180959609349858.34,,
390.3904,173871528984941.12,182366360843302.56,,
391.3914,175208999874443.16,183780418820184.03,,
392.3924,176553312049885.94,185201802481015.97,,
393.3934,177904482963574.22,186630531027775.2,,
394.3944,179262530067812.4,188066623663897.56,,
395.3954,180627470814905.0,189510099594275.28,,
396.3964,181999322657156.7,190960978025252.97,,
397.3974,183378103046872.2,192419278164624.4,,
398.3984,184763829436355.97,193885019221628.53,,
399.3994,186156519277912.5,195358220406946.16,,
400.4004,187556190023846.38,196838900932696.7,,
401.4014,188962859126462.28,198327080012434.7,,
402.4024,190376544038064.78,199822776861146.2,,
403.4034,191797262210958.47,201326010695245.16,,
404.4044,193225031097447.62,202836800732570.28,,
405.4054,194659868149837.1,204355166192381.8,,
406.4064,196101790820431.5,205881126295358.03,,
407.4074,197550816561535.38,207414700263591.5,,
408.4084,199006962825453.16,208955907320585.84,,
409.4094,200470247064489.53,210504766691253.12,,
410.4104,201940686730949.12,212061297601909.7,,
411.4114,203418299277136.3,213625519280272.94,,
412.4124,204903102155355.94,215197450955458.94,,
413.4134,206395112817912.2,216777111857977.56,,
414.4144,207894348717110.12,218364521219731.22,,
415.4154,209400827305253.8,219959698274009.56,,
416.4164,210914566034648.34,221562662255488.25,,
417.4174,212435582357598.0,223173432400223.88,,
418.4184,213963893726407.3,224792027945651.97,,
419.4194,215499517593380.94,226418468130583.8,,
420.4204,217042471410823.44,228052772195202.47,,
421.4214,218592772631039.5,229694959381060.62,,
422.4224,220150438706333.6,231345048931076.7,,
423.4234,221715487089010.1,233003060089531.56,,
424.4244,223287935231373.8,234669012102066.88,,
425.4254,224867800585729.62,236342924215680.53,,
426.4264,226455100604381.4,238024815678723.28,,
427.4274,228049852739634.22,239714705740897.66,,
428.4284,229652074443792.44,241412613653252.78,,
429.4294,231261783169160.84,243118558668183.0,,
430.4304,232878996368043.78,244832560039423.28,,
431.4314,234503731492746.03,246554637022047.8,,
432.4324,236136005995571.88,248284808872465.44,,
433.4334,237775837328826.22,250023094848418.38,,
434.4344,239423242944813.3,251769514208977.53,,
435.4354,241078240295838.1,253524086214540.9,,
436.4364,242740846834204.88,255286830126829.9,,
437.4374,244411080012218.28,257057765208886.44,,
438.4384,246088957282183.03,258836910725070.75,,
439.4394,247774496096403.47,260624285941057.16,,
440.4404,249467713907184.34,262419910123832.66,,
441.4414,251168628166830.22,264223802541693.2,,
442.4424,252877256327645.38,266035982464240.3,,
443.4434,254593615841934.62,267856469162379.94,,
444.4444,256317724162002.75,269685281908318.28,,
445.4454,258049598740154.16,271522439975558.88,,
446.4464,259789257028693.25,273367962638900.4,,
447.4474,261536716479924.7,275221869174433.7,,
448.4484,263291994546153.25,277084178859539.16,,
449.4494,265055108679683.22,278954910972883.25,,
450.4505,266826076332819.4,280834084794416.62,,
451.4515,268604914957866.06,282721719605370.75,,
452.4525,270391642007128.22,284617834688255.94,,
453.4535,272186274932910.03,286522449326857.2,,
454.4545,273988831187516.4,288435582806233.25,,
455.4555,275799328223251.66,290357254412712.25,,
456.4565,277617783492420.47,292287483433890.44,,
457.4575,279444214447327.56,294226289158628.5,,
458.4585,281278638540277.22,296173690877049.4,,
459.4595,283121073223574.3,298129707880535.5,,
460.4605,284971535949523.1,300094359461725.75,,
461.4615,286830044170428.3,302067664914513.6,,
462.4625,288696615338594.4,304049643534043.9,,
463.4635,290571266906326.4,306040314616710.94,,
464.4645,292454016325928.44,308039697460154.44,,
465.4655,294344881049705.1,310047811363258.4,,
466.4665,296243878529961.1,312064675626148.0,,
467.4675,298151026219001.0,314090309550186.8,,
468.4685,300066341569129.44,316124732437974.94,,
469.4695,301989842032650.9,318167963593345.2,,
470.4705,303921545061869.75,320220022321361.75,,
471.4715,305861468109090.75,322280927928317.44,,
472.4725,307809628626618.7,324350699721730.8,,
473.4735,309766044066758.0,326429357010343.8,,
474.4745,311730731881813.06,328516919104118.94,,
475.4755,313703709524088.6,330613405314237.6,,
476.4765,315684994445889.3,332718834953097.3,,
477.4775,317674604099519.56,334833227334308.3,,
478.4785,319672555937284.06,336956601772692.6,,
479.4795,321678867411487.1,339088977584280.2,,
480.4805,323693555974433.8,341230374086307.8,,
481.4815,325716639078428.06,343380810597215.2,,
482.4825,327748134175775.06,345540306436644.44,,
483.4835,329788058718779.2,347708880925435.56,,
484.4845,331836430159744.7,349886553385625.25,,
485.4855,333893265950976.6,352073343140444.75,,
486.4865,335958583544779.2,354269269514316.75,,
487.4875,338032400393457.3,356474351832853.4,,
488.4885,340114733949315.4,358688609422853.8,,
489.4895,342205601664657.6,360912061612301.44,,
490.4905,344305020991789.0,363144727730362.6,,
491.4915,346413009383014.56,365386627107384.1,,
492.4925,348529584290637.8,367637779074888.75,,
493.4935,350654763166964.0,369898202965576.1,,
494.4945,352788563464297.6,372167918113318.75,,
495.4955,354931002634943.25,374446943853159.3,,
496.4965,357082098131205.3,376735299521309.44,,
497.4975,359241867405388.6,379033004455146.94,,
498.4985,361410327909797.4,381340077993213.4,,
499.4995,363587497096736.56,383656539475212.25,,
500.5005,365773392418510.3,385982408242006.1,,
501.5015,367968031327423.75,388317703635615.75,,
502.5025,370171431275781.1,390662444999215.6,,
503.5035,372383609715886.9,393016651677133.56,,
504.5045,374604584100046.0,395380343014848.25,,
505.5055,376834371880562.7,397753538358986.0,,
506.5065,379072990509741.8,400136257057320.06,,
507.5075,381320457439887.7,402528518458766.75,,
508.5085,383576790123304.7,404930341913384.6,,
509.5095,385842006012297.8,407341746772372.1,,
510.5105,388116122559171.7,409762752388065.1,,
511.5115,390399157216230.75,412193378113934.44,,
512.5125,392691127435779.3,414633643304583.75,,
513.5135,394992050670122.3,417083567315748.44,,
514.5145,397301944371564.0,419543169504292.3,,
515.5155,399620825992409.3,422012469228206.4,,
516.5165,401948712984962.75,424491485846606.06,,
517.5175,404285622801528.6,426980238719728.9,,
518.5185,406631572894411.6,429478747208933.44,,
519.5195,408986580715916.3,431987030676696.3,,
520.5205,411350663718347.3,434505108486610.56,,
521.5215,413723839354009.25,437033000003383.6,,
522.5225,416106125075206.7,439570724592834.56,,
523.5235,418497538334244.0,442118301621892.8,,
524.5245,420898096583426.3,444675750458596.4,,
525.5255,423307817275057.56,447243090472087.8,,
526.5265,425726717861442.56,449820341032615.0,,
527.5275,428154815794885.8,452407521511527.0,,
528.5285,430592128527692.06,455004651281273.25,,
529.5295,433038673512165.75,457611749715400.75,,
530.5305,435494468200611.5,460228836188552.5,,
531.5315,437959530045333.8,462855930076465.3,,
532.5325,440433876498637.56,465493050755968.2,,
533.5335,442917525012827.0,468140217604979.56,,
534.5345,445410493040206.7,470797450002506.06,,
535.5355,447912798033081.25,473464767328640.4,,
536.5365,450424457443755.4,476142188964559.06,,
537.5375,452945488724533.56,478829734292520.9,,
538.5385,455475909327720.4,481527422695864.44,,
539.5395,458015736705620.5,484235273559007.0,,
540.5405,460564988310538.6,486953306267441.7,,
541.5415,463123681594778.8,489681540207735.56,,
542.5425,465691834010646.06,492419994767529.06,,
543.5435,468269463010444.7,495168689335531.94,,
544.5445,470856586046479.44,497927643301523.7,,
545.5455,473453220571054.94,500696876056349.9,,
546.5465,476059384036475.6,503476406991920.75,,
547.5475,478675093895046.44,506266255501209.94,,
548.5485,481300367599071.4,509066440978251.25,,
549.5495,483935222600855.1,511876982818138.44,,
550.5506,486579676352702.6,514697900417022.4,,
551.5516,489233746306918.06,517529213172109.25,,
552.5526,491897449915806.25,520370940481658.7,,
553.5536,494570804631671.75,523223101744982.6,,
554.5546,497253827906819.06,526085716362442.1,,
555.5556,499946537193553.06,528958803735447.06,,
556.5566,502648949944177.8,531842383266452.94,,
557.5576,505361083610998.06,534736474358959.75,,
558.5586,508082955646318.44,537641096417510.4,,
559.5596,510814583502443.56,540556268847688.75,,
560.5606,513555984631677.94,543482011056117.2,,
561.5616,516307176486326.06,546418342450455.25,,
562.5626,519068176518692.8,549365282439398.94,,
563.5636,521839002181082.75,552322850432676.56,,
564.5646,524619670925800.06,555291065841049.1,,
565.5656,527410200205149.4,558269948076307.0,,
566.5666,530210607471435.56,561259516551269.75,,
567.5676,533020910176963.0,564259790679783.2,,
568.5686,535841125774036.3,567270789876718.1,,
569.5696,538671271714960.0,570292533557967.9,,
570.5706,541511365452038.75,573325041140447.6,,
571.5716,544361424437577.44,576368332042092.5,,
572.5726,547221466123880.0,579422425681854.5,,
573.5736,550091507963251.4,582487341479702.5,,
574.5746,552971567407996.0,585563098856619.8,,
575.5756,555861661910418.56,588649717234602.2,,
576.5766,558761808922823.5,591747216036657.0,,
577.5776,561672025897515.44,594855614686800.5,,
578.5786,564592330286799.4,597974932610057.0,,
579.5796,567522739542979.2,601105189232455.9,,
580.5806,570463271118360.0,604246403981031.9,,
581.5816,573413942465245.9,607398596283821.5,,
582.5826,576374771035941.8,610561785569863.4,,
583.5836,579345774282752.0,613735991269193.8,,
584.5846,582326969657981.5,616921232812848.1,,
585.5856,585318374613934.5,620117529632857.2,,
586.5866,588320006602916.1,623324901162246.2,,
587.5876,591331883077230.2,626543366835032.8,,
588.5886,594354021489181.6,629772946086225.4,,
589.5896,597386439291075.0,633013658351822.9,,
590.5906,600429153935214.8,636265523068811.2,,
591.5916,603482182873905.8,639528559675163.0,,
592.5926,606545543559452.4,642802787609834.8,,
593.5936,609619253444159.2,646088226312766.6,,
594.5946,612703329980331.2,649384895224880.0,,
595.5956,615797790620272.1,652692813788075.0,,
596.5966,618902652816287.1,656012001445231.8,,
597.5976,622017934020680.6,659342477640205.4,,
598.5986,625143651685757.2,662684261817827.1,,
599.5996,628279823263821.6,666037373423901.1,,
600.6006,631426466207178.1,669401831905202.9,,
601.6016,634583597968131.5,672777656709479.4,,
602.6026,637751235998986.6,676164867285446.1,,
603.6036,640929397752047.2,679563483082784.2,,
604.6046,644118100679618.6,682973523552142.2,,
605.6056,647317362234005.0,686395008145131.6,,
606.6066,650527199867511.2,689827956314327.9,,
607.6076,653747631032441.5,693272387513265.5,,
608.6086,656978673181100.8,696728321196440.0,,
609.6096,660220343765793.9,700195776819304.6,,
610.6106,663472660238824.5,703674773838267.9,,
611.6116,666735640052497.6,707165331710694.2,,
612.6126,670009300659118.0,710667469894901.8,,
613.6136,673293659510990.1,714181207850160.0,,
614.6146,676588734060418.5,717706565036688.2,,
615.6156,679894541759707.8,721243560915656.1,,
616.6166,683211100061162.4,724792214949179.1,,
617.6176,686538426417087.4,728352546600320.5,,
618.6186,689876538279786.6,731924575333085.4,,
619.6196,693225453101565.2,735508320612424.2,,
620.6206,696585188334727.2,739103801904227.8,,
621.6216,699955761431577.9,742711038675327.1,,
622.6226,703337189844421.0,746330050393491.4,,
623.6236,706729491025562.0,749960856527428.0,,
624.6246,710132682427304.9,753603476546778.6,,
625.6256,713546781501954.8,757257929922120.4,,
626.6266,716971805701815.4,760924236124961.5,,
627.6276,720407772479191.8,764602414627742.9,,
628.6286,723854699286388.5,768292484903835.1,,
629.6296,727312603575710.1,771994466427536.6,,
630.6306,730781502799461.2,775708378674073.5,,
631.6316,734261414409946.5,779434241119596.9,,
632.6326,737752355859470.2,783172073241182.4,,
633.6336,741254344600337.8,786921894516828.6,,
634.6346,744767398084852.5,790683724425454.2,,
635.6356,748291533765319.6,794457582446899.2,,
636.6366,751826769094043.6,798243488061921.5,,
637.6376,755373121523329.2,802041460752196.4,,
638.6386,758930608505480.9,805851520000314.9,,
639.6396,762499247492803.1,809673685289781.8,,
640.6406,766079055937600.8,813507976105015.9,,
641.6416,769670051292178.5,817354411931347.0,,
642.6426,773272251008840.1,821213012255014.1,,
643.6436,776885672539890.8,825083796563167.0,,
644.6446,780510333337635.0,828966784343861.8,,
645.6456,784146250854377.1,832861995086060.1,,
646.6466,787793442542422.0,836769448279630.2,,
647.6476,791451925854074.2,840689163415342.2,,
648.6486,795121718241638.6,844621159984869.1,,
649.6496,798802837157418.9,848565457480783.1,,
650.6507,802495300053720.2,852522075396557.6,,
651.6517,806199124382847.1,856491033226563.4,,
652.6527,809914327597104.1,860472350466067.0,,
653.6537,813640927148795.8,864466046611231.8,,
654.6547,817378940490226.9,868472141159114.8,,
655.6557,821128385073701.6,872490653607664.4,,
656.6567,824889278351525.1,876521603455722.5,,
657.6577,828661637776001.2,880565010203018.6,,
658.6587,832445480799435.0,884620893350173.1,,
659.6597,836240824874130.8,888689272398693.0,,
660.6607,840047687452393.5,892770166850971.8,,
661.6617,843866085986527.2,896863596210287.0,,
662.6627,847696037928837.0,900969579980800.5,,
663.6637,851537560731627.1,905088137667556.0,,
664.6647,855390671847202.5,909219288776478.5,,
665.6657,859255388727867.4,913363052814372.4,,
666.6667,863131728825926.1,917519449288920.6,,
667.6677,867019709593683.8,921688497708683.1,,
668.6687,870919348483444.6,925870217583096.2,,
669.6697,874830662947513.6,930064628422470.2,,
670.6707,878753670438194.6,934271749737988.6,,
671.6717,882688388407792.9,938491601041708.0,,
672.6727,886634834308613.2,942724201846555.0,,
673.6737,890593025592959.2,946969571666325.5,,
674.6747,894562979713136.0,951227730015684.0,,
675.6757,898544714121448.1,955498696410162.6,,
676.6767,902538246270200.1,959782490366158.6,,
677.6777,906543593611696.6,964079131400934.0,,
678.6787,910560773598242.0,968388639032614.2,,
679.6797,914589803682141.8,972711032780187.4,,
680.6807,918630701315698.9,977046332163500.2,,
681.6817,922683483951218.9,981394556703262.2,,
682.6827,926748169041006.5,985755725921039.6,,
683.6837,930824774037365.8,990129859339255.5,,
684.6847,934913316392601.8,994516976481190.5,,
685.6857,939013813559018.5,998917096870978.1,,
686.6867,943126282988920.9,1003330240033607.0,,
687.6877,947250742134614.4,1007756425494918.5,,
688.6887,951387208448401.8,1012195672781602.1,,
689.6897,955535699382588.6,1016648001421200.5,,
690.6907,959696232389479.4,1021113430942104.2,,
691.6917,963868824921378.8,1025591980873551.4,,
692.6927,968053494430591.2,1030083670745626.2,,
693.6937,972250258369421.4,1034588520089258.1,,
694.6947,976459134190173.5,1039106548436221.1,,
695.6957,980680139345153.2,1043637775319132.1,,
696.6967,984913291286663.9,1048182220271448.4,,
697.6977,989158607467010.2,1052739902827468.9,,
698.6987,993416105338497.0,1057310842522332.0,,
699.6997,997685802353429.2,1061895058892014.4,,
700.7007,1001967715964111.0,1066492571473329.0,,
701.7017,1006261863622847.1,1071103399803925.6,,
702.7027,1010568262781941.8,1075727563422287.2,,
703.7037,1014886930893700.6,1080365081867733.0,,
704.7047,1019217885410426.9,1085015974680411.0,,
705.7057,1023561143784425.5,1089680261401302.9,,
706.7067,1027916723468001.4,1094357961572221.2,,
707.7077,1032284641913459.0,1099049094735805.4,,
708.7087,1036664916573103.0,1103753680435524.2,,
709.7097,1041057564899237.8,1108471738215672.1,,
710.7107,1045462604344168.4,1113203287621370.6,,
711.7117,1049880052360198.5,1117948348198563.8,,
712.7127,1054309926399633.0,1122706939494020.1,,
713.7137,1058752243914776.9,1127479081055331.0,,
714.7147,1063207022357934.5,1132264792430907.8,,
715.7157,1067674279181410.2,1137064093169982.5,,
716.7167,1072154031837509.1,1141877002822605.8,,
717.7177,1076646297778535.1,1146703540939646.2,,
718.7187,1081151094456793.9,1151543727072789.5,,
719.7197,1085668439324588.6,1156397580774535.5,,
720.7207,1090198349834224.6,1161265121598200.0,,
721.7217,1094740843438006.2,1166146369097911.8,,
722.7227,1099295937588238.2,1171041342828611.2,,
723.7237,1103863649737225.1,1175950062346051.2,,
724.7247,1108443997337271.4,1180872547206794.0,,
725.7257,1113036997840681.8,1185808816968211.0,,
726.7267,1117642668699761.4,1190758891188481.8,,
727.7277,1122261027366813.5,1195722789426592.0,,
728.7287,1126892091294143.5,1200700531242334.0,,
729.7297,1131535877934055.5,1205692136196304.8,,
730.7307,1136192404738854.8,1210697623849904.5,,
731.7317,1140861689160845.2,1215717013765336.2,,
732.7327,1145543748652332.0,1220750325505605.5,,
733.7337,1150238600665619.2,1225797578634516.5,,
734.7347,1154946262653012.5,1230858792716674.8,,
735.7357,1159666752066814.8,1235933987317482.2,,
736.7367,1164400086359331.5,1241023182003139.5,,
737.7377,1169146282982866.8,1246126396340642.5,,
738.7387,1173905359389726.0,1251243649897784.8,,
739.7397,1178677333032213.0,1256374962243150.5,,
740.7407,1183462221362632.8,1261520352946120.0,,
741.7417,1188260041833290.2,1266679841576864.2,,
742.7427,1193070811896489.2,1271853447706345.5,,
743.7437,1197894549004534.2,1277041190906315.2,,
744.7447,1202731270609730.5,1282243090749316.2,,
745.7457,1207580994164382.0,1287459166808676.2,,
746.7467,1212443737120793.8,1292689438658513.5,,
747.7477,1217319516931270.2,1297933925873729.5,,
748.7487,1222208351048115.8,1303192648030010.0,,
749.7497,1227110256923636.0,1308465624703829.2,,
750.7508,1232025252010133.2,1313752875472437.5,,
751.7518,1236953353759915.0,1319054419913874.8,,
752.7528,1241894579625283.2,1324370277606954.0,,
753.7538,1246848947058543.5,1329700468131273.2,,
754.7548,1251816473512000.5,1335045011067208.2,,
755.7558,1256797176437958.5,1340403925995912.2,,
756.7568,1261791073288723.8,1345777232499317.0,,
757.7578,1266798181516599.0,1351164950160126.5,,
758.7588,1271818518573888.2,1356567098561821.5,,
759.7598,1276852101912897.5,1361983697288658.5,,
760.7608,1281898948985930.8,1367414765925664.2,,
761.7618,1286959077245292.8,1372860324058639.0,,
762.7628,1292032504143288.8,1378320391274154.8,,
763.7638,1297119247132221.2,1383794987159548.8,,
764.7648,1302219323664397.0,1389284131302933.8,,
765.7658,1307332751192120.2,1394787843293186.8,,
766.7668,1312459547167694.5,1400306142719951.5,,
767.7678,1317599729043424.8,1405839049173639.0,,
768.7688,1322753314271615.2,1411386582245424.8,,
769.7698,1327920320304573.0,1416948761527251.8,,
770.7708,1333100764594598.8,1422525606611818.2,,
771.7718,1338294664593999.5,1428117137092593.8,,
772.7728,1343502037755079.5,1433723372563802.8,,
773.7738,1348722901530143.0,1439344332620433.2,,
774.7748,1353957273371494.8,1444980036858231.2,,
775.7758,1359205170731438.2,1450630504873700.2,,
776.7768,1364466611062280.5,1456295756264105.0,,
777.7778,1369741611816324.0,1461975810627462.2,,
778.7788,1375030190445874.0,1467670687562547.0,,
779.7798,1380332364403235.0,1473380406668887.8,,
780.7808,1385648151140712.2,1479104987546768.0,,
781.7818,1390977568110608.5,1484844449797221.2,,
782.7828,1396320632765231.2,1490598813022037.8,,
783.7838,1401677362556881.8,1496368096823751.5,,
784.7848,1407047774937866.2,1502152320805653.0,,
785.7858,1412431887360489.8,1507951504571779.5,,
786.7868,1417829717277055.5,1513765667726915.0,,
787.7878,1423241282139870.8,1519594829876594.0,,
788.7888,1428666599401236.5,1525439010627092.2,,
789.7898,1434105686513460.8,1531298229585436.5,,
790.7908,1439558560928844.8,1537172506359392.2,,
791.7918,1445025240099695.0,1543061860557473.8,,
792.7928,1450505741478315.5,1548966311788934.8,,
793.7938,1456000082517011.0,1554885879663771.2,,
794.7948,1461508280668087.8,1560820583792722.5,,
795.7958,1467030353383847.0,1566770443787262.0,,
796.7968,1472566318116596.2,1572735479259609.0,,
797.7978,1478116192318638.5,1578715709822715.2,,
798.7988,1483679993442278.5,1584711155090273.2,,
799.7998,1489257738939820.8,1590721834676710.2,,
800.8008,1494849446263571.0,1596747768197190.2,,
801.8018,1500455132865831.8,1602788975267608.0,,
802.8028,1506074816198909.2,1608845475504597.8,,
803.8038,1511708513715108.2,1614917288525523.5,,
804.8048,1517356242866732.0,1621004433948479.0,,
805.8058,1523018021106085.8,1627106931392291.8,,
806.8068,1528693865885473.2,1633224800476519.0,,
807.8078,1534383794657202.0,1639358060821449.0,,
808.8088,1540087824873572.5,1645506732048091.8,,
809.8098,1545805973986892.0,1651670833778193.0,,
810.8108,1551538259449464.0,1657850385634220.0,,
811.8118,1557284698713594.8,1664045407239368.5,,
812.8128,1563045309231586.2,1670255918217555.2,,
813.8138,1568820108455743.5,1676481938193424.2,,
814.8148,1574609113838373.8,1682723486792344.5,,
815.8158,1580412342831779.0,1688980583640402.0,,
816.8168,1586229812888264.0,1695253248364407.8,,
817.8178,1592061541460134.2,1701541500591892.2,,
818.8188,1597907545999693.2,1707845359951105.8,,
819.8198,1603767843959247.8,1714164846071019.8,,
820.8208,1609642452791101.2,1720499978581320.2,,
821.8218,1615531389947556.2,1726850777112410.2,,
822.8228,1621434672880919.2,1733217261295411.5,,
823.8238,1627352319043495.0,1739599450762162.0,,
824.8248,1633284345887586.5,1745997365145209.8,,
825.8258,1639230770865501.8,1752411024077824.5,,
826.8268,1645191611429541.0,1758840447193978.0,,
827.8278,1651166885032013.0,1765285654128365.8,,
828.8288,1657156609125217.5,1771746664516383.5,,
829.8298,1663160801161463.0,1778223497994147.2,,
830.8308,1669179478593052.8,1784716174198476.2,,
831.8318,1675212658872291.0,1791224712766901.5,,
832.8328,1681260359451484.5,1797749133337662.0,,
833.8338,1687322597782934.0,1804289455549699.8,,
834.8348,1693399391318947.8,1810845699042670.8,,
835.8358,1699490757511827.5,1817417883456928.5,,
836.8368,1705596713813879.5,1824006028433535.8,,
837.8378,1711717277677407.8,1830610153614258.8,,
838.8388,1717852466554717.5,1837230278641567.2,,
839.8398,1724002297898111.5,1843866423158629.2,,
840.8408,1730166789159896.2,1850518606809320.2,,
841.8418,1736345957792375.2,1857186849238211.2,,
842.8428,1742539821247854.5,1863871170090577.8,,
843.8438,1748748396978637.0,1870571589012389.0,,
844.8448,1754971702437027.0,1877288125650315.5,,
845.8458,1761209755075332.0,1884020799651727.5,,
846.8468,1767462572345852.5,1890769630664685.0,,
847.8478,1773730171700895.8,1897534638337951.2,,
848.8488,1780012570592765.5,1904315842320980.5,,
849.8498,1786309786473766.0,1911113262263921.5,,
850.8509,1792621836796204.5,1917926917817619.8,,
851.8519,1798948739012382.5,1924756828633606.8,,
852.8529,1805290510574604.5,1931603014364111.0,,
853.8539,1811647168935176.2,1938465494662050.8,,
854.8549,1818018731546402.2,1945344289181035.8,,
855.8559,1824405215860586.8,1952239417575362.8,,
856.8569,1830806639330035.5,1959150899500020.5,,
857.8579,1837223019407050.8,1966078754610681.5,,
858.8589,1843654373543940.5,1973023002563711.0,,
859.8599,1850100719193005.0,1979983663016153.2,,
860.8609,1856562073806551.5,1986960755625744.0,,
861.8619,1863038454836884.5,1993954300050903.0,,
862.8629,1869529879736307.5,2000964315950732.0,,
863.8639,1876036365957127.8,2007990822985019.8,,
864.8649,1882557930951645.8,2015033840814231.2,,
865.8659,1889094592172169.8,2022093389099520.0,,
866.8669,1895646367071002.0,2029169487502716.8,,
867.8679,1902213273100447.8,2036262155686332.5,,
868.8689,1908795327712811.5,2043371413313559.0,,
869.8699,1915392548360397.5,2050497280048266.0,,
870.8709,1922004952495512.2,2057639775555004.2,,
871.8719,1928632557570457.8,2064798919498995.2,,
872.8729,1935275381037540.0,2071974731546143.8,,
873.8739,1941933440349064.2,2079167231363026.5,,
874.8749,1948606752957333.0,2086376438616894.5,,
875.8759,1955295336314651.5,2093602372975674.2,,
876.8769,1961999207873326.5,2100845054107969.5,,
877.8779,1968718385085659.2,2108104501683049.2,,
878.8789,1975452885403956.2,2115380735370860.2,,
879.8799,1982202726280522.0,2122673774842018.2,,
880.8809,1988967925167659.5,2129983639767808.8,,
881.8819,1995748499517677.2,2137310349820191.8,,
882.8829,2002544466782875.0,2144653924671788.2,,
883.8839,2009355844415561.5,2152014383995896.5,,
884.8849,2016182649868037.2,2159391747466473.5,,
885.8859,2023024900592609.8,2166786034758149.5,,
886.8869,2029882614041582.5,2174197265546219.2,,
887.8879,2036755807667259.5,2181625459506640.5,,
888.8889,2043644498921948.8,2189070636316040.8,,
889.8899,2050548705257951.5,2196532815651706.5,,
890.8909,2057468444127571.2,2204012017191587.0,,
891.8919,2064403732983115.2,2211508260614299.5,,
892.8929,2071354589276887.0,2219021565599118.2,,
893.8939,2078321030461191.8,2226551951825980.0,,
894.8949,2085303073988333.8,2234099438975482.5,,
895.8959,2092300737310616.0,2241664046728880.5,,
896.8969,2099314037880347.0,2249245794768093.8,,
897.8979,2106342993149826.8,2256844702775691.0,,
898.8989,2113387620571361.8,2264460790434905.5,,
899.8999,2120447937597257.5,2272094077429625.0,,
900.9009,2127523961679816.8,2279744583444395.0,,
901.9019,2134615710271347.8,2287412328164415.5,,
902.9029,2141723200824149.5,2295097331275536.0,,
903.9039,2148846450790530.5,2302799612464268.5,,
904.9049,2155985477622795.5,2310519191417775.5,,
905.9059,2163140298773247.0,2318256087823866.5,,
906.9069,2170310931694190.0,2326010321371009.0,,
907.9079,2177497393837929.0,2333781911748318.5,,
908.9089,2184699702656770.8,2341570878645566.0,,
909.9099,2191917875603017.5,2349377241753166.0,,
910.9109,2199151930128974.5,2357201020762184.0,,
911.9119,2206401883686946.2,2365042235364335.5,,
912.9129,2213667753729238.2,2372900905251983.0,,
913.9139,2220949557708152.5,2380777050118133.0,,
914.9149,2228247313075998.0,2388670689656446.5,,
915.9159,2235561037285074.0,2396581843561217.0,,
916.9169,2242890747787688.5,2404510531527395.0,,
917.9179,2250236462036145.8,2412456773250572.0,,
918.9189,2257598197482748.5,2420420588426978.0,,
919.9199,2264975971579806.0,2428401996753496.0,,
920.9209,2272369801779616.0,2436401017927636.0,,
921.9219,2279779705534490.0,2444417671647567.5,,
922.9229,2287205700296725.5,2452451977612084.0,,
923.9239,2294647803518633.0,2460503955520633.5,,
924.9249,2302106032652513.5,2468573625073292.5,,
925.9259,2309580405150673.0,2476661005970783.5,,
926.9269,2317070938465418.0,2484766117914466.0,,
927.9279,2324577650049048.5,2492888980606332.5,,
928.9289,2332100557353873.5,2501029613749017.5,,
929.9299,2339639677832194.5,2509188037045789.0,,
930.9309,2347195028936318.0,2517364270200552.0,,
931.9319,2354766628118547.0,2525558332917843.5,,
932.9329,2362354492831188.0,2533770244902841.0,,
933.9339,2369958640526543.0,2542000025861346.5,,
934.9349,2377579088656918.5,2550247695499803.0,,
935.9359,2385215854674620.0,2558513273525283.5,,
936.9369,2392868956031949.5,2566796779645488.5,,
937.9379,2400538410181213.0,2575098233568754.5,,
938.9389,2408224234574713.5,2583417655004044.0,,
939.9399,2415926446664760.0,2591755063660956.0,,
940.9409,2423645063903651.5,2600110479249709.5,,
941.9419,2431380103743695.5,2608483921481157.0,,
942.9429,2439131583637196.5,2616875410066780.0,,
943.9439,2446899521036459.5,2625284964718684.0,,
944.9449,2454683933393787.5,2633712605149600.5,,
945.9459,2462484838161485.0,2642158351072888.5,,
946.9469,2470302252791859.5,2650622222202533.5,,
947.9479,2478136194737212.0,2659104238253141.0,,
948.9489,2485986681449848.5,2667604418939944.5,,
949.9499,2493853730382074.0,2676122783978799.0,,
950.951,2501737358986192.5,2684659353086181.0,,
951.952,2509637584714509.5,2693214145979193.5,,
952.953,2517554425019330.0,2701787182375555.0,,
953.954,2525487897352955.5,2710378481993605.5,,
954.955,2533438019167693.0,2718988064552308.5,,
955.956,2541404807915846.0,2727615949771244.0,,
956.957,2549388281049719.5,2736262157370612.0,,
957.958,2557388456021621.0,2744926707071233.5,,
958.959,2565405350283850.0,2753609618594539.0,,
959.96,2573438981288714.0,2762310911662582.5,,
960.961,2581489366488517.0,2771030605998033.5,,
961.962,2589556523335563.5,2779768721324175.0,,
962.963,2597640469282157.5,2788525277364906.0,,
963.964,2605741221780604.0,2797300293844740.0,,
964.965,2613858798283209.5,2806093790488807.0,,
965.966,2621993216242276.0,2814905787022844.5,,
966.967,2630144493110109.0,2823736303173207.0,,
967.968,2638312646339013.5,2832585358666858.5,,
968.969,2646497693381293.0,2841452973231376.0,,
969.97,2654699651689251.5,2850339166594945.5,,
970.971,2662918538715197.5,2859243958486367.5,,
971.972,2671154371911430.0,2868167368635043.0,,
972.973,2679407168730257.0,2877109416770990.5,,
973.974,2687676946623983.0,2886070122624836.0,,
974.975,2695963723044913.0,2895049505927808.0,,
975.976,2704267515445349.5,2904047586411745.5,,
976.977,2712588341277597.0,2913064383809092.5,,
977.978,2720926217993964.0,2922099917852905.0,,
978.979,2729281163046750.0,2931154208276832.0,,
979.98,2737653193888263.0,2940227274815137.5,,
980.981,2746042327970806.0,2949319137202688.0,,
981.982,2754448582746683.5,2958429815174947.5,,
982.983,2762871975668202.5,2967559328467992.5,,
983.984,2771312524187665.5,2976707696818494.0,,
984.985,2779770245757375.5,2985874939963724.5,,
985.986,2788245157829639.5,2995061077641563.5,,
986.987,2796737277856761.5,3004266129590486.0,,
987.988,2805246623291046.0,3013490115549570.0,,
988.989,2813773211584798.5,3022733055258491.5,,
989.99,2822317060190320.5,3031994968457521.5,,
990.991,2830878186559922.0,3041275874887540.0,,
991.992,2839456608145901.0,3050575794290009.0,,
992.993,2848052342400567.0,3059894746407001.5,,
993.994,2856665406776222.5,3069232750981180.0,,
994.995,2865295818725171.0,3078589827755801.5,,
995.996,2873943595699722.5,3087965996474726.5,,
996.997,2882608755152174.0,3097361276882398.0,,
997.998,2891291314534836.0,3106775688723863.5,,
998.999,2899991291300009.5,3116209251744758.5,,
1000.0,2908708702899999.0,3125661985691311.0,,
