z,A,a_eff,shear_integral,horizon_approach
0.0,1.0,1.0,0.0,False
1.001,0.9990044717,0.9990044717,0.0686738773,False
2.002,0.9980197379,0.9980197379,0.1077490638,False
3.003,0.9970455772,0.9970455772,0.1346011039,False
4.004,0.9960817751,0.9960817751,0.1547038098,False
5.005,0.9951281233,0.9951281233,0.1705082141,False
6.006,0.9941844196,0.9941844196,0.1833286742,False
7.007,0.9932504679,0.9932504679,0.1939538838,False
8.008,0.9923260774,0.9923260774,0.2028952443,False
9.009,0.9914110631,0.9914110631,0.2105037662,False
10.01,0.990505245,0.990505245,0.2170311137,False
11.011,0.9896084483,0.9896084483,0.2226640637,False
12.012,0.988720503,0.988720503,0.2275451797,False
13.013,0.9878412438,0.9878412438,0.2317858352,False
14.014,0.9869705099,0.9869705099,0.235474756,False
15.015,0.9861081449,0.9861081449,0.238683816,False
16.016,0.9852539966,0.9852539966,0.2414720823,False
17.017,0.9844079168,0.9844079168,0.2438887113,False
18.018,0.9835697611,0.9835697611,0.2459750656,False
19.019,0.9827393892,0.9827393892,0.2477662918,False
20.02,0.9819166641,0.9819166641,0.2492925166,False
21.021,0.9811014526,0.9811014526,0.2505797661,False
22.022,0.9802936248,0.9802936248,0.251650683,False
23.023,0.9794930539,0.9794930539,0.2525250928,False
24.024,0.9786996166,0.9786996166,0.253220455,False
25.025,0.9779131925,0.9779131925,0.2537522276,False
26.026,0.9771336641,0.9771336641,0.2541341625,False
27.027,0.976360917,0.976360917,0.2543785489,False
28.028,0.9755948394,0.9755948394,0.2544964138,False
29.029,0.9748353223,0.9748353223,0.2544976893,False
30.03,0.9740822593,0.9740822593,0.2543913529,False
31.031,0.9733355464,0.9733355464,0.2541855456,False
32.032,0.9725950822,0.9725950822,0.2538876722,False
33.033,0.9718607676,0.9718607676,0.2535044872,False
34.034,0.9711325059,0.9711325059,0.2530421676,False
35.035,0.9704102024,0.9704102024,0.2525063769,False
36.036,0.969693765,0.969693765,0.2519023192,False
37.037,0.9689831031,0.9689831031,0.2512347872,False
38.038,0.9682781287,0.9682781287,0.2505082033,False
39.039,0.9675787554,0.9675787554,0.2497266563,False
40.04,0.966884899,0.966884899,0.2488939333,False
41.041,0.9661964768,0.9661964768,0.2480135476,False
42.042,0.9655134082,0.9655134082,0.247088764,False
43.043,0.9648356144,0.9648356144,0.2461226208,False
44.044,0.964163018,0.964163018,0.2451179496,False
45.045,0.9634955436,0.9634955436,0.2440773927,False
46.046,0.9628331171,0.9628331171,0.2430034189,False
47.047,0.9621756662,0.9621756662,0.2418983379,False
48.048,0.9615231201,0.9615231201,0.2407643126,False
49.049,0.9608754092,0.9608754092,0.2396033708,False
50.0501,0.9602324658,0.9602324658,0.2384174157,False
51.0511,0.9595942232,0.9595942232,0.237208235,False
52.0521,0.9589606163,0.9589606163,0.2359775093,False
53.0531,0.9583315812,0.9583315812,0.2347268205,False
54.0541,0.9577070553,0.9577070553,0.233457658,False
55.0551,0.9570869774,0.9570869774,0.2321714257,False
56.0561,0.9564712873,0.9564712873,0.2308694477,False
57.0571,0.9558599262,0.9558599262,0.2295529737,False
58.0581,0.9552528362,0.9552528362,0.2282231839,False
59.0591,0.9546499609,0.9546499609,0.2268811935,False
60.0601,0.9540512446,0.9540512446,0.2255280571,False
61.0611,0.953456633,0.953456633,0.2241647722,False
62.0621,0.9528660727,0.9528660727,0.2227922831,False
63.0631,0.9522795113,0.9522795113,0.2214114839,False
64.0641,0.9516968974,0.9516968974,0.2200232217,False
65.0651,0.9511181805,0.9511181805,0.2186282992,False
66.0661,0.9505433114,0.9505433114,0.2172274776,False
67.0671,0.9499722413,0.9499722413,0.2158214789,False
68.0681,0.9494049227,0.9494049227,0.214410988,False
69.0691,0.9488413087,0.9488413087,0.2129966548,False
70.0701,0.9482813536,0.9482813536,0.2115790966,False
71.0711,0.9477250121,0.9477250121,0.2101588991,False
72.0721,0.94717224,0.94717224,0.208736619,False
73.0731,0.946622994,0.946622994,0.2073127848,False
74.0741,0.9460772311,0.9460772311,0.205887899,False
75.0751,0.9455349097,0.9455349097,0.2044624387,False
76.0761,0.9449959884,0.9449959884,0.2030368576,False
77.0771,0.9444604267,0.9444604267,0.2016115868,False
78.0781,0.943928185,0.943928185,0.2001870362,False
79.0791,0.9433992242,0.9433992242,0.1987635954,False
80.0801,0.9428735058,0.9428735058,0.1973416347,False
81.0811,0.9423509921,0.9423509921,0.1959215061,False
82.0821,0.9418316461,0.9418316461,0.1945035444,False
83.0831,0.9413154313,0.9413154313,0.1930880678,False
84.0841,0.9408023118,0.9408023118,0.1916753784,False
85.0851,0.9402922524,0.9402922524,0.1902657639,False
86.0861,0.9397852184,0.9397852184,0.1888594971,False
87.0871,0.9392811758,0.9392811758,0.1874568377,False
88.0881,0.938780091,0.938780091,0.1860580321,False
89.0891,0.9382819311,0.9382819311,0.1846633144,False
90.0901,0.9377866637,0.9377866637,0.1832729069,False
91.0911,0.9372942569,0.9372942569,0.1818870205,False
92.0921,0.9368046793,0.9368046793,0.1805058555,False
93.0931,0.9363179,0.9363179,0.1791296018,False
94.0941,0.9358338886,0.9358338886,0.1777584395,False
95.0951,0.9353526153,0.9353526153,0.1763925393,False
96.0961,0.9348740507,0.9348740507,0.1750320628,False
97.0971,0.9343981657,0.9343981657,0.1736771632,False
98.0981,0.9339249319,0.9339249319,0.1723279854,False
99.0991,0.9334543212,0.9334543212,0.1709846664,False
100.1001,0.932986306,0.932986306,0.1696473356,False
101.1011,0.9325208592,0.9325208592,0.1683161154,False
102.1021,0.9320579539,0.9320579539,0.1669911211,False
103.1031,0.9315975637,0.9315975637,0.1656724616,False
104.1041,0.9311396628,0.9311396628,0.1643602392,False
105.1051,0.9306842255,0.9306842255,0.1630545504,False
106.1061,0.9302312267,0.9302312267,0.1617554856,False
107.1071,0.9297806416,0.9297806416,0.16046313,False
108.1081,0.9293324457,0.9293324457,0.1591775631,False
109.1091,0.9288866149,0.9288866149,0.1578988595,False
110.1101,0.9284431256,0.9284431256,0.1566270888,False
111.1111,0.9280019544,0.9280019544,0.155362316,False
112.1121,0.9275630782,0.9275630782,0.1541046014,False
113.1131,0.9271264744,0.9271264744,0.1528540012,False
114.1141,0.9266921206,0.9266921206,0.1516105672,False
115.1151,0.9262599948,0.9262599948,0.1503743474,False
116.1161,0.9258300753,0.9258300753,0.1491453859,False
117.1171,0.9254023406,0.9254023406,0.1479237232,False
118.1181,0.9249767697,0.9249767697,0.1467093961,False
119.1191,0.9245533417,0.9245533417,0.1455024383,False
120.1201,0.9241320362,0.9241320362,0.14430288,False
121.1211,0.923712833,0.923712833,0.1431107484,False
122.1221,0.923295712,0.923295712,0.1419260678,False
123.1231,0.9228806537,0.9228806537,0.1407488594,False
124.1241,0.9224676386,0.9224676386,0.1395791419,False
125.1251,0.9220566477,0.9220566477,0.1384169312,False
126.1261,0.921647662,0.921647662,0.1372622407,False
127.1271,0.9212406631,0.9212406631,0.1361150814,False
128.1281,0.9208356324,0.9208356324,0.1349754619,False
129.1291,0.9204325521,0.9204325521,0.1338433887,False
130.1301,0.9200314041,0.9200314041,0.1327188659,False
131.1311,0.919632171,0.919632171,0.1316018959,False
132.1321,0.9192348352,0.9192348352,0.1304924787,False
133.1331,0.9188393797,0.9188393797,0.1293906127,False
134.1341,0.9184457876,0.9184457876,0.1282962945,False
135.1351,0.9180540422,0.9180540422,0.1272095187,False
136.1361,0.917664127,0.917664127,0.1261302785,False
137.1371,0.9172760257,0.9172760257,0.1250585652,False
138.1381,0.9168897223,0.9168897223,0.1239943688,False
139.1391,0.916505201,0.916505201,0.1229376778,False
140.1401,0.9161224461,0.9161224461,0.1218884791,False
141.1411,0.9157414423,0.9157414423,0.1208467586,False
142.1421,0.9153621742,0.9153621742,0.1198125004,False
143.1431,0.9149846269,0.9149846269,0.1187856878,False
144.1441,0.9146087855,0.9146087855,0.1177663027,False
145.1451,0.9142346354,0.9142346354,0.1167543259,False
146.1461,0.913862162,0.913862162,0.1157497371,False
147.1471,0.9134913511,0.9134913511,0.114752515,False
148.1481,0.9131221886,0.9131221886,0.1137626372,False
149.1491,0.9127546606,0.9127546606,0.1127800805,False
150.1502,0.9123887532,0.9123887532,0.1118048206,False
151.1512,0.912024453,0.912024453,0.1108368324,False
152.1522,0.9116617464,0.9116617464,0.1098760901,False
153.1532,0.9113006203,0.9113006203,0.1089225669,False
154.1542,0.9109410615,0.9109410615,0.1079762355,False
155.1552,0.9105830571,0.9105830571,0.1070370675,False
156.1562,0.9102265943,0.9102265943,0.1061050342,False
157.1572,0.9098716605,0.9098716605,0.1051801059,False
158.1582,0.9095182432,0.9095182432,0.1042622526,False
159.1592,0.9091663301,0.9091663301,0.1033514435,False
160.1602,0.9088159091,0.9088159091,0.1024476474,False
161.1612,0.908466968,0.908466968,0.1015508322,False
162.1622,0.908119495,0.908119495,0.1006609658,False
163.1632,0.9077734784,0.9077734784,0.0997780152,False
164.1642,0.9074289066,0.9074289066,0.0989019471,False
165.1652,0.907085768,0.907085768,0.098032728,False
166.1662,0.9067440513,0.9067440513,0.0971703235,False
167.1672,0.9064037454,0.9064037454,0.0963146992,False
168.1682,0.9060648392,0.9060648392,0.0954658203,False
169.1692,0.9057273216,0.9057273216,0.0946236514,False
170.1702,0.9053911819,0.9053911819,0.0937881571,False
171.1712,0.9050564094,0.9050564094,0.0929593015,False
172.1722,0.9047229936,0.9047229936,0.0921370486,False
173.1732,0.9043909238,0.9043909238,0.0913213618,False
174.1742,0.9040601899,0.9040601899,0.0905122046,False
175.1752,0.9037307816,0.9037307816,0.0897095401,False
176.1762,0.9034026887,0.9034026887,0.0889133313,False
177.1772,0.9030759013,0.9030759013,0.0881235409,False
178.1782,0.9027504096,0.9027504096,0.0873401314,False
179.1792,0.9024262037,0.9024262037,0.0865630653,False
180.1802,0.9021032739,0.9021032739,0.0857923047,False
181.1812,0.9017816108,0.9017816108,0.0850278119,False
182.1822,0.9014612049,0.9014612049,0.0842695487,False
183.1832,0.9011420467,0.9011420467,0.0835174771,False
184.1842,0.9008241272,0.9008241272,0.0827715588,False
185.1852,0.9005074371,0.9005074371,0.0820317555,False
186.1862,0.9001919673,0.9001919673,0.0812980289,False
187.1872,0.899877709,0.899877709,0.0805703405,False
188.1882,0.8995646533,0.8995646533,0.0798486518,False
189.1892,0.8992527915,0.8992527915,0.0791329243,False
190.1902,0.8989421148,0.8989421148,0.0784231195,False
191.1912,0.8986326147,0.8986326147,0.0777191986,False
192.1922,0.8983242827,0.8983242827,0.0770211233,False
193.1932,0.8980171105,0.8980171105,0.0763288547,False
194.1942,0.8977110898,0.8977110898,0.0756423545,False
195.1952,0.8974062122,0.8974062122,0.0749615839,False
196.1962,0.8971024698,0.8971024698,0.0742865045,False
197.1972,0.8967998544,0.8967998544,0.0736170777,False
198.1982,0.8964983581,0.8964983581,0.072953265,False
199.1992,0.896197973,0.896197973,0.072295028,False
200.2002,0.8958986914,0.8958986914,0.0716423284,False
201.2012,0.8956005055,0.8956005055,0.0709951277,False
202.2022,0.8953034077,0.8953034077,0.0703533878,False
203.2032,0.8950073905,0.8950073905,0.0697170705,False
204.2042,0.8947124463,0.8947124463,0.0690861376,False
205.2052,0.8944185677,0.8944185677,0.0684605511,False
206.2062,0.8941257475,0.8941257475,0.0678402731,False
207.2072,0.8938339784,0.8938339784,0.0672252657,False
208.2082,0.8935432531,0.8935432531,0.0666154913,False
209.2092,0.8932535647,0.8932535647,0.0660109121,False
210.2102,0.892964906,0.892964906,0.0654114906,False
211.2112,0.8926772701,0.8926772701,0.0648171895,False
212.2122,0.89239065,0.89239065,0.0642279714,False
213.2132,0.8921050391,0.8921050391,0.0636437992,False
214.2142,0.8918204305,0.8918204305,0.0630646358,False
215.2152,0.8915368174,0.8915368174,0.0624904444,False
216.2162,0.8912541934,0.8912541934,0.061921188,False
217.2172,0.8909725517,0.8909725517,0.0613568301,False
218.2182,0.890691886,0.890691886,0.0607973342,False
219.2192,0.8904121898,0.8904121898,0.0602426639,False
220.2202,0.8901334567,0.8901334567,0.059692783,False
221.2212,0.8898556804,0.8898556804,0.0591476554,False
222.2222,0.8895788547,0.8895788547,0.0586072452,False
223.2232,0.8893029733,0.8893029733,0.0580715168,False
224.2242,0.8890280301,0.8890280301,0.0575404344,False
225.2252,0.8887540191,0.8887540191,0.0570139626,False
226.2262,0.8884809342,0.8884809342,0.0564920662,False
227.2272,0.8882087695,0.8882087695,0.05597471,False
228.2282,0.8879375191,0.8879375191,0.0554618592,False
229.2292,0.8876671771,0.8876671771,0.0549534788,False
230.2302,0.8873977378,0.8873977378,0.0544495345,False
231.2312,0.8871291954,0.8871291954,0.0539499916,False
232.2322,0.8868615442,0.8868615442,0.0534548159,False
233.2332,0.8865947786,0.8865947786,0.0529639735,False
234.2342,0.8863288931,0.8863288931,0.0524774302,False
235.2352,0.886063882,0.886063882,0.0519951526,False
236.2362,0.8857997399,0.8857997399,0.0515171069,False
237.2372,0.8855364615,0.8855364615,0.0510432598,False
238.2382,0.8852740412,0.8852740412,0.0505735782,False
239.2392,0.8850124739,0.8850124739,0.050108029,False
240.2402,0.8847517542,0.8847517542,0.0496465794,False
241.2412,0.8844918768,0.8844918768,0.0491891969,False
242.2422,0.8842328367,0.8842328367,0.0487358489,False
243.2432,0.8839746286,0.8839746286,0.0482865033,False
244.2442,0.8837172476,0.8837172476,0.0478411278,False
245.2452,0.8834606885,0.8834606885,0.0473996908,False
246.2462,0.8832049463,0.8832049463,0.0469621604,False
247.2472,0.8829500161,0.8829500161,0.0465285051,False
248.2482,0.8826958931,0.8826958931,0.0460986938,False
249.2492,0.8824425722,0.8824425722,0.0456726952,False
250.2503,0.8821900488,0.8821900488,0.0452504783,False
251.2513,0.881938318,0.881938318,0.0448320126,False
252.2523,0.881687375,0.881687375,0.0444172674,False
253.2533,0.8814372153,0.8814372153,0.0440062124,False
254.2543,0.8811878341,0.8811878341,0.0435988174,False
255.2553,0.8809392269,0.8809392269,0.0431950524,False
256.2563,0.880691389,0.880691389,0.0427948877,False
257.2573,0.8804443159,0.8804443159,0.0423982937,False
258.2583,0.8801980032,0.8801980032,0.0420052409,False
259.2593,0.8799524463,0.8799524463,0.0416157003,False
260.2603,0.8797076409,0.8797076409,0.0412296427,False
261.2613,0.8794635826,0.8794635826,0.0408470393,False
262.2623,0.879220267,0.879220267,0.0404678616,False
263.2633,0.8789776899,0.8789776899,0.0400920811,False
264.2643,0.8787358469,0.8787358469,0.0397196695,False
265.2653,0.8784947339,0.8784947339,0.0393505988,False
266.2663,0.8782543466,0.8782543466,0.0389848411,False
267.2673,0.878014681,0.878014681,0.0386223688,False
268.2683,0.8777757327,0.8777757327,0.0382631544,False
269.2693,0.8775374979,0.8775374979,0.0379071706,False
270.2703,0.8772999724,0.8772999724,0.0375543903,False
271.2713,0.8770631522,0.8770631522,0.0372047865,False
272.2723,0.8768270333,0.8768270333,0.0368583326,False
273.2733,0.8765916117,0.8765916117,0.036515002,False
274.2743,0.8763568836,0.8763568836,0.0361747683,False
275.2753,0.876122845,0.876122845,0.0358376055,False
276.2763,0.8758894922,0.8758894922,0.0355034875,False
277.2773,0.8756568212,0.8756568212,0.0351723885,False
278.2783,0.8754248282,0.8754248282,0.034844283,False
279.2793,0.8751935096,0.8751935096,0.0345191455,False
280.2803,0.8749628616,0.8749628616,0.0341969507,False
281.2813,0.8747328804,0.8747328804,0.0338776737,False
282.2823,0.8745035624,0.8745035624,0.0335612895,False
283.2833,0.874274904,0.874274904,0.0332477736,False
284.2843,0.8740469016,0.8740469016,0.0329371012,False
285.2853,0.8738195515,0.8738195515,0.0326292483,False
286.2863,0.8735928502,0.8735928502,0.0323241905,False
287.2873,0.8733667942,0.8733667942,0.032021904,False
288.2883,0.8731413801,0.8731413801,0.0317223649,False
289.2893,0.8729166042,0.8729166042,0.0314255496,False
290.2903,0.8726924632,0.8726924632,0.0311314348,False
291.2913,0.8724689537,0.8724689537,0.0308399971,False
292.2923,0.8722460722,0.8722460722,0.0305512135,False
293.2933,0.8720238155,0.8720238155,0.0302650611,False
294.2943,0.8718021802,0.8718021802,0.0299815171,False
295.2953,0.8715811629,0.8715811629,0.029700559,False
296.2963,0.8713607604,0.8713607604,0.0294221644,False
297.2973,0.8711409694,0.8711409694,0.0291463111,False
298.2983,0.8709217868,0.8709217868,0.028872977,False
299.2993,0.8707032093,0.8707032093,0.0286021403,False
300.3003,0.8704852336,0.8704852336,0.0283337792,False
301.3013,0.8702678567,0.8702678567,0.0280678723,False
302.3023,0.8700510755,0.8700510755,0.0278043982,False
303.3033,0.8698348868,0.8698348868,0.0275433356,False
304.3043,0.8696192875,0.8696192875,0.0272846635,False
305.3053,0.8694042746,0.8694042746,0.0270283611,False
306.3063,0.869189845,0.869189845,0.0267744076,False
307.3073,0.8689759958,0.8689759958,0.0265227825,False
308.3083,0.8687627238,0.8687627238,0.0262734654,False
309.3093,0.8685500263,0.8685500263,0.0260264361,False
310.3103,0.8683379002,0.8683379002,0.0257816745,False
311.3113,0.8681263425,0.8681263425,0.0255391607,False
312.3123,0.8679153505,0.8679153505,0.025298875,False
313.3133,0.8677049211,0.8677049211,0.0250607978,False
314.3143,0.8674950517,0.8674950517,0.0248249096,False
315.3153,0.8672857392,0.8672857392,0.0245911912,False
316.3163,0.867076981,0.867076981,0.0243596234,False
317.3173,0.8668687741,0.8668687741,0.0241301873,False
318.3183,0.8666611159,0.8666611159,0.0239028641,False
319.3193,0.8664540036,0.8664540036,0.023677635,False
320.3203,0.8662474344,0.8662474344,0.0234544817,False
321.3213,0.8660414057,0.8660414057,0.0232333856,False
322.3223,0.8658359147,0.8658359147,0.0230143287,False
323.3233,0.8656309587,0.8656309587,0.0227972927,False
324.3243,0.8654265352,0.8654265352,0.0225822599,False
325.3253,0.8652226415,0.8652226415,0.0223692124,False
326.3263,0.8650192749,0.8650192749,0.0221581326,False
327.3273,0.864816433,0.864816433,0.0219490031,False
328.3283,0.864614113,0.864614113,0.0217418064,False
329.3293,0.8644123124,0.8644123124,0.0215365254,False
330.3303,0.8642110287,0.8642110287,0.021333143,False
331.3313,0.8640102594,0.8640102594,0.0211316423,False
332.3323,0.863810002,0.863810002,0.0209320065,False
333.3333,0.863610254,0.863610254,0.020734219,False
334.3343,0.8634110129,0.8634110129,0.0205382633,False
335.3353,0.8632122762,0.8632122762,0.020344123,False
336.3363,0.8630140416,0.8630140416,0.0201517818,False
337.3373,0.8628163066,0.8628163066,0.0199612238,False
338.3383,0.8626190688,0.8626190688,0.0197724329,False
339.3393,0.8624223259,0.8624223259,0.0195853933,False
340.3403,0.8622260754,0.8622260754,0.0194000892,False
341.3413,0.862030315,0.862030315,0.0192165052,False
342.3423,0.8618350425,0.8618350425,0.0190346258,False
343.3433,0.8616402554,0.8616402554,0.0188544357,False
344.3443,0.8614459515,0.8614459515,0.0186759197,False
345.3453,0.8612521285,0.8612521285,0.0184990628,False
346.3463,0.8610587842,0.8610587842,0.0183238501,False
347.3473,0.8608659162,0.8608659162,0.0181502666,False
348.3483,0.8606735223,0.8606735223,0.0179782979,False
349.3493,0.8604816004,0.8604816004,0.0178079293,False
350.3504,0.8602901482,0.8602901482,0.0176391463,False
351.3514,0.8600991635,0.8600991635,0.0174719348,False
352.3524,0.8599086442,0.8599086442,0.0173062805,False
353.3534,0.859718588,0.859718588,0.0171421693,False
354.3544,0.859528993,0.859528993,0.0169795874,False
355.3554,0.8593398568,0.8593398568,0.0168185208,False
356.3564,0.8591511774,0.8591511774,0.016658956,False
357.3574,0.8589629527,0.8589629527,0.0165008792,False
358.3584,0.8587751807,0.8587751807,0.016344277,False
359.3594,0.8585878592,0.8585878592,0.0161891361,False
360.3604,0.8584009861,0.8584009861,0.0160354432,False
361.3614,0.8582145595,0.8582145595,0.0158831852,False
362.3624,0.8580285773,0.8580285773,0.0157323491,False
363.3634,0.8578430375,0.8578430375,0.015582922,False
364.3644,0.857657938,0.857657938,0.015434891,False
365.3654,0.857473277,0.857473277,0.0152882435,False
366.3664,0.8572890523,0.8572890523,0.0151429669,False
367.3674,0.8571052621,0.8571052621,0.0149990488,False
368.3684,0.8569219044,0.8569219044,0.0148564767,False
369.3694,0.8567389773,0.8567389773,0.0147152385,False
370.3704,0.8565564788,0.8565564788,0.014575322,False
371.3714,0.856374407,0.856374407,0.0144367151,False
372.3724,0.85619276,0.85619276,0.0142994059,False
373.3734,0.8560115359,0.8560115359,0.0141633826,False
374.3744,0.8558307329,0.8558307329,0.0140286334,False
375.3754,0.8556503491,0.8556503491,0.0138951468,False
376.3764,0.8554703826,0.8554703826,0.0137629111,False
377.3774,0.8552908316,0.8552908316,0.013631915,False
378.3784,0.8551116943,0.8551116943,0.0135021471,False
379.3794,0.8549329688,0.8549329688,0.0133735962,False
380.3804,0.8547546534,0.8547546534,0.0132462511,False
381.3814,0.8545767462,0.8545767462,0.0131201009,False
382.3824,0.8543992455,0.8543992455,0.0129951346,False
383.3834,0.8542221496,0.8542221496,0.0128713414,False
384.3844,0.8540454565,0.8540454565,0.0127487104,False
385.3854,0.8538691647,0.8538691647,0.0126272311,False
386.3864,0.8536932723,0.8536932723,0.0125068929,False
387.3874,0.8535177777,0.8535177777,0.0123876853,False
388.3884,0.8533426791,0.8533426791,0.0122695979,False
389.3894,0.8531679749,0.8531679749,0.0121526205,False
390.3904,0.8529936632,0.8529936632,0.0120367429,False
391.3914,0.8528197426,0.8528197426,0.0119219549,False
392.3924,0.8526462112,0.8526462112,0.0118082466,False
393.3934,0.8524730674,0.8524730674,0.011695608,False
394.3944,0.8523003096,0.8523003096,0.0115840293,False
395.3954,0.8521279361,0.8521279361,0.0114735008,False
396.3964,0.8519559454,0.8519559454,0.0113640127,False
397.3974,0.8517843357,0.8517843357,0.0112555554,False
398.3984,0.8516131055,0.8516131055,0.0111481196,False
399.3994,0.8514422532,0.8514422532,0.0110416957,False
400.4004,0.8512717772,0.8512717772,0.0109362745,False
401.4014,0.8511016758,0.8511016758,0.0108318467,False
402.4024,0.8509319477,0.8509319477,0.0107284032,False
403.4034,0.8507625911,0.8507625911,0.0106259348,False
404.4044,0.8505936045,0.8505936045,0.0105244325,False
405.4054,0.8504249864,0.8504249864,0.0104238875,False
406.4064,0.8502567353,0.8502567353,0.0103242909,False
407.4074,0.8500888496,0.8500888496,0.0102256339,False
408.4084,0.8499213279,0.8499213279,0.0101279079,False
409.4094,0.8497541686,0.8497541686,0.0100311042,False
410.4104,0.8495873702,0.8495873702,0.0099352143,False
411.4114,0.8494209312,0.8494209312,0.0098402297,False
412.4124,0.8492548502,0.8492548502,0.0097461422,False
413.4134,0.8490891257,0.8490891257,0.0096529433,False
414.4144,0.8489237563,0.8489237563,0.0095606248,False
415.4154,0.8487587404,0.8487587404,0.0094691786,False
416.4164,0.8485940768,0.8485940768,0.0093785966,False
417.4174,0.8484297638,0.8484297638,0.0092888708,False
418.4184,0.8482658001,0.8482658001,0.0091999932,False
419.4194,0.8481021843,0.8481021843,0.0091119561,False
420.4204,0.847938915,0.847938915,0.0090247515,False
421.4214,0.8477759908,0.8477759908,0.0089383717,False
422.4224,0.8476134102,0.8476134102,0.0088528092,False
423.4234,0.847451172,0.847451172,0.0087680562,False
424.4244,0.8472892747,0.8472892747,0.0086841054,False
425.4254,0.847127717,0.847127717,0.0086009491,False
426.4264,0.8469664974,0.8469664974,0.0085185801,False
427.4274,0.8468056148,0.8468056148,0.0084369911,False
428.4284,0.8466450676,0.8466450676,0.0083561747,False
429.4294,0.8464848547,0.8464848547,0.0082761238,False
430.4304,0.8463249746,0.8463249746,0.0081968312,False
431.4314,0.8461654261,0.8461654261,0.00811829,False
432.4324,0.8460062078,0.8460062078,0.0080404931,False
433.4334,0.8458473184,0.8458473184,0.0079634335,False
434.4344,0.8456887567,0.8456887567,0.0078871045,False
435.4354,0.8455305213,0.8455305213,0.0078114991,False
436.4364,0.845372611,0.845372611,0.0077366107,False
437.4374,0.8452150245,0.8452150245,0.0076624326,False
438.4384,0.8450577605,0.8450577605,0.0075889581,False
439.4394,0.8449008178,0.8449008178,0.0075161807,False
440.4404,0.8447441951,0.8447441951,0.0074440938,False
441.4414,0.8445878912,0.8445878912,0.0073726911,False
442.4424,0.8444319048,0.8444319048,0.0073019661,False
443.4434,0.8442762348,0.8442762348,0.0072319126,False
444.4444,0.8441208798,0.8441208798,0.0071625242,False
445.4454,0.8439658388,0.8439658388,0.0070937947,False
446.4464,0.8438111104,0.8438111104,0.007025718,False
447.4474,0.8436566934,0.8436566934,0.0069582879,False
448.4484,0.8435025868,0.8435025868,0.0068914985,False
449.4494,0.8433487892,0.8433487892,0.0068253437,False
450.4505,0.8431952995,0.8431952995,0.0067598176,False
451.4515,0.8430421166,0.8430421166,0.0066949143,False
452.4525,0.8428892392,0.8428892392,0.006630628,False
453.4535,0.8427366662,0.8427366662,0.0065669529,False
454.4545,0.8425843965,0.8425843965,0.0065038833,False
455.4555,0.8424324288,0.8424324288,0.0064414135,False
456.4565,0.8422807621,0.8422807621,0.0063795379,False
457.4575,0.8421293952,0.8421293952,0.006318251,False
458.4585,0.841978327,0.841978327,0.0062575471,False
459.4595,0.8418275564,0.8418275564,0.0061974209,False
460.4605,0.8416770822,0.8416770822,0.0061378669,False
461.4615,0.8415269034,0.8415269034,0.0060788797,False
462.4625,0.8413770188,0.8413770188,0.0060204541,False
463.4635,0.8412274273,0.8412274273,0.0059625848,False
464.4645,0.8410781279,0.8410781279,0.0059052665,False
465.4655,0.8409291194,0.8409291194,0.0058484941,False
466.4665,0.8407804008,0.8407804008,0.0057922625,False
467.4675,0.840631971,0.840631971,0.0057365665,False
468.4685,0.8404838289,0.8404838289,0.0056814012,False
469.4695,0.8403359735,0.8403359735,0.0056267616,False
470.4705,0.8401884037,0.8401884037,0.0055726426,False
471.4715,0.8400411185,0.8400411185,0.0055190395,False
472.4725,0.8398941168,0.8398941168,0.0054659474,False
473.4735,0.8397473975,0.8397473975,0.0054133614,False
474.4745,0.8396009597,0.8396009597,0.0053612769,False
475.4755,0.8394548023,0.8394548023,0.005309689,False
476.4765,0.8393089243,0.8393089243,0.0052585932,False
477.4775,0.8391633247,0.8391633247,0.0052079847,False
478.4785,0.8390180024,0.8390180024,0.0051578591,False
479.4795,0.8388729565,0.8388729565,0.0051082117,False
480.4805,0.8387281859,0.8387281859,0.005059038,False
481.4815,0.8385836896,0.8385836896,0.0050103337,False
482.4825,0.8384394668,0.8384394668,0.0049620942,False
483.4835,0.8382955163,0.8382955163,0.0049143152,False
484.4845,0.8381518372,0.8381518372,0.0048669924,False
485.4855,0.8380084285,0.8380084285,0.0048201214,False
486.4865,0.8378652893,0.8378652893,0.004773698,False
487.4875,0.8377224185,0.8377224185,0.004727718,False
488.4885,0.8375798153,0.8375798153,0.0046821771,False
489.4895,0.8374374786,0.8374374786,0.0046370714,False
490.4905,0.8372954076,0.8372954076,0.0045923965,False
491.4915,0.8371536013,0.8371536013,0.0045481485,False
492.4925,0.8370120587,0.8370120587,0.0045043234,False
493.4935,0.8368707788,0.8368707788,0.0044609171,False
494.4945,0.8367297609,0.8367297609,0.0044179258,False
495.4955,0.8365890039,0.8365890039,0.0043753454,False
496.4965,0.8364485069,0.8364485069,0.0043331721,False
497.4975,0.8363082691,0.8363082691,0.004291402,False
498.4985,0.8361682894,0.8361682894,0.0042500314,False
499.4995,0.8360285671,0.8360285671,0.0042090565,False
500.5005,0.8358891011,0.8358891011,0.0041684735,False
501.5015,0.8357498906,0.8357498906,0.0041282787,False
502.5025,0.8356109347,0.8356109347,0.0040884685,False
503.5035,0.8354722326,0.8354722326,0.0040490392,False
504.5045,0.8353337833,0.8353337833,0.0040099872,False
505.5055,0.8351955859,0.8351955859,0.0039713089,False
506.5065,0.8350576396,0.8350576396,0.0039330009,False
507.5075,0.8349199435,0.8349199435,0.0038950596,False
508.5085,0.8347824968,0.8347824968,0.0038574815,False
509.5095,0.8346452986,0.8346452986,0.0038202632,False
510.5105,0.834508348,0.834508348,0.0037834012,False
511.5115,0.8343716441,0.8343716441,0.0037468923,False
512.5125,0.8342351862,0.8342351862,0.0037107331,False
513.5135,0.8340989734,0.8340989734,0.0036749202,False
514.5145,0.8339630049,0.8339630049,0.0036394504,False
515.5155,0.8338272797,0.8338272797,0.0036043204,False
516.5165,0.8336917972,0.8336917972,0.003569527,False
517.5175,0.8335565563,0.8335565563,0.0035350671,False
518.5185,0.8334215565,0.8334215565,0.0035009374,False
519.5195,0.8332867967,0.8332867967,0.0034671348,False
520.5205,0.8331522762,0.8331522762,0.0034336562,False
521.5215,0.8330179943,0.8330179943,0.0034004986,False
522.5225,0.83288395,0.83288395,0.0033676589,False
523.5235,0.8327501426,0.8327501426,0.003335134,False
524.5245,0.8326165713,0.8326165713,0.0033029211,False
525.5255,0.8324832353,0.8324832353,0.0032710171,False
526.5265,0.8323501338,0.8323501338,0.0032394191,False
527.5275,0.832217266,0.832217266,0.0032081242,False
528.5285,0.8320846311,0.8320846311,0.0031771295,False
529.5295,0.8319522284,0.8319522284,0.0031464322,False
530.5305,0.8318200571,0.8318200571,0.0031160294,False
531.5315,0.8316881164,0.8316881164,0.0030859184,False
532.5325,0.8315564055,0.8315564055,0.0030560964,False
533.5335,0.8314249237,0.8314249237,0.0030265606,False
534.5345,0.8312936702,0.8312936702,0.0029973083,False
535.5355,0.8311626443,0.8311626443,0.0029683368,False
536.5365,0.8310318452,0.8310318452,0.0029396435,False
537.5375,0.8309012722,0.8309012722,0.0029112257,False
538.5385,0.8307709245,0.8307709245,0.0028830807,False
539.5395,0.8306408014,0.8306408014,0.002855206,False
540.5405,0.8305109021,0.8305109021,0.0028275991,False
541.5415,0.8303812259,0.8303812259,0.0028002573,False
542.5425,0.8302517721,0.8302517721,0.0027731782,False
543.5435,0.83012254,0.83012254,0.0027463592,False
544.5445,0.8299935288,0.8299935288,0.0027197979,False
545.5455,0.8298647378,0.8298647378,0.0026934918,False
546.5465,0.8297361662,0.8297361662,0.0026674385,False
547.5475,0.8296078135,0.8296078135,0.0026416356,False
548.5485,0.8294796788,0.8294796788,0.0026160807,False
549.5495,0.8293517615,0.8293517615,0.0025907714,False
550.5506,0.8292240608,0.8292240608,0.0025657054,False
551.5516,0.8290965761,0.8290965761,0.0025408804,False
552.5526,0.8289693067,0.8289693067,0.0025162941,False
553.5536,0.8288422518,0.8288422518,0.0024919442,False
554.5546,0.8287154108,0.8287154108,0.0024678285,False
555.5556,0.8285887831,0.8285887831,0.0024439446,False
556.5566,0.8284623678,0.8284623678,0.0024202905,False
557.5576,0.8283361643,0.8283361643,0.0023968639,False
558.5586,0.828210172,0.828210172,0.0023736627,False
559.5596,0.8280843902,0.8280843902,0.0023506847,False
560.5606,0.8279588182,0.8279588182,0.0023279278,False
561.5616,0.8278334554,0.8278334554,0.0023053898,False
562.5626,0.827708301,0.827708301,0.0022830687,False
563.5636,0.8275833544,0.8275833544,0.0022609624,False
564.5646,0.827458615,0.827458615,0.0022390689,False
565.5656,0.8273340822,0.8273340822,0.0022173861,False
566.5666,0.8272097551,0.8272097551,0.002195912,False
567.5676,0.8270856333,0.8270856333,0.0021746447,False
568.5686,0.826961716,0.826961716,0.0021535821,False
569.5696,0.8268380027,0.8268380027,0.0021327223,False
570.5706,0.8267144926,0.8267144926,0.0021120634,False
571.5716,0.8265911852,0.8265911852,0.0020916035,False
572.5726,0.8264680798,0.8264680798,0.0020713405,False
573.5736,0.8263451757,0.8263451757,0.0020512728,False
574.5746,0.8262224724,0.8262224724,0.0020313983,False
575.5756,0.8260999693,0.8260999693,0.0020117153,False
576.5766,0.8259776656,0.8259776656,0.0019922219,False
577.5776,0.8258555608,0.8258555608,0.0019729163,False
578.5786,0.8257336543,0.8257336543,0.0019537968,False
579.5796,0.8256119454,0.8256119454,0.0019348615,False
580.5806,0.8254904336,0.8254904336,0.0019161086,False
581.5816,0.8253691182,0.8253691182,0.0018975365,False
582.5826,0.8252479987,0.8252479987,0.0018791434,False
583.5836,0.8251270743,0.8251270743,0.0018609276,False
584.5846,0.8250063446,0.8250063446,0.0018428874,False
585.5856,0.8248858089,0.8248858089,0.0018250211,False
586.5866,0.8247654667,0.8247654667,0.001807327,False
587.5876,0.8246453173,0.8246453173,0.0017898036,False
588.5886,0.8245253601,0.8245253601,0.0017724491,False
589.5896,0.8244055946,0.8244055946,0.001755262,False
590.5906,0.8242860202,0.8242860202,0.0017382406,False
591.5916,0.8241666363,0.8241666363,0.0017213835,False
592.5926,0.8240474423,0.8240474423,0.0017046889,False
593.5936,0.8239284377,0.8239284377,0.0016881553,False
594.5946,0.8238096218,0.8238096218,0.0016717813,False
595.5956,0.8236909942,0.8236909942,0.0016555652,False
596.5966,0.8235725542,0.8235725542,0.0016395056,False
597.5976,0.8234543012,0.8234543012,0.0016236009,False
598.5986,0.8233362348,0.8233362348,0.0016078497,False
599.5996,0.8232183543,0.8232183543,0.0015922505,False
600.6006,0.8231006591,0.8231006591,0.0015768019,False
601.6016,0.8229831489,0.8229831489,0.0015615024,False
602.6026,0.8228658228,0.8228658228,0.0015463506,False
603.6036,0.8227486806,0.8227486806,0.001531345,False
604.6046,0.8226317215,0.8226317215,0.0015164843,False
605.6056,0.822514945,0.822514945,0.001501767,False
606.6066,0.8223983506,0.8223983506,0.0014871919,False
607.6076,0.8222819378,0.8222819378,0.0014727575,False
608.6086,0.8221657059,0.8221657059,0.0014584624,False
609.6096,0.8220496546,0.8220496546,0.0014443055,False
610.6106,0.8219337832,0.8219337832,0.0014302852,False
611.6116,0.8218180911,0.8218180911,0.0014164004,False
612.6126,0.821702578,0.821702578,0.0014026497,False
613.6136,0.8215872432,0.8215872432,0.0013890318,False
614.6146,0.8214720862,0.8214720862,0.0013755455,False
615.6156,0.8213571066,0.8213571066,0.0013621894,False
616.6166,0.8212423037,0.8212423037,0.0013489624,False
617.6176,0.8211276771,0.8211276771,0.0013358632,False
618.6186,0.8210132262,0.8210132262,0.0013228906,False
619.6196,0.8208989506,0.8208989506,0.0013100434,False
620.6206,0.8207848496,0.8207848496,0.0012973203,False
621.6216,0.8206709229,0.8206709229,0.0012847202,False
622.6226,0.8205571699,0.8205571699,0.0012722418,False
623.6236,0.8204435901,0.8204435901,0.0012598841,False
624.6246,0.820330183,0.820330183,0.0012476458,False
625.6256,0.8202169481,0.8202169481,0.0012355259,False
626.6266,0.8201038849,0.8201038849,0.0012235231,False
627.6276,0.8199909929,0.8199909929,0.0012116364,False
628.6286,0.8198782716,0.8198782716,0.0011998646,False
629.6296,0.8197657205,0.8197657205,0.0011882067,False
630.6306,0.8196533391,0.8196533391,0.0011766615,False
631.6316,0.819541127,0.819541127,0.0011652279,False
632.6326,0.8194290836,0.8194290836,0.0011539049,False
633.6336,0.8193172085,0.8193172085,0.0011426915,False
634.6346,0.8192055012,0.8192055012,0.0011315865,False
635.6356,0.8190939612,0.8190939612,0.0011205889,False
636.6366,0.818982588,0.818982588,0.0011096977,False
637.6376,0.8188713812,0.8188713812,0.0010989119,False
638.6386,0.8187603402,0.8187603402,0.0010882305,False
639.6396,0.8186494647,0.8186494647,0.0010776524,False
640.6406,0.8185387541,0.8185387541,0.0010671766,False
641.6416,0.8184282079,0.8184282079,0.0010568023,False
642.6426,0.8183178258,0.8183178258,0.0010465283,False
643.6436,0.8182076072,0.8182076072,0.0010363538,False
644.6446,0.8180975517,0.8180975517,0.0010262777,False
645.6456,0.8179876588,0.8179876588,0.0010162992,False
646.6466,0.817877928,0.817877928,0.0010064172,False
647.6476,0.817768359,0.817768359,0.000996631,False
648.6486,0.8176589512,0.8176589512,0.0009869394,False
649.6496,0.8175497042,0.8175497042,0.0009773417,False
650.6507,0.8174406176,0.8174406176,0.000967837,False
651.6517,0.8173316909,0.8173316909,0.0009584242,False
652.6527,0.8172229236,0.8172229236,0.0009491026,False
653.6537,0.8171143153,0.8171143153,0.0009398713,False
654.6547,0.8170058656,0.8170058656,0.0009307294,False
655.6557,0.816897574,0.816897574,0.000921676,False
656.6567,0.81678944,0.81678944,0.0009127103,False
657.6577,0.8166814634,0.8166814634,0.0009038314,False
658.6587,0.8165736435,0.8165736435,0.0008950385,False
659.6597,0.81646598,0.81646598,0.0008863309,False
660.6607,0.8163584725,0.8163584725,0.0008777076,False
661.6617,0.8162511204,0.8162511204,0.0008691678,False
662.6627,0.8161439235,0.8161439235,0.0008607107,False
663.6637,0.8160368812,0.8160368812,0.0008523357,False
664.6647,0.8159299931,0.8159299931,0.0008440417,False
665.6657,0.8158232588,0.8158232588,0.0008358281,False
666.6667,0.8157166779,0.8157166779,0.0008276942,False
667.6677,0.81561025,0.81561025,0.000819639,False
668.6687,0.8155039746,0.8155039746,0.000811662,False
669.6697,0.8153978514,0.8153978514,0.0008037622,False
670.6707,0.8152918799,0.8152918799,0.000795939,False
671.6717,0.8151860596,0.8151860596,0.0007881917,False
672.6727,0.8150803903,0.8150803903,0.0007805195,False
673.6737,0.8149748714,0.8149748714,0.0007729216,False
674.6747,0.8148695026,0.8148695026,0.0007653974,False
675.6757,0.8147642835,0.8147642835,0.0007579461,False
676.6767,0.8146592136,0.8146592136,0.0007505671,False
677.6777,0.8145542926,0.8145542926,0.0007432597,False
678.6787,0.81444952,0.81444952,0.0007360231,False
679.6797,0.8143448955,0.8143448955,0.0007288567,False
680.6807,0.8142404186,0.8142404186,0.0007217598,False
681.6817,0.814136089,0.814136089,0.0007147317,False
682.6827,0.8140319062,0.8140319062,0.0007077718,False
683.6837,0.8139278699,0.8139278699,0.0007008794,False
684.6847,0.8138239797,0.8138239797,0.0006940539,False
685.6857,0.8137202351,0.8137202351,0.0006872945,False
686.6867,0.8136166359,0.8136166359,0.0006806008,False
687.6877,0.8135131815,0.8135131815,0.0006739719,False
688.6887,0.8134098717,0.8134098717,0.0006674074,False
689.6897,0.813306706,0.813306706,0.0006609066,False
690.6907,0.813203684,0.813203684,0.0006544689,False
691.6917,0.8131008054,0.8131008054,0.0006480936,False
692.6927,0.8129980698,0.8129980698,0.0006417802,False
693.6937,0.8128954768,0.8128954768,0.0006355281,False
694.6947,0.8127930261,0.8127930261,0.0006293366,False
695.6957,0.8126907172,0.8126907172,0.0006232053,False
696.6967,0.8125885497,0.8125885497,0.0006171334,False
697.6977,0.8124865234,0.8124865234,0.0006111205,False
698.6987,0.8123846378,0.8123846378,0.000605166,False
699.6997,0.8122828926,0.8122828926,0.0005992692,False
700.7007,0.8121812874,0.8121812874,0.0005934297,False
701.7017,0.8120798218,0.8120798218,0.0005876469,False
702.7027,0.8119784954,0.8119784954,0.0005819202,False
703.7037,0.811877308,0.811877308,0.0005762492,False
704.7047,0.8117762591,0.8117762591,0.0005706332,False
705.7057,0.8116753484,0.8116753484,0.0005650717,False
706.7067,0.8115745755,0.8115745755,0.0005595643,False
707.7077,0.81147394,0.81147394,0.0005541103,False
708.7087,0.8113734416,0.8113734416,0.0005487093,False
709.7097,0.81127308,0.81127308,0.0005433607,False
710.7107,0.8111728548,0.8111728548,0.0005380641,False
711.7117,0.8110727656,0.8110727656,0.0005328189,False
712.7127,0.810972812,0.810972812,0.0005276247,False
713.7137,0.8108729938,0.8108729938,0.000522481,False
714.7147,0.8107733106,0.8107733106,0.0005173872,False
715.7157,0.8106737621,0.8106737621,0.0005123429,False
716.7167,0.8105743478,0.8105743478,0.0005073476,False
717.7177,0.8104750674,0.8104750674,0.0005024008,False
718.7187,0.8103759207,0.8103759207,0.0004975021,False
719.7197,0.8102769071,0.8102769071,0.000492651,False
720.7207,0.8101780266,0.8101780266,0.0004878471,False
721.7217,0.8100792785,0.8100792785,0.0004830898,False
722.7227,0.8099806627,0.8099806627,0.0004783787,False
723.7237,0.8098821789,0.8098821789,0.0004737135,False
724.7247,0.8097838265,0.8097838265,0.0004690935,False
725.7257,0.8096856054,0.8096856054,0.0004645185,False
726.7267,0.8095875152,0.8095875152,0.0004599879,False
727.7277,0.8094895555,0.8094895555,0.0004555014,False
728.7287,0.8093917261,0.8093917261,0.0004510585,False
729.7297,0.8092940266,0.8092940266,0.0004466588,False
730.7307,0.8091964566,0.8091964566,0.0004423018,False
731.7317,0.8090990159,0.8090990159,0.0004379872,False
732.7327,0.809001704,0.809001704,0.0004337146,False
733.7337,0.8089045208,0.8089045208,0.0004294835,False
734.7347,0.8088074659,0.8088074659,0.0004252935,False
735.7357,0.8087105388,0.8087105388,0.0004211443,False
736.7367,0.8086137394,0.8086137394,0.0004170354,False
737.7377,0.8085170673,0.8085170673,0.0004129665,False
738.7387,0.8084205222,0.8084205222,0.0004089371,False
739.7397,0.8083241037,0.8083241037,0.0004049469,False
740.7407,0.8082278116,0.8082278116,0.0004009956,False
741.7417,0.8081316455,0.8081316455,0.0003970826,False
742.7427,0.8080356051,0.8080356051,0.0003932078,False
743.7437,0.8079396902,0.8079396902,0.0003893706,False
744.7447,0.8078439003,0.8078439003,0.0003855707,False
745.7457,0.8077482352,0.8077482352,0.0003818078,False
746.7467,0.8076526945,0.8076526945,0.0003780815,False
747.7477,0.8075572781,0.8075572781,0.0003743915,False
748.7487,0.8074619854,0.8074619854,0.0003707373,False
749.7497,0.8073668163,0.8073668163,0.0003671187,False
750.7508,0.8072717705,0.8072717705,0.0003635353,False
751.7518,0.8071768476,0.8071768476,0.0003599868,False
752.7528,0.8070820473,0.8070820473,0.0003564728,False
753.7538,0.8069873694,0.8069873694,0.000352993,False
754.7548,0.8068928135,0.8068928135,0.0003495471,False
755.7558,0.8067983793,0.8067983793,0.0003461347,False
756.7568,0.8067040665,0.8067040665,0.0003427555,False
757.7578,0.8066098749,0.8066098749,0.0003394092,False
758.7588,0.8065158041,0.8065158041,0.0003360955,False
759.7598,0.8064218539,0.8064218539,0.000332814,False
760.7608,0.8063280239,0.8063280239,0.0003295644,False
761.7618,0.8062343138,0.8062343138,0.0003263465,False
762.7628,0.8061407234,0.8061407234,0.0003231599,False
763.7638,0.8060472524,0.8060472524,0.0003200043,False
764.7648,0.8059539005,0.8059539005,0.0003168795,False
765.7658,0.8058606673,0.8058606673,0.0003137851,False
766.7668,0.8057675527,0.8057675527,0.0003107208,False
767.7678,0.8056745562,0.8056745562,0.0003076863,False
768.7688,0.8055816777,0.8055816777,0.0003046814,False
769.7698,0.8054889168,0.8054889168,0.0003017057,False
770.7708,0.8053962733,0.8053962733,0.000298759,False
771.7718,0.8053037469,0.8053037469,0.000295841,False
772.7728,0.8052113372,0.8052113372,0.0002929514,False
773.7738,0.8051190441,0.8051190441,0.00029009,False
774.7748,0.8050268672,0.8050268672,0.0002872564,False
775.7758,0.8049348063,0.8049348063,0.0002844504,False
776.7768,0.804842861,0.804842861,0.0002816718,False
777.7778,0.8047510311,0.8047510311,0.0002789202,False
778.7788,0.8046593164,0.8046593164,0.0002761954,False
779.7798,0.8045677165,0.8045677165,0.0002734971,False
780.7808,0.8044762311,0.8044762311,0.0002708252,False
781.7818,0.8043848601,0.8043848601,0.0002681792,False
782.7828,0.8042936031,0.8042936031,0.0002655591,False
783.7838,0.8042024598,0.8042024598,0.0002629644,False
784.7848,0.80411143,0.80411143,0.0002603951,False
785.7858,0.8040205135,0.8040205135,0.0002578508,False
786.7868,0.8039297099,0.8039297099,0.0002553312,False
787.7878,0.8038390189,0.8038390189,0.0002528362,False
788.7888,0.8037484404,0.8037484404,0.0002503656,False
789.7898,0.803657974,0.803657974,0.000247919,False
790.7908,0.8035676195,0.8035676195,0.0002454962,False
791.7918,0.8034773766,0.8034773766,0.000243097,False
792.7928,0.8033872451,0.8033872451,0.0002407213,False
793.7938,0.8032972247,0.8032972247,0.0002383687,False
794.7948,0.8032073151,0.8032073151,0.000236039,False
795.7958,0.8031175161,0.8031175161,0.000233732,False
796.7968,0.8030278274,0.8030278274,0.0002314475,False
797.7978,0.8029382487,0.8029382487,0.0002291852,False
798.7988,0.8028487798,0.8028487798,0.0002269451,False
799.7998,0.8027594205,0.8027594205,0.0002247267,False
800.8008,0.8026701705,0.8026701705,0.00022253,False
801.8018,0.8025810294,0.8025810294,0.0002203547,False
802.8028,0.8024919972,0.8024919972,0.0002182006,False
803.8038,0.8024030735,0.8024030735,0.0002160675,False
804.8048,0.802314258,0.802314258,0.0002139552,False
805.8058,0.8022255506,0.8022255506,0.0002118635,False
806.8068,0.802136951,0.802136951,0.0002097921,False
807.8078,0.8020484588,0.8020484588,0.000207741,False
808.8088,0.8019600739,0.8019600739,0.0002057099,False
809.8098,0.8018717961,0.8018717961,0.0002036986,False
810.8108,0.801783625,0.801783625,0.0002017069,False
811.8118,0.8016955605,0.8016955605,0.0001997346,False
812.8128,0.8016076022,0.8016076022,0.0001977815,False
813.8138,0.80151975,0.80151975,0.0001958475,False
814.8148,0.8014320035,0.8014320035,0.0001939324,False
815.8158,0.8013443626,0.8013443626,0.0001920359,False
816.8168,0.8012568271,0.8012568271,0.000190158,False
817.8178,0.8011693965,0.8011693965,0.0001882983,False
818.8188,0.8010820709,0.8010820709,0.0001864568,False
819.8198,0.8009948498,0.8009948498,0.0001846333,False
820.8208,0.800907733,0.800907733,0.0001828275,False
821.8218,0.8008207204,0.8008207204,0.0001810394,False
822.8228,0.8007338116,0.8007338116,0.0001792686,False
823.8238,0.8006470065,0.8006470065,0.0001775152,False
824.8248,0.8005603048,0.8005603048,0.0001757789,False
825.8258,0.8004737062,0.8004737062,0.0001740595,False
826.8268,0.8003872106,0.8003872106,0.0001723569,False
827.8278,0.8003008177,0.8003008177,0.0001706709,False
828.8288,0.8002145272,0.8002145272,0.0001690014,False
829.8298,0.800128339,0.800128339,0.0001673481,False
830.8308,0.8000422527,0.8000422527,0.000165711,False
831.8318,0.7999562683,0.7999562683,0.0001640898,False
832.8328,0.7998703854,0.7998703854,0.0001624845,False
833.8338,0.7997846038,0.7997846038,0.0001608948,False
834.8348,0.7996989233,0.7996989233,0.0001593207,False
835.8358,0.7996133436,0.7996133436,0.0001577619,False
836.8368,0.7995278646,0.7995278646,0.0001562183,False
837.8378,0.799442486,0.799442486,0.0001546898,False
838.8388,0.7993572076,0.7993572076,0.0001531762,False
839.8398,0.7992720291,0.7992720291,0.0001516774,False
840.8408,0.7991869504,0.7991869504,0.0001501932,False
841.8418,0.7991019712,0.7991019712,0.0001487235,False
842.8428,0.7990170913,0.7990170913,0.0001472682,False
843.8438,0.7989323104,0.7989323104,0.000145827,False
844.8448,0.7988476284,0.7988476284,0.0001443999,False
845.8458,0.798763045,0.798763045,0.0001429868,False
846.8468,0.7986785601,0.7986785601,0.0001415874,False
847.8478,0.7985941733,0.7985941733,0.0001402017,False
848.8488,0.7985098845,0.7985098845,0.0001388296,False
849.8498,0.7984256934,0.7984256934,0.0001374708,False
850.8509,0.7983415999,0.7983415999,0.0001361253,False
851.8519,0.7982576038,0.7982576038,0.000134793,False
852.8529,0.7981737047,0.7981737047,0.0001334736,False
853.8539,0.7980899025,0.7980899025,0.0001321671,False
854.8549,0.798006197,0.798006197,0.0001308734,False
855.8559,0.797922588,0.797922588,0.0001295923,False
856.8569,0.7978390753,0.7978390753,0.0001283238,False
857.8579,0.7977556585,0.7977556585,0.0001270676,False
858.8589,0.7976723377,0.7976723377,0.0001258237,False
859.8599,0.7975891124,0.7975891124,0.0001245919,False
860.8609,0.7975059826,0.7975059826,0.0001233722,False
861.8619,0.797422948,0.797422948,0.0001221644,False
862.8629,0.7973400083,0.7973400083,0.0001209683,False
863.8639,0.7972571635,0.7972571635,0.000119784,False
864.8649,0.7971744133,0.7971744133,0.0001186112,False
865.8659,0.7970917574,0.7970917574,0.0001174499,False
866.8669,0.7970091957,0.7970091957,0.0001162999,False
867.8679,0.796926728,0.796926728,0.0001151612,False
868.8689,0.796844354,0.796844354,0.0001140336,False
869.8699,0.7967620737,0.7967620737,0.000112917,False
870.8709,0.7966798866,0.7966798866,0.0001118113,False
871.8719,0.7965977928,0.7965977928,0.0001107164,False
872.8729,0.7965157918,0.7965157918,0.0001096322,False
873.8739,0.7964338837,0.7964338837,0.0001085586,False
874.8749,0.7963520681,0.7963520681,0.0001074955,False
875.8759,0.7962703448,0.7962703448,0.0001064428,False
876.8769,0.7961887138,0.7961887138,0.0001054003,False
877.8779,0.7961071746,0.7961071746,0.0001043681,False
878.8789,0.7960257273,0.7960257273,0.0001033459,False
879.8799,0.7959443715,0.7959443715,0.0001023338,False
880.8809,0.795863107,0.795863107,0.0001013315,False
881.8819,0.7957819338,0.7957819338,0.000100339,False
882.8829,0.7957008515,0.7957008515,9.93562e-05,False
883.8839,0.79561986,0.79561986,9.8383e-05,False
884.8849,0.7955389591,0.7955389591,9.74193e-05,False
885.8859,0.7954581486,0.7954581486,9.64651e-05,False
886.8869,0.7953774283,0.7953774283,9.55202e-05,False
887.8879,0.795296798,0.795296798,9.45845e-05,False
888.8889,0.7952162576,0.7952162576,9.36579e-05,False
889.8899,0.7951358067,0.7951358067,9.27404e-05,False
890.8909,0.7950554453,0.7950554453,9.18319e-05,False
891.8919,0.7949751732,0.7949751732,9.09323e-05,False
892.8929,0.7948949901,0.7948949901,9.00414e-05,False
893.8939,0.7948148959,0.7948148959,8.91593e-05,False
894.8949,0.7947348903,0.7947348903,8.82858e-05,False
895.8959,0.7946549733,0.7946549733,8.74208e-05,False
896.8969,0.7945751446,0.7945751446,8.65643e-05,False
897.8979,0.794495404,0.794495404,8.57161e-05,False
898.8989,0.7944157513,0.7944157513,8.48763e-05,False
899.8999,0.7943361864,0.7943361864,8.40446e-05,False
900.9009,0.7942567091,0.7942567091,8.32211e-05,False
901.9019,0.7941773191,0.7941773191,8.24057e-05,False
902.9029,0.7940980164,0.7940980164,8.15982e-05,False
903.9039,0.7940188006,0.7940188006,8.07986e-05,False
904.9049,0.7939396717,0.7939396717,8.00068e-05,False
905.9059,0.7938606295,0.7938606295,7.92228e-05,False
906.9069,0.7937816737,0.7937816737,7.84464e-05,False
907.9079,0.7937028043,0.7937028043,7.76777e-05,False
908.9089,0.7936240209,0.7936240209,7.69164e-05,False
909.9099,0.7935453235,0.7935453235,7.61626e-05,False
910.9109,0.7934667118,0.7934667118,7.54162e-05,False
911.9119,0.7933881858,0.7933881858,7.46771e-05,False
912.9129,0.7933097451,0.7933097451,7.39452e-05,False
913.9139,0.7932313896,0.7932313896,7.32204e-05,False
914.9149,0.7931531192,0.7931531192,7.25028e-05,False
915.9159,0.7930749337,0.7930749337,7.17921e-05,False
916.9169,0.7929968328,0.7929968328,7.10884e-05,False
917.9179,0.7929188165,0.7929188165,7.03916e-05,False
918.9189,0.7928408845,0.7928408845,6.97016e-05,False
919.9199,0.7927630367,0.7927630367,6.90184e-05,False
920.9209,0.7926852729,0.7926852729,6.83419e-05,False
921.9219,0.792607593,0.792607593,6.76719e-05,False
922.9229,0.7925299966,0.7925299966,6.70085e-05,False
923.9239,0.7924524838,0.7924524838,6.63517e-05,False
924.9249,0.7923750543,0.7923750543,6.57012e-05,False
925.9259,0.7922977079,0.7922977079,6.50571e-05,False
926.9269,0.7922204445,0.7922204445,6.44193e-05,False
927.9279,0.7921432638,0.7921432638,6.37877e-05,False
928.9289,0.7920661658,0.7920661658,6.31624e-05,False
929.9299,0.7919891503,0.7919891503,6.25431e-05,False
930.9309,0.7919122171,0.7919122171,6.19299e-05,False
931.9319,0.791835366,0.791835366,6.13227e-05,False
932.9329,0.7917585968,0.7917585968,6.07214e-05,False
933.9339,0.7916819094,0.7916819094,6.01261e-05,False
934.9349,0.7916053037,0.7916053037,5.95365e-05,False
935.9359,0.7915287794,0.7915287794,5.89527e-05,False
936.9369,0.7914523365,0.7914523365,5.83747e-05,False
937.9379,0.7913759746,0.7913759746,5.78023e-05,False
938.9389,0.7912996937,0.7912996937,5.72355e-05,False
939.9399,0.7912234936,0.7912234936,5.66742e-05,False
940.9409,0.7911473742,0.7911473742,5.61184e-05,False
941.9419,0.7910713352,0.7910713352,5.55681e-05,False
942.9429,0.7909953766,0.7909953766,5.50232e-05,False
943.9439,0.7909194981,0.7909194981,5.44836e-05,False
944.9449,0.7908436996,0.7908436996,5.39492e-05,False
945.9459,0.7907679809,0.7907679809,5.34201e-05,False
946.9469,0.7906923419,0.7906923419,5.28962e-05,False
947.9479,0.7906167824,0.7906167824,5.23774e-05,False
948.9489,0.7905413022,0.7905413022,5.18637e-05,False
949.9499,0.7904659013,0.7904659013,5.13551e-05,False
950.951,0.7903905793,0.7903905793,5.08514e-05,False
951.952,0.7903153363,0.7903153363,5.03526e-05,False
952.953,0.7902401719,0.7902401719,4.98587e-05,False
953.954,0.7901650862,0.7901650862,4.93696e-05,False
954.955,0.7900900788,0.7900900788,4.88854e-05,False
955.956,0.7900151497,0.7900151497,4.84059e-05,False
956.957,0.7899402986,0.7899402986,4.7931e-05,False
957.958,0.7898655255,0.7898655255,4.74609e-05,False
958.959,0.7897908302,0.7897908302,4.69953e-05,False
959.96,0.7897162125,0.7897162125,4.65343e-05,False
960.961,0.7896416723,0.7896416723,4.60778e-05,False
961.962,0.7895672094,0.7895672094,4.56257e-05,False
962.963,0.7894928237,0.7894928237,4.51781e-05,False
963.964,0.789418515,0.789418515,4.47349e-05,False
964.965,0.7893442832,0.7893442832,4.4296e-05,False
965.966,0.789270128,0.789270128,4.38614e-05,False
966.967,0.7891960495,0.7891960495,4.34311e-05,False
967.968,0.7891220473,0.7891220473,4.3005e-05,False
968.969,0.7890481214,0.7890481214,4.25831e-05,False
969.97,0.7889742716,0.7889742716,4.21653e-05,False
970.971,0.7889004977,0.7889004977,4.17515e-05,False
971.972,0.7888267997,0.7888267997,4.13419e-05,False
972.973,0.7887531773,0.7887531773,4.09362e-05,False
973.974,0.7886796305,0.7886796305,4.05346e-05,False
974.975,0.788606159,0.788606159,4.01368e-05,False
975.976,0.7885327627,0.7885327627,3.9743e-05,False
976.977,0.7884594415,0.7884594415,3.9353e-05,False
977.978,0.7883861953,0.7883861953,3.89668e-05,False
978.979,0.7883130238,0.7883130238,3.85844e-05,False
979.98,0.7882399269,0.7882399269,3.82058e-05,False
980.981,0.7881669045,0.7881669045,3.78308e-05,False
981.982,0.7880939565,0.7880939565,3.74596e-05,False
982.983,0.7880210827,0.7880210827,3.7092e-05,False
983.984,0.7879482829,0.7879482829,3.67279e-05,False
984.985,0.7878755571,0.7878755571,3.63675e-05,False
985.986,0.787802905,0.787802905,3.60106e-05,False
986.987,0.7877303265,0.7877303265,3.56571e-05,False
987.988,0.7876578215,0.7876578215,3.53072e-05,False
988.989,0.7875853899,0.7875853899,3.49606e-05,False
989.99,0.7875130314,0.7875130314,3.46175e-05,False
990.991,0.7874407461,0.7874407461,3.42777e-05,False
991.992,0.7873685336,0.7873685336,3.39413e-05,False
992.993,0.7872963939,0.7872963939,3.36081e-05,False
993.994,0.7872243269,0.7872243269,3.32782e-05,False
994.995,0.7871523323,0.7871523323,3.29516e-05,False
995.996,0.7870804101,0.7870804101,3.26281e-05,False
996.997,0.7870085602,0.7870085602,3.23078e-05,False
997.998,0.7869367823,0.7869367823,3.19907e-05,False
998.999,0.7868650763,0.7868650763,3.16767e-05,False
1000.0,0.7867934422,0.7867934422,3.13657e-05,False
