z,s_gamma_kB_m3,s_tilde_kB_m3,n_b_m3,sigma_kB_per_baryon
0.0,1479261786.859924,1479261786.859924,0.251,5893473254.422009
1.001,11851872100.064302,94957412896.10143,2.011017,5893473254.422009
2.002,40020081713.76581,1082706897861.7194,6.790577,5893473254.42201
3.003,94886141403.60086,6086400602273.311,16.100207,5893473254.42201
4.004,185352301945.20572,23224743680639.625,31.450436,5893473254.422009
5.005,320320814114.2169,69362586707927.09,54.351789,5893473254.422011
6.006,508693928686.27075,174931520154773.16,86.314794,5893473254.42201
7.007,759373896437.0034,389821950186374.7,128.849978,5893473254.422007
8.008,1081262968142.0524,790346655785051.1,183.467867,5893473254.422012
9.009,1483263394577.051,1487275827196480.2,251.67899,5893473254.422007
10.01,1974277426517.6396,2634943585699618.5,334.993872,5893473254.422009
11.011,2563207314739.453,4441425984700283.0,434.923042,5893473254.422007
12.012,3258955310018.125,7179790492148401.0,552.977025,5893473254.422006
13.013,4070423663129.2983,1.120041695427899e+16,690.66635,5893473254.42201
14.014,5006514624848.6045,1.6944390040676728e+16,849.501543,5893473254.42201
15.015,6076130445951.68,2.4957963170664224e+16,1030.993131,5893473254.422011
16.016,7288173377214.16,3.590809392101406e+16,1236.651642,5893473254.42201
17.017,8651545669411.68,5.059905091498433e+16,1467.987602,5893473254.422008
18.018,10175149573319.89,6.999009219267812e+16,1726.511538,5893473254.422012
19.019,11867887339714.404,9.521421506272616e+16,2013.733978,5893473254.42201
20.02,13738661219370.873,1.275979774352939e+17,2331.165448,5893473254.422009
21.021,15796373463064.938,1.6868239063641174e+17,2680.316476,5893473254.422009
22.022,18049926321572.227,2.2024488370362858e+17,3062.697588,5893473254.42201
23.023,20508222045668.363,2.8432233916298998e+17,3479.819312,5893473254.422009
24.024,23180162886129.016,3.6323520028733984e+17,3933.192175,5893473254.422011
25.025,26074651093729.78,4.5961264983594426e+17,4424.326703,5893473254.422009
26.026,29200588919246.324,5.7641886027544186e+17,4954.733424,5893473254.422009
27.027,32566878613454.297,7.169803154821155e+17,5525.922865,5893473254.422012
28.028,36182422427129.28,8.850142039254861e+17,6139.405553,5893473254.42201
29.029,40056122611046.96,1.0846578833332371e+18,6796.692015,5893473254.422009
30.03,44196881415982.97,1.3204994168374536e+18,7499.292778,5893473254.422011
31.031,48613601092712.9,1.5976091806021906e+18,8248.718369,5893473254.422009
32.032,53315183892012.445,1.9215725429323674e+18,9046.479315,5893473254.42201
33.033,58310532064657.21,2.2985236148639744e+18,9894.086144,5893473254.422013
34.034,63608547861422.78,2.735180072235615e+18,10793.049381,5893473254.422008
35.035,69218133533084.914,3.238879049241379e+18,11744.879555,5893473254.422009
36.036,75148191330419.17,3.817614103465001e+18,12751.087192,5893473254.42201
37.037,81407623504201.2,4.4800732523953997e+18,13813.182819,5893473254.422011
38.038,88005332305206.61,5.235678081423482e+18,14932.676964,5893473254.422009
39.039,94950219984211.06,6.09462392332033e+18,16111.080153,5893473254.422009
40.04,102251188791990.23,7.067921109196658e+18,17349.902914,5893473254.42201
41.041,109917140979319.75,8.167437290943627e+18,18650.655774,5893473254.42201
42.042,117956978796975.2,9.405940835154958e+18,20014.849259,5893473254.422011
43.043,126379604495732.12,1.0797145288530391e+19,21443.993896,5893473254.422009
44.044,135193920326366.38,1.2355754914760493e+19,22939.600214,5893473254.422009
45.045,144408828539653.44,1.40975113028927e+19,24503.178738,5893473254.422008
46.046,154033231386369.12,1.6039241047178777e+19,26136.239996,5893473254.422011
47.047,164076031117288.8,1.8198904498403535e+19,27840.294515,5893473254.42201
48.048,174546129983188.28,2.059564558669493e+19,29616.852821,5893473254.422009
49.049,185452430234843.2,2.324984271581546e+19,31467.425443,5893473254.422009
50.0501,196803834123029.1,2.6183160728934842e+19,33393.522907,5893473254.422009
51.0511,208609243898521.7,2.941860394588409e+19,35396.65574,5893473254.422008
52.0521,220877561812096.72,3.2980570271890883e+19,37478.334469,5893473254.42201
53.0531,233617690114529.66,3.689490637779617e+19,39640.069621,5893473254.422011
54.0541,246838531056596.28,4.1188963951752356e+19,41883.371723,5893473254.422012
55.0551,260548986889071.66,4.589165702240233e+19,44209.751303,5893473254.422007
56.0561,274757959862732.47,5.103352035354068e+19,46620.718887,5893473254.42201
57.0571,289474352228353.75,5.664676891025493e+19,49117.785002,5893473254.422015
58.0581,304707066236710.6,6.276535839654938e+19,51702.460176,5893473254.422006
59.0591,320465004138579.6,6.942504686444971e+19,54376.254936,5893473254.422009
60.0601,336757068184736.06,7.666345739458871e+19,57140.679807,5893473254.422009
61.0611,353592160625955.5,8.452014184827362e+19,59997.245319,5893473254.42201
62.0621,370979183713013.6,9.303664569103486e+19,62947.461997,5893473254.42201
63.0631,388927039696685.94,1.0225657388765574e+20,65992.840369,5893473254.422009
64.0641,407444630827748.1,1.12225657868684e+20,69134.890961,5893473254.422007
65.0651,426540859356976.3,1.2299182356842426e+20,72375.124302,5893473254.422009
66.0661,446224627535145.6,1.3460526053441162e+20,75715.050917,5893473254.422011
67.0671,466504837613031.7,1.4711849210836723e+20,79156.181334,5893473254.422011
68.0681,487390391841410.3,1.605864466786349e+20,82700.02608,5893473254.422012
69.0691,508890192471056.8,1.7506653000409845e+20,86348.095682,5893473254.422009
70.0701,531013141752747.0,1.906186986095816e+20,90101.900667,5893473254.422008
71.0711,553768141937257.0,2.0730553425272825e+20,93962.951562,5893473254.422009
72.0721,577164095275362.1,2.2519231946236382e+20,97932.758894,5893473254.422011
73.0731,601209904017837.9,2.4434711414833883e+20,102012.833191,5893473254.422012
74.0741,625914470415459.5,2.648408332828534e+20,106204.684979,5893473254.422009
75.0751,651286696719003.4,2.8674732565326335e+20,110509.824785,5893473254.42201
76.0761,677335485179244.5,3.101434536863665e+20,114929.763136,5893473254.422008
77.0771,704069738046959.4,3.351091743441721e+20,119466.01056,5893473254.42201
78.0781,731498357572923.0,3.6172762109114974e+20,124120.077583,5893473254.42201
79.0791,759630246007911.0,3.9008518693296085e+20,128893.474733,5893473254.42201
80.0801,788474305602699.0,4.2027160852667125e+20,133787.712536,5893473254.422009
81.0811,818039438608063.4,4.523800513624455e+20,138804.30152,5893473254.422009
82.0821,848334547274778.6,4.8650719601671936e+20,143944.752212,5893473254.422009
83.0831,879368533853621.1,5.227533254768598e+20,149210.575138,5893473254.422009
84.0841,911150300595366.4,5.6122241353730025e+20,154603.280826,5893473254.422011
85.0851,943688749750789.9,6.020222142671608e+20,160124.379803,5893473254.422011
86.0861,976992783570667.6,6.45264352549348e+20,165775.382596,5893473254.422014
87.0871,1011071304305773.5,6.910644156911353e+20,171557.799732,5893473254.422008
88.0881,1045933214206886.1,7.395420461062308e+20,177473.141737,5893473254.42201
89.0891,1081587415524778.9,7.908210350683151e+20,183522.91914,5893473254.422009
90.0901,1118042810510228.8,8.45029417536072e+20,189708.642467,5893473254.42201
91.0911,1155308301414010.5,9.022995680496922e+20,196031.822245,5893473254.422011
92.0921,1193392790486899.5,9.627682976988636e+20,202493.969001,5893473254.422009
93.0931,1232305179979673.2,1.0265769521622425e+21,209096.593262,5893473254.422013
94.0941,1272054372143105.2,1.0938715108183979e+21,215841.205555,5893473254.422014
95.0951,1312649269227970.2,1.1648026869282503e+21,222729.316408,5893473254.42201
96.0961,1354098773485047.8,1.2395260288889882e+21,229762.436348,5893473254.42201
97.0971,1396411787165110.0,1.3182020225594494e+21,236942.0759,5893473254.422008
98.0981,1439597212518935.2,1.4009961946570128e+21,244269.745593,5893473254.422013
99.0991,1483663951797297.0,1.4880792172259466e+21,251746.955954,5893473254.422012
100.1001,1528620907250970.5,1.5796270131772478e+21,259375.217509,5893473254.422009
101.1011,1574476981130733.5,1.6758208628999696e+21,267156.040786,5893473254.422008
102.1021,1621241075687360.8,1.7768475119440128e+21,275090.936312,5893473254.422008
103.1031,1668922093171627.8,1.8828992797744164e+21,283181.414613,5893473254.422009
104.1041,1717528935834310.2,1.994174169597118e+21,291428.986217,5893473254.422008
105.1051,1767070505926183.8,2.110875979256199e+21,299835.161651,5893473254.422012
106.1061,1817555705698024.5,2.2332144132026178e+21,308401.451442,5893473254.422012
107.1071,1868993437400605.2,2.361405195534403e+21,317129.366117,5893473254.422009
108.1081,1921392603284706.8,2.4956701841083686e+21,326020.416202,5893473254.422011
109.1091,1974762105601099.5,2.6362374857232503e+21,335076.112226,5893473254.422008
110.1101,2029110846600563.8,2.7833415723743927e+21,344297.964715,5893473254.42201
111.1111,2084447728533871.8,2.937223398579855e+21,353687.484196,5893473254.42201
112.1121,2140781653651801.5,3.0981305197780465e+21,363246.181196,5893473254.422012
113.1131,2198121524205124.8,3.2663172117968013e+21,372975.566243,5893473254.422007
114.1141,2256476242444621.5,3.442044591393981e+21,382877.149863,5893473254.42201
115.1151,2315854710621064.0,3.62558073786951e+21,392952.442583,5893473254.422007
116.1161,2376265830985232.5,3.8172008157489387e+21,403202.95493,5893473254.42201
117.1171,2437718505787898.0,4.0171871985384366e+21,413630.197432,5893473254.42201
118.1181,2500221637279837.0,4.2258295935513165e+21,424235.680616,5893473254.422009
119.1191,2563784127711828.0,4.443425167806023e+21,435020.915008,5893473254.422011
120.1201,2628414879334640.5,4.670278674995565e+21,445987.411135,5893473254.422003
121.1211,2694122794399059.0,4.906702583528512e+21,457136.679526,5893473254.42201
122.1221,2760916775155852.5,5.153017205641372e+21,468470.230706,5893473254.422009
123.1231,2828805723855798.5,5.40955082758254e+21,479989.575202,5893473254.422008
124.1241,2897798542749673.0,5.676639840867658e+21,491696.223543,5893473254.422009
125.1251,2967904134088251.0,5.954628874606512e+21,503591.686254,5893473254.42201
126.1261,3039131400122309.0,6.243870928901376e+21,515677.473863,5893473254.422009
127.1271,3111489243102621.5,6.544727509316835e+21,527955.096898,5893473254.422009
128.1281,3184986565279964.0,6.857568762421115e+21,540426.065884,5893473254.42201
129.1291,3259632268905114.0,7.182773612398894e+21,553091.891349,5893473254.422009
130.1301,3335435256228843.5,7.520729898735526e+21,565954.083821,5893473254.422009
131.1311,3412404429501932.5,7.871834514972882e+21,579014.153825,5893473254.422007
132.1321,3490548690975155.0,8.236493548536517e+21,592273.61189,5893473254.42201
133.1331,3569876942899286.0,8.615122421634436e+21,605733.968542,5893473254.422008
134.1341,3650398087525101.5,9.008146033227273e+21,619396.734309,5893473254.422011
135.1351,3732121027103377.5,9.415998902070011e+21,633263.419717,5893473254.422009
136.1361,3815054663884889.5,9.839125310825097e+21,647335.535293,5893473254.422013
137.1371,3899207900120412.5,1.0277979451247143e+22,661614.591564,5893473254.42201
138.1381,3984589638060720.5,1.0733025570439008e+22,676102.099059,5893473254.422009
139.1391,4071208779956594.5,1.1204738118179464e+22,690799.568302,5893473254.422009
140.1401,4159074228058801.5,1.1693601895322206e+22,705708.509823,5893473254.422007
141.1411,4248194884618129.0,1.2200112203266546e+22,720830.434147,5893473254.422008
142.1421,4338579651885341.5,1.272477499449931e+22,736166.851802,5893473254.422009
143.1431,4430237432111223.5,1.3268107024208545e+22,751719.273314,5893473254.422009
144.1441,4523177127546544.0,1.3830636002968376e+22,767489.209212,5893473254.42201
145.1451,4617407640442084.0,1.4412900750495639e+22,783478.170021,5893473254.422013
146.1461,4712937873048608.0,1.5015451350477723e+22,799687.666269,5893473254.422009
147.1471,4809776727616905.0,1.5638849306472227e+22,816119.208483,5893473254.422007
148.1481,4907933106397749.0,1.628366769887769e+22,832774.307191,5893473254.422012
149.1491,5007415911641906.0,1.6950491342976124e+22,849654.472918,5893473254.422009
150.1502,5108234045600160.0,1.7639916948046932e+22,866761.216192,5893473254.42201
151.1512,5210396410523287.0,1.835255327755228e+22,884096.047541,5893473254.422012
152.1522,5313911908662053.0,1.908902131039385e+22,901660.477491,5893473254.422009
153.1532,5418789442267247.0,1.984995440324146e+22,919456.016569,5893473254.422009
154.1542,5525037913589633.0,2.0635998453932545e+22,937484.175303,5893473254.422009
155.1552,5632666224879999.0,2.1447812065943815e+22,955746.464218,5893473254.42201
156.1562,5741683278389107.0,2.228606671393372e+22,974244.393844,5893473254.422009
157.1572,5852097976367744.0,2.315144691035704e+22,992979.474706,5893473254.42201
158.1582,5963919221066676.0,2.4044650373150363e+22,1011953.217331,5893473254.422009
159.1592,6077155914736690.0,2.4966388194489538e+22,1031167.132247,5893473254.422012
160.1602,6191816959628544.0,2.5917385010618185e+22,1050622.729981,5893473254.422008
161.1612,6307911257993038.0,2.6898379172748213e+22,1070321.521059,5893473254.422011
162.1622,6425447712080928.0,2.7910122919031063e+22,1090265.016009,5893473254.42201
163.1632,6544435224142991.0,2.8953382547601217e+22,1110454.725358,5893473254.422008
164.1642,6664882696430015.0,3.002893859069081e+22,1130892.159633,5893473254.422009
165.1652,6786799031192763.0,3.113758598981551e+22,1151578.82936,5893473254.422009
166.1662,6910193130682022.0,3.228013427203245e+22,1172516.245068,5893473254.42201
167.1672,7035073897148555.0,3.3457407727268994e+22,1193705.917282,5893473254.422009
168.1682,7161450232843151.0,3.467024558672363e+22,1215149.356531,5893473254.42201
169.1692,7289331040016571.0,3.5919502202337703e+22,1236848.073341,5893473254.422009
170.1702,7418725220919607.0,3.7206047227339287e+22,1258803.578239,5893473254.422011
171.1712,7549641677803021.0,3.85307657978578e+22,1281017.381752,5893473254.422012
172.1722,7682089312917591.0,3.9894558715610845e+22,1303490.994407,5893473254.422009
173.1732,7816077028514099.0,4.129834263166204e+22,1326225.926732,5893473254.422011
174.1742,7951613726843316.0,4.274305023125046e+22,1349223.689253,5893473254.422009
175.1752,8088708310156020.0,4.422963041969157e+22,1372485.792497,5893473254.422011
176.1762,8227369680702984.0,4.57590485093498e+22,1396013.746992,5893473254.422009
177.1772,8367606740734986.0,4.7332286407682116e+22,1419809.063264,5893473254.422011
178.1782,8509428392502796.0,4.895034280635378e+22,1443873.251841,5893473254.422008
179.1792,8652843538257197.0,5.061423337142499e+22,1468207.82325,5893473254.422009
180.1802,8797861080248966.0,5.23249909346093e+22,1492814.288017,5893473254.42201
181.1812,8944489920728866.0,5.408366568560327e+22,1517694.15667,5893473254.422009
182.1822,9092738961947694.0,5.589132536548828e+22,1542848.939736,5893473254.422012
183.1832,9242617106156200.0,5.774905546120244e+22,1568280.147742,5893473254.42201
184.1842,9394133255605176.0,5.9657959401085855e+22,1593989.291214,5893473254.422011
185.1852,9547296312545396.0,6.16191587514957e+22,1619977.88068,5893473254.422011
186.1862,9702115179227628.0,6.363379341449367e+22,1646247.426668,5893473254.422008
187.1872,9858598757902666.0,6.570302182660473e+22,1672799.439703,5893473254.422013
188.1882,1.0016755950821258e+16,6.782802115864712e+22,1699635.430314,5893473254.422009
189.1892,1.0176595660234202e+16,7.0009987516634375e+22,1726756.909026,5893473254.42201
190.1902,1.0338126788392264e+16,7.22501361437482e+22,1754165.386368,5893473254.422009
191.1912,1.0501358237546216e+16,7.454970162338306e+22,1781862.372866,5893473254.422006
192.1922,1.0666298909946854e+16,7.690993808326279e+22,1809849.379047,5893473254.422009
193.1932,1.0832957707844928e+16,7.933211940062736e+22,1838127.915439,5893473254.422006
194.1942,1.1001343533491232e+16,8.181753940849282e+22,1866699.492568,5893473254.422009
195.1952,1.1171465289136536e+16,8.43675121029813e+22,1895565.620961,5893473254.422011
196.1962,1.1343331877031604e+16,8.698337185172321e+22,1924727.811146,5893473254.42201
197.1972,1.1516952199427226e+16,8.966647360333098e+22,1954187.57365,5893473254.422009
198.1982,1.1692335158574174e+16,9.24181930979437e+22,1983946.418999,5893473254.42201
199.1992,1.1869489656723232e+16,9.5239927078844e+22,2014005.85772,5893473254.422014
200.2002,1.2048424596125152e+16,9.813309350514541e+22,2044367.400342,5893473254.422013
201.2012,1.222914887903072e+16,1.0109913176555263e+23,2075032.55739,5893473254.422009
202.2022,1.241167140769072e+16,1.0413950289319193e+23,2106002.839392,5893473254.42201
203.2032,1.2596001084355938e+16,1.0725568978151385e+23,2137279.756874,5893473254.422011
204.2042,1.2782146811277116e+16,1.1044919740126636e+23,2168864.820365,5893473254.422008
205.2052,1.2970117490705062e+16,1.1372155301854154e+23,2200759.54039,5893473254.422009
206.2062,1.3159922024890534e+16,1.1707430641389118e+23,2232965.427478,5893473254.42201
207.2072,1.3351569316084314e+16,1.205090301025159e+23,2265483.992155,5893473254.42201
208.2082,1.3545068266537168e+16,1.2402731955552467e+23,2298316.744947,5893473254.422006
209.2092,1.3740427778499894e+16,1.2763079342226626e+23,2331465.196383,5893473254.422011
210.2102,1.393765675422324e+16,1.313210937537316e+23,2364930.856989,5893473254.422009
211.2112,1.4136764095957994e+16,1.3509988622702875e+23,2398715.237293,5893473254.422011
212.2122,1.433775870595494e+16,1.3896886037092825e+23,2432819.84782,5893473254.422012
213.2132,1.454064948646485e+16,1.4292972979248012e+23,2467246.199099,5893473254.422013
214.2142,1.4745445339738468e+16,1.4698423240470278e+23,2501995.801656,5893473254.422008
215.2152,1.4952155168026626e+16,1.5113413065534387e+23,2537070.166019,5893473254.422011
216.2162,1.5160787873580062e+16,1.5538121175671075e+23,2572470.802715,5893473254.422012
217.2172,1.5371352358649554e+16,1.597272879165743e+23,2608199.222269,5893473254.422009
218.2182,1.5583857525485884e+16,1.641741965701436e+23,2644256.935211,5893473254.422008
219.2192,1.5798312276339844e+16,1.6872380061311237e+23,2680645.452066,5893473254.422009
220.2202,1.6014725513462178e+16,1.7337798863577514e+23,2717366.283362,5893473254.422009
221.2212,1.6233106139103684e+16,1.781386751582183e+23,2754420.939626,5893473254.422012
222.2222,1.6453463055515124e+16,1.8300780086657914e+23,2791810.931384,5893473254.42201
223.2232,1.6675805164947302e+16,1.8798733285037888e+23,2829537.769164,5893473254.422015
224.2242,1.6900141369650948e+16,1.9307926484092505e+23,2867602.963494,5893473254.422013
225.2252,1.7126480571876862e+16,1.9828561745078765e+23,2906008.024899,5893473254.422011
226.2262,1.7354831673875818e+16,2.0360843841434536e+23,2944754.463907,5893473254.422009
227.2272,1.7585203577898594e+16,2.0904980282940304e+23,2983843.791045,5893473254.422006
228.2282,1.7817605186195978e+16,2.146118133998818e+23,3023277.516841,5893473254.422009
229.2292,1.8052045401018716e+16,2.202966006795788e+23,3063057.15182,5893473254.422009
230.2302,1.82885331246176e+16,2.2610632331700152e+23,3103184.206511,5893473254.422006
231.2312,1.852707725924342e+16,2.3204316830126983e+23,3143660.19144,5893473254.422011
232.2322,1.8767686707146932e+16,2.381093512090926e+23,3184486.617134,5893473254.422009
233.2332,1.901037037057892e+16,2.443071164528135e+23,3225664.994121,5893473254.422015
234.2342,1.9255137151790144e+16,2.506387375295305e+23,3267196.832927,5893473254.422012
235.2352,1.950199595303139e+16,2.5710651727128485e+23,3309083.64408,5893473254.42201
236.2362,1.9750955676553452e+16,2.6371278809632277e+23,3351326.938106,5893473254.422009
237.2372,2.000202522460707e+16,2.704599122614274e+23,3393928.225533,5893473254.422009
238.2382,2.0255213499443056e+16,2.773502821153252e+23,3436889.016887,5893473254.42201
239.2392,2.0510529403312144e+16,2.8438632035315848e+23,3480210.822697,5893473254.422009
240.2402,2.076798183846516e+16,2.9157048027203624e+23,3523895.153487,5893473254.42201
241.2412,2.1027579707152836e+16,2.9890524602764943e+23,3567943.519787,5893473254.422006
242.2422,2.128933191162599e+16,3.063931328919638e+23,3612357.432122,5893473254.422011
243.2432,2.155324735413535e+16,3.140366875119793e+23,3657138.401021,5893473254.422013
244.2442,2.181933493693172e+16,3.218384881695661e+23,3702287.937009,5893473254.422011
245.2452,2.2087603562265864e+16,3.298011450423662e+23,3747807.550614,5893473254.422009
246.2462,2.2358062132388576e+16,3.379273004657716e+23,3793698.752364,5893473254.422011
247.2472,2.263071954955061e+16,3.4621962919597086e+23,3839963.052784,5893473254.422007
248.2482,2.290558471600276e+16,3.5468083867406867e+23,3886601.962402,5893473254.422008
249.2492,2.3182666533995796e+16,3.6331366929127594e+23,3933616.991746,5893473254.422011
250.2503,2.3461973905780476e+16,3.721208946551723e+23,3981009.651342,5893473254.422013
251.2513,2.3743515733607576e+16,3.811053218570395e+23,4028781.451717,5893473254.422007
252.2523,2.402730091972793e+16,3.9026979174026726e+23,4076933.903399,5893473254.422011
253.2533,2.4313338366392236e+16,3.9961717916982686e+23,4125468.516914,5893473254.42201
254.2543,2.4601636975851304e+16,4.091503933028228e+23,4174386.802789,5893473254.422007
255.2553,2.4892205650355924e+16,4.1887237786010985e+23,4223690.271552,5893473254.422009
256.2563,2.5185053292156856e+16,4.287861113989847e+23,4273380.43373,5893473254.422012
257.2573,2.548018880350485e+16,4.38894607586948e+23,4323458.799849,5893473254.422009
258.2583,2.5777621086650744e+16,4.492009154765405e+23,4373926.880437,5893473254.42201
259.2593,2.6077359043845252e+16,4.597081197812431e+23,4424786.18602,5893473254.422009
260.2603,2.6379411577339176e+16,4.704193411524598e+23,4476038.227126,5893473254.422009
261.2613,2.66837875893833e+16,4.813377364575629e+23,4527684.514282,5893473254.42201
262.2623,2.6990495982228412e+16,4.924664990590135e+23,4579726.558015,5893473254.422013
263.2633,2.729954565812522e+16,5.0380885909454964e+23,4632165.868852,5893473254.422011
264.2643,2.7610945519324536e+16,5.153680837584556e+23,4685003.95732,5893473254.422006
265.2653,2.792470446807717e+16,5.2714747758389155e+23,4738242.333945,5893473254.422006
266.2663,2.8240831406633896e+16,5.3915038272630065e+23,4791882.509256,5893473254.422008
267.2673,2.855933523724544e+16,5.513801792478834e+23,4845925.993779,5893473254.422008
268.2683,2.888022486216262e+16,5.6384028540315155e+23,4900374.298041,5893473254.422011
269.2693,2.9203509183636176e+16,5.765341579255443e+23,4955228.932569,5893473254.42201
270.2703,2.9529197103916924e+16,5.894652923151224e+23,5010491.407891,5893473254.422009
271.2713,2.9857297525255612e+16,6.026372231273283e+23,5066163.234533,5893473254.422011
272.2723,3.0187819349903012e+16,6.160535242628237e+23,5122245.923022,5893473254.422011
273.2733,3.0520771480109904e+16,6.297178092583947e+23,5178740.983886,5893473254.42201
274.2743,3.0856162818127092e+16,6.436337315789298e+23,5235649.927651,5893473254.42201
275.2753,3.119400226620533e+16,6.578049849104667e+23,5292974.264845,5893473254.422013
276.2763,3.153429872659535e+16,6.72235303454315e+23,5350715.505994,5893473254.422008
277.2773,3.187706110154799e+16,6.869284622222491e+23,5408875.161626,5893473254.422008
278.2783,3.222229829331405e+16,7.018882773327714e+23,5467454.742267,5893473254.422009
279.2793,3.2570019204144224e+16,7.171186063084413e+23,5526455.758445,5893473254.42201
280.2803,3.2920232736289304e+16,7.326233483742909e+23,5585879.720687,5893473254.422007
281.2813,3.327294779200012e+16,7.484064447572992e+23,5645728.13952,5893473254.422009
282.2823,3.362817327352744e+16,7.6447187898694e+23,5706002.525471,5893473254.422011
283.2833,3.398591808312195e+16,7.808236771968007e+23,5766704.389067,5893473254.422008
284.2843,3.4346191123034532e+16,7.974659084272833e+23,5827835.240834,5893473254.42201
285.2853,3.4709001295515908e+16,8.144026849293598e+23,5889396.591301,5893473254.422009
286.2863,3.5074357502816892e+16,8.316381624694125e+23,5951389.950994,5893473254.422011
287.2873,3.5442268647188184e+16,8.491765406351348e+23,6013816.83044,5893473254.422009
288.2883,3.581274363088064e+16,8.670220631425195e+23,6076678.740166,5893473254.42201
289.2893,3.618579135614501e+16,8.851790181438999e+23,6139977.190699,5893473254.42201
290.2903,3.6561420725232024e+16,9.03651738537072e+23,6203713.692566,5893473254.422007
291.2913,3.6939640640392536e+16,9.224446022754941e+23,6267889.756295,5893473254.42201
292.2923,3.732046000387726e+16,9.415620326795424e+23,6332506.892413,5893473254.422009
293.2933,3.770388771793703e+16,9.610084987488538e+23,6397566.611445,5893473254.42201
294.2943,3.8089932684822536e+16,9.807885154757244e+23,6463070.423921,5893473254.422007
295.2953,3.847860380678464e+16,1.0009066441596005e+24,6529019.840365,5893473254.422009
296.2963,3.886990998607408e+16,1.021367492722618e+24,6595416.371307,5893473254.422012
297.2973,3.926386012494164e+16,1.0421757160262295e+24,6662261.527272,5893473254.422011
298.2983,3.966046312563806e+16,1.0633360161888937e+24,6729556.818788,5893473254.422011
299.2993,4.005972789041416e+16,1.0848531429048449e+24,6797303.756381,5893473254.42201
300.3003,4.04616633215207e+16,1.1067318937639257e+24,6865503.850579,5893473254.422012
301.3013,4.086627832120847e+16,1.1289771145724965e+24,6934158.611909,5893473254.422012
302.3023,4.127358179172821e+16,1.1515936996754097e+24,7003269.550898,5893473254.422012
303.3033,4.168358263533069e+16,1.1745865922790674e+24,7072838.178073,5893473254.422009
304.3043,4.209628975426674e+16,1.1979607847755403e+24,7142866.003961,5893473254.422008
305.3053,4.251171205078714e+16,1.2217213190677608e+24,7213354.539089,5893473254.422009
306.3063,4.29298584271426e+16,1.2458732868957856e+24,7284305.293985,5893473254.422009
307.3073,4.335073778558393e+16,1.2704218301641357e+24,7355719.779174,5893473254.422009
308.3083,4.3774359028361896e+16,1.2953721412702043e+24,7427599.505184,5893473254.422008
309.3093,4.420073105772731e+16,1.3207294634337381e+24,7499945.982543,5893473254.422008
310.3103,4.462986277593093e+16,1.3464990910273788e+24,7572760.721777,5893473254.42201
311.3113,4.50617630852235e+16,1.3726863699082972e+24,7646045.233414,5893473254.422011
312.3123,4.54964408878558e+16,1.399296697750879e+24,7719801.027979,5893473254.422009
313.3133,4.593390508607867e+16,1.4263355243804985e+24,7794029.616002,5893473254.422011
314.3143,4.63741645821428e+16,1.4538083521083418e+24,7868732.508007,5893473254.422009
315.3153,4.681722827829903e+16,1.4817207360673298e+24,7943911.214524,5893473254.422013
316.3163,4.726310507679807e+16,1.5100782845490893e+24,8019567.246078,5893473254.42201
317.3173,4.7711803879890776e+16,1.538886659342009e+24,8095702.113196,5893473254.422009
318.3183,4.816333358982789e+16,1.5681515760703564e+24,8172317.326407,5893473254.422012
319.3193,4.861770310886012e+16,1.597878804534475e+24,8249414.396236,5893473254.422008
320.3203,4.907492133923835e+16,1.6280741690520562e+24,8326994.833211,5893473254.422009
321.3213,4.953499718321333e+16,1.6587435488004683e+24,8405060.147859,5893473254.42201
322.3223,4.999793954303579e+16,1.6898928781601615e+24,8483611.850706,5893473254.422011
323.3233,5.046375732095652e+16,1.7215281470591627e+24,8562651.452281,5893473254.422012
324.3243,5.093245941922633e+16,1.7536554013186177e+24,8642180.46311,5893473254.42201
325.3253,5.140405474009596e+16,1.7862807429994098e+24,8722200.39372,5893473254.422013
326.3263,5.187855218581616e+16,1.8194103307498644e+24,8802712.754638,5893473254.42201
327.3273,5.235596065863776e+16,1.8530503801545116e+24,8883719.056391,5893473254.422009
328.3283,5.283628906081157e+16,1.8872071640839238e+24,8965220.809506,5893473254.422011
329.3293,5.331954629458821e+16,1.9218870130456135e+24,9047219.524511,5893473254.422006
330.3303,5.380574126221864e+16,1.9570963155360409e+24,9129716.711932,5893473254.422007
331.3313,5.429488286595355e+16,1.9928415183936373e+24,9212713.882296,5893473254.42201
332.3323,5.478698000804372e+16,2.0291291271529438e+24,9296212.546131,5893473254.422009
333.3333,5.528204159073993e+16,2.0659657063998027e+24,9380214.213963,5893473254.422012
334.3343,5.57800765162929e+16,2.1033578801276237e+24,9464720.39632,5893473254.422007
335.3353,5.62810936869535e+16,2.1413123320947273e+24,9549732.603728,5893473254.42201
336.3363,5.678510200497248e+16,2.179835806182744e+24,9635252.346715,5893473254.422009
337.3373,5.729211037260057e+16,2.2189351067561e+24,9721281.135808,5893473254.422009
338.3383,5.7802127692088584e+16,2.258617099022575e+24,9807820.481533,5893473254.422011
339.3393,5.831516286568728e+16,2.2988887093949176e+24,9894871.894418,5893473254.422011
340.3403,5.883122479564748e+16,2.3397569258535498e+24,9982436.884991,5893473254.422013
341.3413,5.935032238421986e+16,2.3812287983103157e+24,10070516.963776,5893473254.42201
342.3423,5.987246453365526e+16,2.423311438973347e+24,10159113.641303,5893473254.422009
343.3433,6.03976601462045e+16,2.4660120227129516e+24,10248228.428098,5893473254.422012
344.3443,6.0925918124118264e+16,2.509337787428602e+24,10337862.834688,5893473254.422008
345.3453,6.145724736964741e+16,2.5532960344169883e+24,10428018.3716,5893473254.422009
346.3463,6.199165678504265e+16,2.597894128741139e+24,10518696.549361,5893473254.42201
347.3473,6.252915527255475e+16,2.6431394996006227e+24,10609898.878499,5893473254.422008
348.3483,6.306975173443461e+16,2.689039640702817e+24,10701626.869539,5893473254.422009
349.3493,6.361345507293288e+16,2.735602110635229e+24,10793882.03301,5893473254.42201
350.3504,6.416027419030035e+16,2.782834533238928e+24,10886665.879439,5893473254.42201
351.3514,6.471021798878781e+16,2.830744597983017e+24,10979979.919351,5893473254.422009
352.3524,6.526329537064609e+16,2.8793400603401916e+24,11073825.663275,5893473254.42201
353.3534,6.58195152381259e+16,2.928628742163348e+24,11168204.621738,5893473254.422011
354.3544,6.637888649347796e+16,2.978618532063294e+24,11263118.305266,5893473254.422007
355.3554,6.6941418038953224e+16,3.0293173857875276e+24,11358568.224387,5893473254.422008
356.3564,6.750711877680232e+16,3.0807333266000426e+24,11454555.889628,5893473254.422008
357.3574,6.807599760927608e+16,3.1328744456622686e+24,11551082.811515,5893473254.422009
358.3584,6.864806343862525e+16,3.185748902415042e+24,11648150.500576,5893473254.422009
359.3594,6.922332516710067e+16,3.239364924961662e+24,11745760.467337,5893473254.42201
360.3604,6.980179169695302e+16,3.293730810452005e+24,11843914.222327,5893473254.42201
361.3614,7.038347193043314e+16,3.3488549254677394e+24,11942613.276072,5893473254.422011
362.3624,7.0968374769791736e+16,3.4047457064085807e+24,12041859.139098,5893473254.422008
363.3634,7.155650911727973e+16,3.4614116598796434e+24,12141653.321934,5893473254.422009
364.3644,7.214788387514778e+16,3.5188613630798215e+24,12241997.335105,5893473254.422012
365.3654,7.274250794564669e+16,3.577103464191314e+24,12342892.68914,5893473254.422013
366.3664,7.334039023102717e+16,3.63614668277014e+24,12444340.894565,5893473254.422011
367.3674,7.39415396335401e+16,3.6959998101377977e+24,12546343.461907,5893473254.422009
368.3684,7.45459650554362e+16,3.756671709773932e+24,12648901.901693,5893473254.422009
369.3694,7.515367539896626e+16,3.8181713177101214e+24,12752017.724451,5893473254.422009
370.3704,7.576467956638107e+16,3.88050764292471e+24,12855692.440707,5893473254.422011
371.3714,7.637898645993144e+16,3.943689767738724e+24,12959927.560988,5893473254.422013
372.3724,7.699660498186803e+16,4.007726848212842e+24,13064724.595822,5893473254.422013
373.3734,7.761754403444165e+16,4.0726281145454635e+24,13170085.055736,5893473254.42201
374.3744,7.824181251990312e+16,4.138402871471836e+24,13276010.451256,5893473254.422009
375.3754,7.886941934050328e+16,4.2050604986642417e+24,13382502.292909,5893473254.42201
376.3764,7.950037339849274e+16,4.27261045113326e+24,13489562.091224,5893473254.422008
377.3774,8.013468359612245e+16,4.341062259630134e+24,13597191.356726,5893473254.422012
378.3784,8.077235883564302e+16,4.410425531050152e+24,13705391.599943,5893473254.42201
379.3794,8.141340801930538e+16,4.480709948837159e+24,13814164.331402,5893473254.422011
380.3804,8.205784004936018e+16,4.551925273389078e+24,13923511.061629,5893473254.42201
381.3814,8.270566382805824e+16,4.6240813424645715e+24,14033433.301153,5893473254.42201
382.3824,8.335688825765029e+16,4.6971880715907125e+24,14143932.560499,5893473254.422006
383.3834,8.401152224038736e+16,4.771255454471787e+24,14255010.350196,5893473254.422012
384.3844,8.466957467851982e+16,4.846293563399061e+24,14366668.180769,5893473254.422009
385.3854,8.533105447429875e+16,4.922312549661796e+24,14478907.562747,5893473254.422011
386.3864,8.599597052997483e+16,4.999322643959153e+24,14591730.006656,5893473254.422009
387.3874,8.666433174779872e+16,5.077334156813264e+24,14705137.023023,5893473254.422005
388.3884,8.73361470300214e+16,5.156357478983399e+24,14819130.122376,5893473254.42201
389.3894,8.801142527889352e+16,5.236403081881105e+24,14933710.815241,5893473254.422009
390.3904,8.869017539666597e+16,5.317481517986524e+24,15048880.612145,5893473254.422011
391.3914,8.937240628558931e+16,5.39960342126569e+24,15164641.023616,5893473254.422008
392.3924,9.005812684791458e+16,5.482779507588991e+24,15280993.56018,5893473254.422012
393.3934,9.074734598589227e+16,5.5670205751506e+24,15397939.732365,5893473254.422008
394.3944,9.144007260177344e+16,5.652337504889089e+24,15515481.050697,5893473254.422009
395.3954,9.21363155978087e+16,5.738741260908991e+24,15633619.025704,5893473254.422008
396.3964,9.283608387624885e+16,5.826242890903547e+24,15752355.167913,5893473254.42201
397.3974,9.35393863393447e+16,5.914853526578463e+24,15871690.98785,5893473254.422012
398.3984,9.424623188934704e+16,6.004584384076747e+24,15991627.996043,5893473254.422013
399.3994,9.495662942850648e+16,6.095446764404605e+24,16112167.703019,5893473254.42201
400.4004,9.5670587859074e+16,6.187452053858474e+24,16233311.619305,5893473254.42201
401.4014,9.638811608330026e+16,6.280611724453021e+24,16355061.255428,5893473254.422009
402.4024,9.710922300343611e+16,6.374937334350315e+24,16477418.121915,5893473254.422005
403.4034,9.783391752173237e+16,6.470440528289992e+24,16600383.729293,5893473254.422012
404.4044,9.856220854043957e+16,6.567133038020535e+24,16723959.588089,5893473254.422008
405.4054,9.929410496180875e+16,6.66502668273165e+24,16848147.208831,5893473254.422009
406.4064,1.0002961568809062e+17,6.764133369487625e+24,16972948.102044,5893473254.422009
407.4074,1.007687496215359e+17,6.864465093661836e+24,17098363.778257,5893473254.422012
408.4084,1.015115156643953e+17,6.966033939372318e+24,17224395.747996,5893473254.422009
409.4094,1.022579227189198e+17,7.068852079918391e+24,17351045.521789,5893473254.422011
410.4104,1.0300797968735998e+17,7.17293177821832e+24,17478314.610161,5893473254.422009
411.4114,1.0376169547196677e+17,7.278285387248146e+24,17606204.523642,5893473254.422011
412.4124,1.045190789749908e+17,7.384925350481463e+24,17734716.772757,5893473254.422009
413.4134,1.0528013909868291e+17,7.492864202330397e+24,17863852.868033,5893473254.422009
414.4144,1.0604488474529397e+17,7.60211456858755e+24,17993614.319998,5893473254.422009
415.4154,1.0681332481707461e+17,7.712689166869045e+24,18124002.639179,5893473254.42201
416.4164,1.0758546821627565e+17,7.824600807058699e+24,18255019.336102,5893473254.422009
417.4174,1.0836132384514794e+17,7.937862391753196e+24,18386665.921296,5893473254.422009
418.4184,1.091409006059422e+17,8.052486916708347e+24,18518943.905286,5893473254.42201
419.4194,1.0992420740090907e+17,8.168487471286433e+24,18651854.7986,5893473254.422008
420.4204,1.107112531322996e+17,8.28587723890468e+24,18785400.111764,5893473254.422012
421.4214,1.1150204670236438e+17,8.404669497484648e+24,18919581.355307,5893473254.422009
422.4224,1.1229659701335424e+17,8.524877619902853e+24,19054400.039755,5893473254.422012
423.4234,1.1309491296751987e+17,8.64651507444237e+24,19189857.675635,5893473254.422011
424.4244,1.138970034671122e+17,8.769595425245557e+24,19325955.773474,5893473254.422012
425.4254,1.1470287741438187e+17,8.894132332767795e+24,19462695.843799,5893473254.422008
426.4264,1.155125437115797e+17,9.020139554232339e+24,19600079.397138,5893473254.422009
427.4274,1.1632601126095653e+17,9.147630944086263e+24,19738107.944017,5893473254.422009
428.4284,1.1714328896476298e+17,9.276620454457393e+24,19876782.994963,5893473254.422007
429.4294,1.1796438572525014e+17,9.407122135612433e+24,20016106.060503,5893473254.422011
430.4304,1.1878931044466838e+17,9.539150136415984e+24,20156078.651165,5893473254.42201
431.4314,1.196180720252687e+17,9.67271870479088e+24,20296702.277476,5893473254.422009
432.4324,1.204506793693019e+17,9.807842188179375e+24,20437978.449962,5893473254.422009
433.4334,1.2128714137901875e+17,9.944535034005488e+24,20579908.67915,5893473254.422013
434.4344,1.221274669566698e+17,1.0082811790138419e+25,20722494.475568,5893473254.42201
435.4354,1.2297166500450616e+17,1.022268710535712e+25,20865737.349743,5893473254.422012
436.4364,1.2381974442477827e+17,1.0364175729815685e+25,21009638.812202,5893473254.422009
437.4374,1.2467171411973722e+17,1.050729251551018e+25,21154200.373471,5893473254.422003
438.4384,1.255275829916337e+17,1.065205241674615e+25,21299423.544079,5893473254.42201
439.4394,1.2638735994271826e+17,1.0798470490607513e+25,21445309.834551,5893473254.422006
440.4404,1.27251053875242e+17,1.0946561897426404e+25,21591860.755415,5893473254.422008
441.4414,1.2811867369145554e+17,1.1096341901254012e+25,21739077.817198,5893473254.42201
442.4424,1.2899022829360962e+17,1.1247825870332623e+25,21886962.530427,5893473254.422013
443.4434,1.2986572658395498e+17,1.140102927756868e+25,22035516.40563,5893473254.422009
444.4444,1.3074517746474258e+17,1.1555967701006895e+25,22184740.953332,5893473254.422008
445.4454,1.3162858983822306e+17,1.1712656824305441e+25,22334637.684062,5893473254.422012
446.4464,1.3251597260664733e+17,1.1871112437212269e+25,22485208.108346,5893473254.422014
447.4474,1.3340733467226581e+17,1.2031350436042346e+25,22636453.736711,5893473254.422009
448.4484,1.3430268493732976e+17,1.2193386824156265e+25,22788376.079684,5893473254.422012
449.4494,1.3520203230408962e+17,1.2357237712439486e+25,22940976.647793,5893473254.422013
450.4505,1.3610538567479611e+17,1.2522919319783088e+25,23094256.951565,5893473254.422008
451.4515,1.3701275395170035e+17,1.2690447973565346e+25,23248218.501526,5893473254.422009
452.4525,1.3792414603705291e+17,1.285984011013437e+25,23402862.808203,5893473254.422011
453.4535,1.3883957083310459e+17,1.3031112275291947e+25,23558191.382124,5893473254.422013
454.4545,1.3975903724210606e+17,1.320428112477835e+25,23714205.733816,5893473254.422008
455.4555,1.4068255416630829e+17,1.3379363424758291e+25,23870907.373806,5893473254.422009
456.4565,1.4161013050796197e+17,1.3556376052307865e+25,24028297.81262,5893473254.422009
457.4575,1.4254177516931786e+17,1.3735335995902625e+25,24186378.560786,5893473254.422011
458.4585,1.4347749705262664e+17,1.3916260355906712e+25,24345151.128831,5893473254.422009
459.4595,1.4441730506013926e+17,1.4099166345063078e+25,24504617.027282,5893473254.422012
460.4605,1.4536120809410643e+17,1.428407128898474e+25,24664777.766666,5893473254.422009
461.4615,1.4630921505677894e+17,1.4470992626647107e+25,24825634.857509,5893473254.422009
462.4625,1.4726133485040742e+17,1.465994791088139e+25,24987189.81034,5893473254.422009
463.4635,1.482175763772428e+17,1.4850954808869186e+25,25149444.135685,5893473254.422007
464.4645,1.4917794853953603e+17,1.5044031102637927e+25,25312399.344072,5893473254.42201
465.4655,1.5014246023953744e+17,1.5239194689557495e+25,25476056.946026,5893473254.422008
466.4665,1.5111112037949824e+17,1.5436463582838077e+25,25640418.452076,5893473254.42201
467.4675,1.5208393786166877e+17,1.563585591202873e+25,25805485.372748,5893473254.422008
468.4685,1.5306092158830032e+17,1.5837389923517465e+25,25971259.218569,5893473254.422013
469.4695,1.540420804616433e+17,1.6041083981031914e+25,26137741.500067,5893473254.42201
470.4705,1.5502742338394845e+17,1.6246956566141462e+25,26304933.727769,5893473254.42201
471.4715,1.5601695925746666e+17,1.645502627876033e+25,26472837.412201,5893473254.422007
472.4725,1.5701069698444896e+17,1.6665311837651658e+25,26641454.06389,5893473254.422011
473.4735,1.580086454671457e+17,1.6877832080932617e+25,26810785.193364,5893473254.422009
474.4745,1.590108136078079e+17,1.709260596658087e+25,26980832.31115,5893473254.42201
475.4755,1.6001721030868627e+17,1.7309652572941762e+25,27151596.927775,5893473254.422011
476.4765,1.6102784447203152e+17,1.7528991099236826e+25,27323080.553765,5893473254.422009
477.4775,1.620427250000946e+17,1.775064086607323e+25,27495284.699648,5893473254.422009
478.4785,1.6306186079512608e+17,1.797462131595433e+25,27668210.875951,5893473254.422008
479.4795,1.640852607593769e+17,1.8200952013791345e+25,27841860.593201,5893473254.422007
480.4805,1.6511293379509782e+17,1.842965264741602e+25,28016235.361925,5893473254.422008
481.4815,1.6614488880453968e+17,1.8660743028094429e+25,28191336.69265,5893473254.422014
482.4825,1.671811346899528e+17,1.8894243091041718e+25,28367166.095903,5893473254.422008
483.4835,1.6822168035358864e+17,1.9130172895938274e+25,28543725.082212,5893473254.422011
484.4845,1.692665346976975e+17,1.9368552627446382e+25,28721015.162102,5893473254.422014
485.4855,1.7031570662453024e+17,1.9609402595728554e+25,28899037.846102,5893473254.422008
486.4865,1.7136920503633776e+17,1.9852743236966515e+25,29077794.644738,5893473254.422009
487.4875,1.7242703883537078e+17,2.0098595113881475e+25,29257287.068537,5893473254.422011
488.4885,1.7348921692387994e+17,2.034697891625533e+25,29437516.628027,5893473254.422009
489.4895,1.7455574820411626e+17,2.0597915461453137e+25,29618484.833734,5893473254.422011
490.4905,1.7562664157833024e+17,2.0851425694946356e+25,29800193.196186,5893473254.422006
491.4915,1.7670190594877296e+17,2.110753069083753e+25,29982643.225909,5893473254.422006
492.4925,1.77781550217695e+17,2.1366251652385657e+25,30165836.433431,5893473254.422009
493.4935,1.788655832873471e+17,2.162760991253296e+25,30349774.329279,5893473254.422008
494.4945,1.7995401405998022e+17,2.189162693443256e+25,30534458.423979,5893473254.422011
495.4955,1.8104685143784512e+17,2.2158324311977246e+25,30719890.228059,5893473254.422009
496.4965,1.821441043231923e+17,2.242772377032918e+25,30906071.252046,5893473254.422011
497.4975,1.8324578161827274e+17,2.2699847166451133e+25,31093003.006466,5893473254.42201
498.4985,1.8435189222533734e+17,2.29747164896382e+25,31280687.001848,5893473254.422015
499.4995,1.8546244504663658e+17,2.325235386205091e+25,31469124.748718,5893473254.422009
500.5005,1.8657744898442147e+17,2.3532781539249453e+25,31658317.757602,5893473254.422011
501.5015,1.876969129409427e+17,2.381602191072881e+25,31848267.539029,5893473254.42201
502.5025,1.888208458184508e+17,2.4102097500455004e+25,32038975.603524,5893473254.422009
503.5035,1.8994925651919715e+17,2.439103096740263e+25,32230443.461616,5893473254.422008
504.5045,1.9108215394543206e+17,2.4682845106092956e+25,32422672.623832,5893473254.422009
505.5055,1.922195469994063e+17,2.497756284713364e+25,32615664.600697,5893473254.42201
506.5065,1.933614445833709e+17,2.5275207257759335e+25,32809420.90274,5893473254.42201
507.5075,1.9450785559957648e+17,2.5575801542373137e+25,33003943.040487,5893473254.422009
508.5085,1.956587889502737e+17,2.5879369043089356e+25,33199232.524465,5893473254.422005
509.5095,1.9681425353771373e+17,2.61859332402774e+25,33395290.865202,5893473254.422014
510.5105,1.9797425826414685e+17,2.6495517753106453e+25,33592119.573225,5893473254.42201
511.5115,1.9913881203182416e+17,2.6808146340091563e+25,33789720.15906,5893473254.422009
512.5125,2.0030792374299635e+17,2.7123842899640465e+25,33988094.133235,5893473254.422011
513.5135,2.014816022999141e+17,2.7442631470601757e+25,34187243.006276,5893473254.42201
514.5145,2.0265985660482838e+17,2.7764536232814024e+25,34387168.288711,5893473254.422012
515.5155,2.0384269555998973e+17,2.808958150765597e+25,34587871.491067,5893473254.422009
516.5165,2.0503012806764928e+17,2.8417791758597832e+25,34789354.123871,5893473254.422009
517.5175,2.0622216303005738e+17,2.8749191591753482e+25,34991617.69765,5893473254.422008
518.5185,2.0741880934946512e+17,2.9083805756434172e+25,35194663.72293,5893473254.422009
519.5195,2.0862007592812317e+17,2.942165914570274e+25,35398493.71024,5893473254.422011
520.5205,2.0982597166828218e+17,2.9762776796929312e+25,35603109.170105,5893473254.422009
521.5215,2.1103650547219315e+17,3.010718389234798e+25,35808511.613054,5893473254.42201
522.5225,2.1225168624210675e+17,3.045490575961434e+25,36014702.549613,5893473254.422011
523.5235,2.1347152288027363e+17,3.08059678723644e+25,36221683.490309,5893473254.422009
524.5245,2.146960242889451e+17,3.11603958507745e+25,36429455.945669,5893473254.422014
525.5255,2.15925199370371e+17,3.1518215462121857e+25,36638021.42622,5893473254.422009
526.5265,2.171590570268029e+17,3.187945262134712e+25,36847381.44249,5893473254.422009
527.5275,2.1839760616049133e+17,3.2244133391616955e+25,37057537.505006,5893473254.422012
528.5285,2.1964085567368685e+17,3.261228398488842e+25,37268491.124293,5893473254.422009
529.5295,2.2088881446864064e+17,3.298393076247414e+25,37480243.810881,5893473254.422011
530.5305,2.221414914476031e+17,3.335910023560848e+25,37692797.075294,5893473254.422009
531.5315,2.2339889551282528e+17,3.3737819066015034e+25,37906152.428062,5893473254.42201
532.5325,2.246610355665579e+17,3.4120114066474956e+25,38120311.37971,5893473254.422009
533.5335,2.2592792051105162e+17,3.450601220139645e+25,38335275.440765,5893473254.422009
534.5345,2.2719955924855728e+17,3.489554058738536e+25,38551046.121756,5893473254.42201
535.5355,2.284759606813257e+17,3.5288726493816845e+25,38767624.933208,5893473254.422013
536.5365,2.2975713371160746e+17,3.568559734340798e+25,38985013.385649,5893473254.422009
537.5375,2.3104308724165376e+17,3.608618071279169e+25,39203212.989606,5893473254.422014
538.5385,2.323338301737147e+17,3.649050433309133e+25,39422225.255606,5893473254.422009
539.5395,2.336293714100416e+17,3.6898596090496983e+25,39642051.694176,5893473254.422009
540.5405,2.3492971985288534e+17,3.7310484026842157e+25,39862693.815843,5893473254.422009
541.5415,2.3623488440449632e+17,3.772619634018184e+25,40084153.131134,5893473254.422011
542.5425,2.3754487396712528e+17,3.8145761385371844e+25,40306431.150577,5893473254.422008
543.5435,2.3885969744302336e+17,3.8569207674648906e+25,40529529.384697,5893473254.42201
544.5445,2.401793637344411e+17,3.899656387821191e+25,40753449.344023,5893473254.422011
545.5455,2.4150388174362902e+17,3.942785882480426e+25,40978192.539081,5893473254.422006
546.5465,2.4283326037283862e+17,3.986312150229748e+25,41203760.480398,5893473254.42201
547.5475,2.441675085243201e+17,4.030238105827533e+25,41430154.678502,5893473254.422009
548.5485,2.455066351003245e+17,4.074566680061974e+25,41657376.64392,5893473254.422012
549.5495,2.4685064900310208e+17,4.119300819809716e+25,41885427.887177,5893473254.422009
550.5506,2.4819955913490432e+17,4.164443488094662e+25,42114309.918803,5893473254.422009
551.5516,2.4955337439798163e+17,4.20999766414681e+25,42344024.249323,5893473254.42201
552.5526,2.5091210369458486e+17,4.2559663434612645e+25,42574572.389265,5893473254.422012
553.5536,2.5227575592696464e+17,4.302352537857314e+25,42805955.849155,5893473254.42201
554.5546,2.53644339997372e+17,4.349159275537652e+25,43038176.139521,5893473254.422012
555.5556,2.5501786480805757e+17,4.396389601147656e+25,43271234.77089,5893473254.422009
556.5566,2.56396339261272e+17,4.444046575834811e+25,43505133.253789,5893473254.422008
557.5576,2.5777977225926653e+17,4.492133277308249e+25,43739873.098745,5893473254.422012
558.5586,2.5916817270429126e+17,4.5406527998983374e+25,43975455.816285,5893473254.422009
559.5596,2.6056154949859744e+17,4.589608254616461e+25,44211882.916936,5893473254.422009
560.5606,2.619599115444359e+17,4.639002769214828e+25,44449155.911225,5893473254.422012
561.5616,2.6336326774405702e+17,4.688839488246429e+25,44687276.309679,5893473254.422011
562.5626,2.6477162699971187e+17,4.739121573125102e+25,44926245.622825,5893473254.422012
563.5636,2.661849982136512e+17,4.7898522021856905e+25,45166065.36119,5893473254.422009
564.5646,2.676033902881259e+17,4.841034570744311e+25,45406737.035302,5893473254.422013
565.5656,2.6902681212538627e+17,4.892671891158728e+25,45648262.155687,5893473254.422012
566.5666,2.7045527262768323e+17,4.944767392888849e+25,45890642.232873,5893473254.422007
567.5676,2.718887806972681e+17,4.997324322557328e+25,46133878.777385,5893473254.422009
568.5686,2.7332734523639117e+17,5.050345944010225e+25,46377973.299753,5893473254.422009
569.5696,2.747709751473033e+17,5.103835538377846e+25,46622927.310502,5893473254.422009
570.5706,2.7621967933225533e+17,5.1577964041356506e+25,46868742.320159,5893473254.422009
571.5716,2.776734666934982e+17,5.212231857165272e+25,47115419.839252,5893473254.422011
572.5726,2.7913234613328214e+17,5.267145230815622e+25,47362961.378308,5893473254.422009
573.5736,2.8059632655385837e+17,5.322539875964169e+25,47611368.447854,5893473254.422008
574.5746,2.8206541685747776e+17,5.378419161078251e+25,47860642.558416,5893473254.42201
575.5756,2.8353962594639066e+17,5.434786472276522e+25,48110785.220522,5893473254.422009
576.5766,2.8501896272284816e+17,5.491645213390533e+25,48361797.9447,5893473254.42201
577.5776,2.8650343608910096e+17,5.5489988060263675e+25,48613682.241475,5893473254.422012
578.5786,2.8799305494740003e+17,5.606850689626442e+25,48866439.621375,5893473254.422013
579.5796,2.894878281999956e+17,5.665204321531339e+25,49120071.594927,5893473254.422011
580.5806,2.909877647491388e+17,5.724063177041845e+25,49374579.672658,5893473254.422009
581.5816,2.924928734970807e+17,5.783430749481016e+25,49629965.365095,5893473254.422014
582.5826,2.940031633460713e+17,5.843310550256358e+25,49886230.182766,5893473254.422009
583.5836,2.955186431983622e+17,5.903706108922191e+25,50143375.636197,5893473254.42201
584.5846,2.9703932195620365e+17,5.9646209732419864e+25,50401403.235915,5893473254.422009
585.5856,2.9856520852184666e+17,6.026058709250955e+25,50660314.492447,5893473254.422009
586.5866,3.000963117975421e+17,6.088022901318646e+25,50920110.916321,5893473254.422008
587.5876,3.016326406855406e+17,6.150517152211665e+25,51180794.018064,5893473254.422011
588.5886,3.031742040880927e+17,6.213545083156545e+25,51442365.308202,5893473254.422009
589.5896,3.047210109074494e+17,6.277110333902691e+25,51704826.297262,5893473254.422009
590.5906,3.062730700458617e+17,6.3412165627854315e+25,51968178.495772,5893473254.422012
591.5916,3.078303904055798e+17,6.405867446789169e+25,52232423.414259,5893473254.422009
592.5926,3.0939298088885504e+17,6.471066681610684e+25,52497562.563249,5893473254.422009
593.5936,3.10960850397938e+17,6.5368179817224765e+25,52763597.45327,5893473254.42201
594.5946,3.125340078350794e+17,6.6031250804362785e+25,53030529.594849,5893473254.422008
595.5956,3.1411246210253005e+17,6.6699917299666195e+25,53298360.498513,5893473254.422008
596.5966,3.1569622210254086e+17,6.737421701494562e+25,53567091.674789,5893473254.42201
597.5976,3.1728529673736224e+17,6.80541878523147e+25,53836724.634204,5893473254.422009
598.5986,3.188796949092456e+17,6.873986790482965e+25,54107260.887285,5893473254.422013
599.5996,3.204794255204407e+17,6.9431295457128805e+25,54378701.944558,5893473254.422009
600.6006,3.220844974731993e+17,7.012850898607483e+25,54651049.316552,5893473254.422009
601.6016,3.236949196697717e+17,7.08315471613962e+25,54924304.513793,5893473254.422009
602.6026,3.253107010124092e+17,7.1540448846331285e+25,55198469.046809,5893473254.422012
603.6036,3.2693185040336154e+17,7.225525309827206e+25,55473544.426125,5893473254.422008
604.6046,3.285583767448806e+17,7.2975999169410706e+25,55749532.16227,5893473254.422012
605.6056,3.3019028893921626e+17,7.370272650738531e+25,56026433.765771,5893473254.422009
606.6066,3.3182759588861984e+17,7.4435474755928255e+25,56304250.747154,5893473254.422009
607.6076,3.334703064953422e+17,7.517428375551454e+25,56582984.616946,5893473254.422011
608.6086,3.351184296616335e+17,7.591919354401173e+25,56862636.885675,5893473254.422008
609.6096,3.367719742897455e+17,7.6670244357331315e+25,57143209.063867,5893473254.42201
610.6106,3.384309492819279e+17,7.742747663007975e+25,57424702.66205,5893473254.422009
611.6116,3.400953635404321e+17,7.819093099621271e+25,57707119.190751,5893473254.42201
612.6126,3.417652259675085e+17,7.896064828968822e+25,57990460.160496,5893473254.422006
613.6136,3.434405454654085e+17,7.973666954512259e+25,58274727.081813,5893473254.422009
614.6146,3.451213309363823e+17,8.051903599844608e+25,58559921.465229,5893473254.422009
615.6156,3.468075912826811e+17,8.130778908756084e+25,58846044.821271,5893473254.422012
616.6166,3.4849933540655514e+17,8.21029704529988e+25,59133098.660466,5893473254.422011
617.6176,3.501965722102556e+17,8.290462193858164e+25,59421084.493341,5893473254.422009
618.6186,3.518993105960332e+17,8.371278559208097e+25,59710003.830423,5893473254.422009
619.6196,3.536075594661385e+17,8.452750366588017e+25,59999858.182239,5893473254.422008
620.6206,3.5532132772282246e+17,8.534881861763711e+25,60290649.059316,5893473254.422008
621.6216,3.570406242683362e+17,8.617677311094798e+25,60582377.972181,5893473254.422011
622.6226,3.587654580049297e+17,8.701141001601172e+25,60875046.431362,5893473254.422009
623.6236,3.604958378348543e+17,8.78527724102966e+25,61168655.947385,5893473254.422008
624.6246,3.622317726603609e+17,8.870090357920682e+25,61463208.030777,5893473254.422011
625.6256,3.6397327138369984e+17,8.95558470167505e+25,61758704.192066,5893473254.422009
626.6266,3.657203429071221e+17,9.041764642620911e+25,62055145.941778,5893473254.42201
627.6276,3.674729961328783e+17,9.128634572080742e+25,62352534.79044,5893473254.422009
628.6286,3.6923123996321946e+17,9.216198902438502e+25,62650872.248581,5893473254.42201
629.6296,3.709950833003963e+17,9.304462067206851e+25,62950159.826725,5893473254.422011
630.6306,3.727645350466593e+17,9.393428521094487e+25,63250399.035402,5893473254.42201
631.6316,3.745396041042595e+17,9.48310274007362e+25,63551591.385137,5893473254.422008
632.6326,3.763202993754479e+17,9.573489221447511e+25,63853738.386458,5893473254.422009
633.6336,3.7810662976247514e+17,9.66459248391814e+25,64156841.549891,5893473254.42201
634.6346,3.798986041675917e+17,9.75641706765395e+25,64460902.385965,5893473254.422011
635.6356,3.816962314930484e+17,9.848967534357783e+25,64765922.405205,5893473254.42201
636.6366,3.834995206410961e+17,9.942248467334821e+25,65071903.11814,5893473254.422009
637.6376,3.85308480513986e+17,1.0036264471560704e+26,65378846.035295,5893473254.422012
638.6386,3.871231200139682e+17,1.0131020173749695e+26,65686752.667199,5893473254.422011
639.6396,3.889434480432937e+17,1.0226520222423021e+26,65995624.524377,5893473254.422009
640.6406,3.9076947350421376e+17,1.0322769287977289e+26,66305463.117358,5893473254.422013
641.6416,3.9260120529897856e+17,1.0419772062752961e+26,66616269.956668,5893473254.42201
642.6426,3.944386523298389e+17,1.051753326110303e+26,66928046.552834,5893473254.422009
643.6436,3.962818234990459e+17,1.0616057619461742e+26,67240794.416384,5893473254.42201
644.6446,3.981307277088501e+17,1.071534989641344e+26,67554515.057844,5893473254.422011
645.6456,3.999853738615021e+17,1.0815414872761489e+26,67869209.987741,5893473254.422008
646.6466,4.018457708592534e+17,1.0916257351597398e+26,68184880.716603,5893473254.422012
647.6476,4.037119276043539e+17,1.101788215836988e+26,68501528.754956,5893473254.42201
648.6486,4.055838529990551e+17,1.1120294140954238e+26,68819155.613328,5893473254.42201
649.6496,4.074615559456072e+17,1.1223498169721635e+26,69137762.802246,5893473254.422009
650.6507,4.0934504534626125e+17,1.1327499137608676e+26,69457351.832236,5893473254.422009
651.6517,4.11234330103268e+17,1.1432301960186942e+26,69777924.213826,5893473254.42201
652.6527,4.131294191188783e+17,1.1537911575732708e+26,70099481.457542,5893473254.422012
653.6537,4.150303212953424e+17,1.1644332945296725e+26,70422025.073913,5893473254.422009
654.6547,4.1693704553491206e+17,1.1751571052774201e+26,70745556.573464,5893473254.422011
655.6557,4.188496007398372e+17,1.185963090497473e+26,71070077.466724,5893473254.422009
656.6567,4.207679958123695e+17,1.1968517531692516e+26,71395589.264218,5893473254.422013
657.6577,4.2269223965475834e+17,1.2078235985776485e+26,71722093.476475,5893473254.42201
658.6587,4.246223411692554e+17,1.2188791343200778e+26,72049591.61402,5893473254.422008
659.6597,4.265583092581117e+17,1.2300188703135101e+26,72378085.187382,5893473254.422009
660.6607,4.2850015282357754e+17,1.2412433188015293e+26,72707575.707086,5893473254.422009
661.6617,4.3044788076790394e+17,1.2525529943614016e+26,73038064.683661,5893473254.422012
662.6627,4.3240150199334106e+17,1.2639484139111491e+26,73369553.627634,5893473254.422007
663.6637,4.343610254021408e+17,1.2754300967166457e+26,73702044.04953,5893473254.42201
664.6647,4.3632645989655315e+17,1.2869985643987037e+26,74035537.459879,5893473254.42201
665.6657,4.382978143788292e+17,1.2986543409401915e+26,74370035.369205,5893473254.422012
666.6667,4.40275097751219e+17,1.3103979526931493e+26,74705539.288037,5893473254.422009
667.6677,4.422583189159743e+17,1.322229928385927e+26,75042050.726902,5893473254.422009
668.6687,4.442474867753455e+17,1.334150799130316e+26,75379571.196326,5893473254.42201
669.6697,4.462426102315831e+17,1.3461610984287056e+26,75718102.206837,5893473254.422009
670.6707,4.482436981869384e+17,1.35826136218125e+26,76057645.268961,5893473254.422011
671.6717,4.502507595436616e+17,1.3704521286930321e+26,76398201.893226,5893473254.422009
672.6727,4.522638032040042e+17,1.3827339386812604e+26,76739773.590159,5893473254.422009
673.6737,4.542828380702164e+17,1.3951073352824498e+26,77082361.870287,5893473254.42201
674.6747,4.563078730445489e+17,1.4075728640596381e+26,77425968.244137,5893473254.422009
675.6757,4.5833891702925286e+17,1.4201310730096005e+26,77770594.222236,5893473254.422009
676.6767,4.60375978926579e+17,1.4327825125700735e+26,78116241.31511,5893473254.42201
677.6777,4.624190676387778e+17,1.4455277356269922e+26,78462911.033288,5893473254.42201
678.6787,4.6446819206810035e+17,1.458367297521746e+26,78810604.887296,5893473254.422011
679.6797,4.665233611167975e+17,1.47130175605843e+26,79159324.387661,5893473254.42201
680.6807,4.685845836871195e+17,1.4843316715111151e+26,79509071.04491,5893473254.42201
681.6817,4.706518686813174e+17,1.4974576066311362e+26,79859846.369571,5893473254.422009
682.6827,4.7272522500164224e+17,1.5106801266543782e+26,80211651.87217,5893473254.422009
683.6837,4.748046615503444e+17,1.5239997993085766e+26,80564489.063234,5893473254.422008
684.6847,4.768901872296751e+17,1.5374171948206351e+26,80918359.453291,5893473254.422009
685.6857,4.7898181094188474e+17,1.5509328859239447e+26,81273264.552867,5893473254.42201
686.6867,4.8107954158922406e+17,1.5645474478657204e+26,81629205.872489,5893473254.422009
687.6877,4.8318338807394445e+17,1.5782614584143485e+26,81986184.922686,5893473254.422009
688.6887,4.8529335929829606e+17,1.592075497866735e+26,82344203.213982,5893473254.42201
689.6897,4.8740946416452954e+17,1.605990149055678e+26,82703262.256907,5893473254.422009
690.6907,4.895317115748962e+17,1.620005997357245e+26,83063363.561986,5893473254.422011
691.6917,4.916601104316465e+17,1.6341236306981604e+26,83424508.639747,5893473254.422012
692.6927,4.937946696370312e+17,1.648343639563198e+26,83786699.000717,5893473254.422009
693.6937,4.9593539809330125e+17,1.6626666170025996e+26,84149936.155422,5893473254.42201
694.6947,4.980823047027072e+17,1.6770931586394887e+26,84514221.614391,5893473254.42201
695.6957,5.0023539836750016e+17,1.691623862677305e+26,84879556.888149,5893473254.422008
696.6967,5.0239468798993094e+17,1.7062593299072393e+26,85245943.487225,5893473254.42201
697.6977,5.0456018247224966e+17,1.7210001637156935e+26,85613382.922145,5893473254.422009
698.6987,5.0673189071670803e+17,1.7358469700917417e+26,85981876.703435,5893473254.422014
699.6997,5.089098216255555e+17,1.750800357634596e+26,86351426.341624,5893473254.422009
700.7007,5.11093984101044e+17,1.7658609375611064e+26,86722033.347239,5893473254.422007
701.7017,5.132843870454243e+17,1.7810293237132395e+26,87093699.230805,5893473254.42201
702.7027,5.1548103936094656e+17,1.7963061325655914e+26,87466425.502851,5893473254.422009
703.7037,5.17683949949862e+17,1.8116919832329092e+26,87840213.673903,5893473254.422008
704.7047,5.1989312771442144e+17,1.8271874974776054e+26,88215065.254489,5893473254.422011
705.7057,5.22108581556875e+17,1.8427932997173067e+26,88590981.755135,5893473254.42201
706.7067,5.2433032037947405e+17,1.8585100170324015e+26,88967964.686368,5893473254.422009
707.7077,5.265583530844692e+17,1.8743382791735935e+26,89346015.558717,5893473254.422009
708.7087,5.2879268857411117e+17,1.890278718569475e+26,89725135.882706,5893473254.422009
709.7097,5.310333357506511e+17,1.906331970334111e+26,90105327.168865,5893473254.422009
710.7107,5.332803035163393e+17,1.9224986722746233e+26,90486590.927719,5893473254.422008
711.7117,5.355336007734269e+17,1.9387794648987966e+26,90868928.669796,5893473254.422009
712.7127,5.3779323642416416e+17,1.9551749914226933e+26,91252341.905623,5893473254.422008
713.7137,5.4005921937080275e+17,1.971685897778277e+26,91636832.145727,5893473254.422011
714.7147,5.423315585155924e+17,1.9883128326210377e+26,92022400.900635,5893473254.42201
715.7157,5.4461026276078483e+17,2.005056447337653e+26,92409049.680874,5893473254.422014
716.7167,5.4689534100862957e+17,2.021917396053626e+26,92796779.996971,5893473254.422009
717.7177,5.4918680216137875e+17,2.03889633564097e+26,93185593.359453,5893473254.42201
718.7187,5.514846551212829e+17,2.055993925725871e+26,93575491.278847,5893473254.422011
719.7197,5.537889087905918e+17,2.0732108286963747e+26,93966475.26568,5893473254.422009
720.7207,5.5609957207155706e+17,2.0905477097101028e+26,94358546.830479,5893473254.422008
721.7217,5.5841665386642976e+17,2.1080052367019468e+26,94751707.483772,5893473254.42201
722.7227,5.6074016307745984e+17,2.1255840803917852e+26,95145958.736085,5893473254.42201
723.7237,5.6307010860689837e+17,2.1432849142922293e+26,95541302.097946,5893473254.422009
724.7247,5.654064993569966e+17,2.1611084147163545e+26,95937739.079881,5893473254.422012
725.7257,5.677493442300045e+17,2.179055260785448e+26,96335271.192418,5893473254.422011
726.7267,5.700986521281733e+17,2.1971261344367873e+26,96733899.946083,5893473254.422007
727.7277,5.724544319537544e+17,2.2153217204314e+26,97133626.851404,5893473254.422012
728.7287,5.7481669260899706e+17,2.2336427063618467e+26,97534453.418907,5893473254.422009
729.7297,5.771854429961532e+17,2.252089782660031e+26,97936381.15912,5893473254.422009
730.7307,5.795606920174732e+17,2.2706636426049913e+26,98339411.58257,5893473254.422008
731.7317,5.819424485752082e+17,2.2893649823307253e+26,98743546.199784,5893473254.42201
732.7327,5.843307215716086e+17,2.308194500834009e+26,99148786.521288,5893473254.422009
733.7337,5.867255199089252e+17,2.327152899982241e+26,99555134.05761,5893473254.422009
734.7347,5.891268524894094e+17,2.3462408845212964e+26,99962590.319278,5893473254.422012
735.7357,5.915347282153106e+17,2.3654591620833628e+26,100371156.816817,5893473254.422009
736.7367,5.939491559888812e+17,2.3848084431948457e+26,100780835.060756,5893473254.422011
737.7377,5.963701447123703e+17,2.404289441284214e+26,101191626.561621,5893473254.422009
738.7387,5.987977032880303e+17,2.423902872689923e+26,101603532.829938,5893473254.422011
739.7397,6.012318406181107e+17,2.4436494566682874e+26,102016555.376236,5893473254.422008
740.7407,6.036725656048632e+17,2.4635299154014182e+26,102430695.711042,5893473254.422009
741.7417,6.061198871505385e+17,2.483544974005131e+26,102845955.344881,5893473254.422009
742.7427,6.085738141573868e+17,2.503695360536884e+26,103262335.788282,5893473254.42201
743.7437,6.11034355527659e+17,2.5239818060037295e+26,103679838.551772,5893473254.42201
744.7447,6.13501520163606e+17,2.544405044370258e+26,104098465.145877,5893473254.42201
745.7457,6.159753169674789e+17,2.564965812566582e+26,104518217.081124,5893473254.42201
746.7467,6.184557548415276e+17,2.5856648504962868e+26,104939095.868041,5893473254.422009
747.7477,6.209428426880038e+17,2.6065029010444507e+26,105361103.017155,5893473254.42201
748.7487,6.234365894091576e+17,2.6274807100856133e+26,105784240.038992,5893473254.422008
749.7497,6.25937003907241e+17,2.6485990264918118e+26,106208508.44408,5893473254.422009
750.7508,6.28444095084503e+17,2.66985860214057e+26,106633909.742946,5893473254.422008
751.7518,6.309578718431959e+17,2.6912601919229643e+26,107060445.446117,5893473254.422011
752.7528,6.334783430855693e+17,2.712804553751634e+26,107488117.064119,5893473254.422009
753.7538,6.360055177138746e+17,2.734492448568856e+26,107916926.107481,5893473254.422009
754.7548,6.385394046303624e+17,2.756324640354596e+26,108346874.086728,5893473254.422009
755.7558,6.41080012737284e+17,2.7783018961345842e+26,108777962.512389,5893473254.422011
756.7568,6.436273509368892e+17,2.800424985988397e+26,109210192.89499,5893473254.422009
757.7578,6.461814281314301e+17,2.822694683057567e+26,109643566.745057,5893473254.422012
758.7588,6.487422532231557e+17,2.8451117635536562e+26,110078085.573119,5893473254.422009
759.7598,6.513098351143181e+17,2.867677006766413e+26,110513750.889703,5893473254.422008
760.7608,6.538841827071684e+17,2.890391195071875e+26,110950564.205334,5893473254.422013
761.7618,6.564653049039556e+17,2.9132551139404976e+26,111388527.030541,5893473254.422011
762.7628,6.590532106069321e+17,2.93626955194534e+26,111827640.87585,5893473254.422009
763.7638,6.616479087183482e+17,2.9594353007701816e+26,112267907.251789,5893473254.422009
764.7648,6.642494081404547e+17,2.9827531552177203e+26,112709327.668884,5893473254.42201
765.7658,6.66857717775502e+17,3.006223913217742e+26,113151903.637663,5893473254.422006
766.7668,6.69472846525742e+17,3.0298483758353196e+26,113595636.668652,5893473254.422011
767.7678,6.720948032934239e+17,3.0536273472789977e+26,114040528.272379,5893473254.422011
768.7688,6.747235969807995e+17,3.0775616349090307e+26,114486579.959371,5893473254.422011
769.7698,6.773592364901187e+17,3.101652049245583e+26,114933793.240154,5893473254.422007
770.7708,6.800017307236335e+17,3.1258994039769875e+26,115382169.625257,5893473254.422009
771.7718,6.826510885835944e+17,3.150304515967966e+26,115831710.625205,5893473254.422009
772.7728,6.853073189722516e+17,3.1748682052678986e+26,116282417.750526,5893473254.422009
773.7738,6.879704307918557e+17,3.1995912951190836e+26,116734292.511747,5893473254.42201
774.7748,6.90640432944658e+17,3.224474611965027e+26,117187336.419395,5893473254.422009
775.7758,6.933173343329094e+17,3.249518985458718e+26,117641550.983997,5893473254.422013
776.7768,6.960011438588599e+17,3.274725248470929e+26,118096937.71608,5893473254.422007
777.7778,6.986918704247617e+17,3.3000942370985364e+26,118553498.126172,5893473254.422009
778.7788,7.013895229328643e+17,3.3256267906728166e+26,119011233.724798,5893473254.422011
779.7798,7.040941102854188e+17,3.351323751767807e+26,119470146.022487,5893473254.422011
780.7808,7.068056413846758e+17,3.377185966208626e+26,119930236.529765,5893473254.422008
781.7818,7.095241251328865e+17,3.403214283079827e+26,120391506.75716,5893473254.422008
782.7828,7.12249570432302e+17,3.4294095547337774e+26,120853958.215198,5893473254.42201
783.7838,7.149819861851721e+17,3.45577263679901e+26,121317592.414406,5893473254.42201
784.7848,7.177213812937477e+17,3.482304388188619e+26,121782410.865312,5893473254.422009
785.7858,7.204677646602807e+17,3.509005671108667e+26,122248415.078442,5893473254.42201
786.7868,7.232211451870205e+17,3.53587735106656e+26,122715606.564325,5893473254.422007
787.7878,7.259815317762184e+17,3.5629202968794896e+26,123183986.833485,5893473254.422007
788.7888,7.28748933330126e+17,3.590135380682862e+26,123653557.396452,5893473254.422009
789.7898,7.315233587509929e+17,3.6175234779387065e+26,124124319.763751,5893473254.422009
790.7908,7.343048169410707e+17,3.645085467444159e+26,124596275.44591,5893473254.422016
791.7918,7.370933168026089e+17,3.672822231339897e+26,125069425.953456,5893473254.422009
792.7928,7.398888672378593e+17,3.7007346551186285e+26,125543772.796916,5893473254.422008
793.7938,7.426914771490728e+17,3.728823627633555e+26,126019317.486817,5893473254.422007
794.7948,7.455011554385006e+17,3.75709004110688e+26,126496061.533686,5893473254.422012
795.7958,7.483179110083916e+17,3.785534791138286e+26,126974006.44805,5893473254.422009
796.7968,7.511417527609989e+17,3.814158776713485e+26,127453153.740436,5893473254.422011
797.7978,7.539726895985714e+17,3.842962900212699e+26,127933504.921372,5893473254.42201
798.7988,7.568107304233601e+17,3.8719480674192304e+26,128415061.501383,5893473254.422007
799.7998,7.59655884137617e+17,3.9011151875279924e+26,128897824.990998,5893473254.422008
800.8008,7.625081596435924e+17,3.930465173154063e+26,129381796.900744,5893473254.42201
801.8018,7.653675658435368e+17,3.9599989403412485e+26,129866978.741146,5893473254.422012
802.8028,7.682341116397001e+17,3.989717408570668e+26,130353372.022733,5893473254.422009
803.8038,7.711078059343348e+17,4.01962150076935e+26,130840978.256032,5893473254.422009
804.8048,7.739886576296909e+17,4.049712143318805e+26,131329798.951569,5893473254.42201
805.8058,7.76876675628019e+17,4.0799902660636554e+26,131819835.619872,5893473254.422011
806.8068,7.797718688315697e+17,4.110456802320252e+26,132311089.771467,5893473254.42201
807.8078,7.826742461425943e+17,4.141112688885305e+26,132803562.916882,5893473254.422011
808.8088,7.855838164633431e+17,4.171958866044518e+26,133297256.566644,5893473254.422009
809.8098,7.885005886960671e+17,4.202996277581246e+26,133792172.231279,5893473254.422009
810.8108,7.914245717430176e+17,4.234225870785169e+26,134288311.421316,5893473254.422009
811.8118,7.943557745064448e+17,4.2656485964609406e+26,134785675.64728,5893473254.422007
812.8128,7.972942058886002e+17,4.297265408936893e+26,135284266.419699,5893473254.422012
813.8138,8.002398747917327e+17,4.329077266073714e+26,135784085.249101,5893473254.42201
814.8148,8.031927901180946e+17,4.361085129273185e+26,136285133.646011,5893473254.422009
815.8158,8.061529607699369e+17,4.393289963486866e+26,136787413.120957,5893473254.42201
816.8168,8.091203956495094e+17,4.4256927372248266e+26,137290925.184467,5893473254.422008
817.8178,8.120951036590633e+17,4.458294422564399e+26,137795671.347067,5893473254.422009
818.8188,8.1507709370085e+17,4.4910959951589235e+26,138301653.119284,5893473254.42201
819.8198,8.180663746771194e+17,4.52409843424649e+26,138808872.011645,5893473254.422009
820.8208,8.210629554901229e+17,4.55730272265873e+26,139317329.534678,5893473254.422013
821.8218,8.240668450421101e+17,4.5907098468295764e+26,139827027.198909,5893473254.422012
822.8228,8.27078052235333e+17,4.624320796804087e+26,140337966.514866,5893473254.42201
823.8238,8.300965859720426e+17,4.6581365662472106e+26,140850148.993075,5893473254.422014
824.8248,8.33122455154488e+17,4.692158152452616e+26,141363576.144064,5893473254.422011
825.8258,8.361556686849215e+17,4.726386556351525e+26,141878249.478359,5893473254.42201
826.8268,8.391962354655933e+17,4.760822782521531e+26,142394170.506488,5893473254.422009
827.8278,8.422441643987552e+17,4.795467839195456e+26,142911340.738978,5893473254.42201
828.8288,8.452994643866559e+17,4.830322738270184e+26,143429761.686355,5893473254.422008
829.8298,8.483621443315485e+17,4.865388495315571e+26,143949434.859147,5893473254.422012
830.8308,8.514322131356818e+17,4.900666129583263e+26,144470361.767881,5893473254.422013
831.8318,8.545096797013074e+17,4.936156664015646e+26,144992543.923085,5893473254.42201
832.8328,8.575945529306757e+17,4.9718611252546986e+26,145515982.835284,5893473254.422008
833.8338,8.606868417260385e+17,5.0077805436509245e+26,146040680.015006,5893473254.422008
834.8348,8.637865549896462e+17,5.043915953272267e+26,146566636.972778,5893473254.422008
835.8358,8.668937016237496e+17,5.0802683919130294e+26,147093855.219127,5893473254.422012
836.8368,8.700082905305981e+17,5.116838901102824e+26,147622336.264581,5893473254.422009
837.8378,8.731303306124438e+17,5.1536285261155414e+26,148152081.619665,5893473254.422009
838.8388,8.762598307715375e+17,5.190638315978292e+26,148683092.794908,5893473254.422007
839.8398,8.793967999101292e+17,5.2278693234803736e+26,149215371.300837,5893473254.422007
840.8408,8.825412469304713e+17,5.265322605182292e+26,149748918.647977,5893473254.422011
841.8418,8.856931807348124e+17,5.302999221424699e+26,150283736.346857,5893473254.422009
842.8428,8.888526102254054e+17,5.3409002363374715e+26,150819825.908004,5893473254.422012
843.8438,8.920195443044988e+17,5.379026717848644e+26,151357188.841944,5893473254.422009
844.8448,8.95193991874345e+17,5.41737973769351e+26,151895826.659205,5893473254.422008
845.8458,8.983759618371945e+17,5.4559603714236234e+26,152435740.870313,5893473254.422008
846.8468,9.015654630952984e+17,5.494769698415848e+26,152976932.985796,5893473254.422013
847.8478,9.04762504550906e+17,5.5338088018814174e+26,153519404.516181,5893473254.422009
848.8488,9.079670951062697e+17,5.573078768875025e+26,154063156.971995,5893473254.42201
849.8498,9.111792436636396e+17,5.6125806903038767e+26,154608191.863764,5893473254.42201
850.8509,9.143989591252663e+17,5.652315660936803e+26,155154510.702016,5893473254.422005
851.8519,9.176262503934011e+17,5.6922847794133415e+26,155702114.997279,5893473254.422009
852.8529,9.208611263702948e+17,5.732489148252879e+26,156251006.260078,5893473254.42201
853.8539,9.241035959581976e+17,5.772929873863741e+26,156801186.000941,5893473254.422011
854.8549,9.273536680593601e+17,5.8136080665523485e+26,157352655.730395,5893473254.42201
855.8559,9.306113515760338e+17,5.8545248405323666e+26,157905416.958968,5893473254.42201
856.8569,9.338766554104689e+17,5.89568131393384e+26,158459471.197186,5893473254.422008
857.8579,9.371495884649175e+17,5.937078608812382e+26,159014819.955576,5893473254.422012
858.8589,9.404301596416285e+17,5.978717851158323e+26,159571464.744665,5893473254.422009
859.8599,9.437183778428541e+17,6.020600170905934e+26,160129407.074981,5893473254.42201
860.8609,9.470142519708439e+17,6.062726701942587e+26,160688648.45705,5893473254.422011
861.8619,9.503177909278488e+17,6.105098582118003e+26,161249190.401399,5893473254.422008
862.8629,9.536290036161204e+17,6.1477169532534525e+26,161811034.418556,5893473254.422005
863.8639,9.569478989379103e+17,6.190582961150985e+26,162374182.019048,5893473254.422009
864.8649,9.60274485795467e+17,6.233697755602654e+26,162938634.713401,5893473254.42201
865.8659,9.636087730910423e+17,6.27706249039982e+26,163504394.012143,5893473254.422005
866.8669,9.669507697268878e+17,6.32067832334236e+26,164071461.425801,5893473254.422009
867.8679,9.703004846052527e+17,6.364546416247961e+26,164639838.464901,5893473254.422006
868.8689,9.736579266283892e+17,6.408667934961423e+26,165209526.639971,5893473254.42201
869.8699,9.770231046985473e+17,6.453044049363928e+26,165780527.461538,5893473254.42201
870.8709,9.803960277179776e+17,6.497675933382345e+26,166352842.440129,5893473254.422009
871.8719,9.837767045889317e+17,6.542564764998581e+26,166926473.086271,5893473254.422009
872.8729,9.871651442136591e+17,6.587711726258854e+26,167501420.910491,5893473254.422008
873.8739,9.905613554944125e+17,6.633118003283095e+26,168077687.423316,5893473254.422005
874.8749,9.939653473334412e+17,6.678784786274225e+26,168655274.135273,5893473254.422007
875.8759,9.973771286329966e+17,6.724713269527578e+26,169234182.556889,5893473254.422011
876.8769,1.0007967082953283e+18,6.770904651440229e+26,169814414.198691,5893473254.422009
877.8779,1.0042240952226885e+18,6.817360134520408e+26,170395970.571207,5893473254.422009
878.8789,1.0076592983173275e+18,6.864080925396863e+26,170978853.184963,5893473254.422009
879.8799,1.0111023264814958e+18,6.911068234828273e+26,171563063.550487,5893473254.422008
880.8809,1.0145531886174444e+18,6.958323277712661e+26,172148603.178304,5893473254.42201
881.8819,1.0180118936274253e+18,7.005847273096838e+26,172735473.578944,5893473254.422011
882.8829,1.0214784504136869e+18,7.053641444185774e+26,173323676.262932,5893473254.422013
883.8839,1.0249528678784815e+18,7.101707018352125e+26,173913212.740795,5893473254.422015
884.8849,1.0284351549240586e+18,7.150045227145636e+26,174504084.523061,5893473254.422008
885.8859,1.0319253204526703e+18,7.198657306302623e+26,175096293.120257,5893473254.422008
886.8869,1.0354233733665682e+18,7.247544495755456e+26,175689840.042909,5893473254.422016
887.8879,1.038929322568e+18,7.296708039642025e+26,176284726.801546,5893473254.42201
888.8889,1.0424431769592191e+18,7.346149186315263e+26,176880954.906693,5893473254.422011
889.8899,1.0459649454424758e+18,7.395869188352661e+26,177478525.868878,5893473254.422008
890.8909,1.0494946369200209e+18,7.445869302565745e+26,178077441.198628,5893473254.422009
891.8919,1.0530322602941034e+18,7.496150790009634e+26,178677702.40647,5893473254.422007
892.8929,1.0565778244669766e+18,7.546714915992623e+26,179279311.002931,5893473254.42201
893.8939,1.0601313383408905e+18,7.59756295008566e+26,179882268.498538,5893473254.42201
894.8949,1.0636928108180948e+18,7.648696166131945e+26,180486576.403818,5893473254.422009
895.8959,1.0672622508008412e+18,7.70011584225651e+26,181092236.229298,5893473254.42201
896.8969,1.0708396671913807e+18,7.751823260875808e+26,181699249.485506,5893473254.422008
897.8979,1.0744250688919633e+18,7.803819708707264e+26,182307617.682968,5893473254.422009
898.8989,1.0780184648048408e+18,7.85610647677895e+26,182917342.332211,5893473254.422009
899.8999,1.0816198638322624e+18,7.90868486043913e+26,183528424.943763,5893473254.42201
900.9009,1.08522927487648e+18,7.961556159365946e+26,184140867.02815,5893473254.422009
901.9019,1.0888467068397444e+18,8.014721677577026e+26,184754670.095899,5893473254.422009
902.9029,1.0924721686243058e+18,8.068182723439134e+26,185369835.657538,5893473254.422008
903.9039,1.0961056691324164e+18,8.121940609677836e+26,185986365.223594,5893473254.422011
904.9049,1.0997472172663256e+18,8.17599665338717e+26,186604260.304594,5893473254.42201
905.9059,1.1033968219282848e+18,8.230352176039313e+26,187223522.411064,5893473254.422013
906.9069,1.1070544920205427e+18,8.285008503494283e+26,187844153.053532,5893473254.422008
907.9079,1.110720236445353e+18,8.339966966009676e+26,188466153.742524,5893473254.422005
908.9089,1.1143940641049659e+18,8.39522889825031e+26,189089525.988569,5893473254.422009
909.9099,1.1180759839016314e+18,8.450795639297992e+26,189714271.302192,5893473254.42201
910.9109,1.1217660047375992e+18,8.50666853266124e+26,190340391.193922,5893473254.422009
911.9119,1.1254641355151227e+18,8.562848926285062e+26,190967887.174284,5893473254.422009
912.9129,1.1291703851364513e+18,8.619338172560645e+26,191596760.753806,5893473254.422011
913.9139,1.1328847625038345e+18,8.676137628335166e+26,192227013.443016,5893473254.422006
914.9149,1.1366072765195259e+18,8.73324865492159e+26,192858646.75244,5893473254.422008
915.9159,1.1403379360857745e+18,8.790672618108394e+26,193491662.192605,5893473254.422011
916.9169,1.1440767501048307e+18,8.848410888169421e+26,194126061.274038,5893473254.422012
917.9179,1.1478237274789453e+18,8.906464839873665e+26,194761845.507266,5893473254.422006
918.9189,1.151578877110371e+18,8.964835852495109e+26,195399016.402817,5893473254.42201
919.9199,1.1553422079013573e+18,9.023525309822532e+26,196037575.471218,5893473254.422008
920.9209,1.159113728754155e+18,9.082534600169354e+26,196677524.222995,5893473254.422009
921.9219,1.162893448571014e+18,9.14186511638349e+26,197318864.168675,5893473254.42201
922.9229,1.166681376254186e+18,9.201518255857255e+26,197961596.818786,5893473254.422008
923.9239,1.1704775207059223e+18,9.261495420537172e+26,198605723.683854,5893473254.42201
924.9249,1.1742818908284716e+18,9.321798016933875e+26,199251246.274407,5893473254.422009
925.9259,1.1780944955240868e+18,9.382427456132066e+26,199898166.100972,5893473254.422005
926.9269,1.1819153436950193e+18,9.443385153800324e+26,200546484.674076,5893473254.422011
927.9279,1.1857444442435172e+18,9.504672530201071e+26,201196203.504245,5893473254.422009
928.9289,1.1895818060718328e+18,9.566291010200513e+26,201847324.102008,5893473254.422008
929.9299,1.1934274380822177e+18,9.628242023278558e+26,202499847.97789,5893473254.422011
930.9309,1.1972813491769203e+18,9.690527003538742e+26,203153776.642419,5893473254.422009
931.9319,1.2011435482581932e+18,9.753147389718248e+26,203809111.606122,5893473254.42201
932.9329,1.2050140442282875e+18,9.816104625197839e+26,204465854.379527,5893473254.422012
933.9339,1.2088928459894523e+18,9.87940015801181e+26,205124006.473159,5893473254.422013
934.9349,1.2127799624439393e+18,9.943035440858046e+26,205783569.397547,5893473254.422009
935.9359,1.216675402494e+18,1.0007011931107976e+27,206444544.663217,5893473254.422012
936.9369,1.220579175041884e+18,1.0071331090816589e+27,207106933.780696,5893473254.422009
937.9379,1.2244912889898422e+18,1.013599438673248e+27,207770738.260512,5893473254.42201
938.9389,1.2284117532401265e+18,1.0201003290307885e+27,208435959.613191,5893473254.42201
939.9399,1.2323405766949862e+18,1.0266359277708686e+27,209102599.34926,5893473254.42201
940.9409,1.2362777682566725e+18,1.0332063829824506e+27,209770658.979247,5893473254.422009
941.9419,1.2402233368274373e+18,1.039811843227878e+27,210440140.013678,5893473254.422012
942.9429,1.2441772913095306e+18,1.0464524575438804e+27,211111043.963082,5893473254.422013
943.9439,1.2481396406052014e+18,1.0531283754425816e+27,211783372.337983,5893473254.422006
944.9449,1.2521103936167048e+18,1.0598397469125163e+27,212457126.648911,5893473254.42201
945.9459,1.256089559246287e+18,1.0665867224196292e+27,213132308.406391,5893473254.422013
946.9469,1.260077146396201e+18,1.0733694529083009e+27,213808919.120951,5893473254.42201
947.9479,1.2640731639686963e+18,1.0801880898023491e+27,214486960.303117,5893473254.422006
948.9489,1.2680776208660262e+18,1.0870427850060524e+27,215166433.463418,5893473254.422009
949.9499,1.27209052599044e+18,1.0939336909051561e+27,215847340.112379,5893473254.422012
950.951,1.276111888244187e+18,1.1008609603678954e+27,216529681.760529,5893473254.422006
951.952,1.2801417165295214e+18,1.1078247467460122e+27,217213459.918394,5893473254.42201
952.953,1.2841800197486904e+18,1.1148252038757675e+27,217898676.096501,5893473254.422008
953.954,1.2882268068039475e+18,1.1218624860789702e+27,218585331.805376,5893473254.422012
954.955,1.2922820865975404e+18,1.1289367481639878e+27,219273428.555548,5893473254.422009
955.956,1.2963458680317235e+18,1.1360481454267803e+27,219962967.857544,5893473254.42201
956.957,1.3004181600087457e+18,1.1431968336519096e+27,220653951.22189,5893473254.42201
957.958,1.3044989714308575e+18,1.1503829691135699e+27,221346380.159113,5893473254.42201
958.959,1.308588311200309e+18,1.1576067085766136e+27,222040256.17974,5893473254.422007
959.96,1.3126861882193544e+18,1.1648682092975792e+27,222735580.794299,5893473254.422012
960.961,1.3167926113902408e+18,1.1721676290257082e+27,223432355.513317,5893473254.422008
961.962,1.320907589615221e+18,1.1795051260039832e+27,224130581.84732,5893473254.42201
962.963,1.3250311317965445e+18,1.186880858970153e+27,224830261.306835,5893473254.422014
963.964,1.3291632468364623e+18,1.1942949871577653e+27,225531395.40239,5893473254.42201
964.965,1.3333039436372257e+18,1.2017476702971941e+27,226233985.644512,5893473254.422009
965.966,1.3374532311010865e+18,1.2092390686166767e+27,226938033.543728,5893473254.422009
966.967,1.341611118130293e+18,1.2167693428433398e+27,227643540.610565,5893473254.422009
967.968,1.3457776136270986e+18,1.224338654204246e+27,228350508.355549,5893473254.422011
968.969,1.3499527264937516e+18,1.2319471644274137e+27,229058938.289208,5893473254.422009
969.97,1.354136465632504e+18,1.2395950357428704e+27,229768831.92207,5893473254.422009
970.971,1.3583288399456067e+18,1.2472824308836767e+27,230480190.76466,5893473254.422009
971.972,1.36252985833531e+18,1.2550095130869737e+27,231193016.327506,5893473254.422009
972.973,1.366739529703867e+18,1.2627764460950215e+27,231907310.121136,5893473254.422011
973.974,1.3709578629535235e+18,1.2705833941562302e+27,232623073.656076,5893473254.422009
974.975,1.3751848669865352e+18,1.2784305220262212e+27,233340308.442853,5893473254.422011
975.976,1.3794205507051507e+18,1.2863179949688528e+27,234059015.991994,5893473254.422013
976.977,1.3836649230116193e+18,1.29424597875727e+27,234779197.814027,5893473254.422009
977.978,1.3879179928081946e+18,1.3022146396749565e+27,235500855.419478,5893473254.422006
978.979,1.3921797689971277e+18,1.310224144516771e+27,236223990.318874,5893473254.422014
979.98,1.396450260480666e+18,1.3182746605899973e+27,236948604.022743,5893473254.422011
980.981,1.400729476161062e+18,1.3263663557153968e+27,237674698.041611,5893473254.422006
981.982,1.4050174249405676e+18,1.334499398228256e+27,238402273.886006,5893473254.422009
982.983,1.4093141157214328e+18,1.3426739569794348e+27,239131333.066455,5893473254.42201
983.984,1.4136195574059085e+18,1.3508902013364202e+27,239861877.093484,5893473254.42201
984.985,1.417933758896244e+18,1.3591483011843767e+27,240593907.477621,5893473254.422009
985.986,1.4222567290946913e+18,1.3674484269272048e+27,241327425.729393,5893473254.422009
986.987,1.426588476903502e+18,1.3757907494885949e+27,242062433.359327,5893473254.42201
987.988,1.4309290112249252e+18,1.3841754403130744e+27,242798931.877949,5893473254.422011
988.989,1.4352783409612127e+18,1.3926026713670793e+27,243536922.795788,5893473254.422013
989.99,1.4396364750146156e+18,1.4010726151400014e+27,244276407.623369,5893473254.422015
990.991,1.4440034222873833e+18,1.4095854446452507e+27,245017387.871221,5893473254.422011
991.992,1.4483791916817674e+18,1.4181413334213148e+27,245759865.049869,5893473254.42201
992.993,1.4527637921000197e+18,1.4267404555328248e+27,246503840.669842,5893473254.422011
993.994,1.457157232444389e+18,1.4353829855716083e+27,247249316.241666,5893473254.422013
994.995,1.4615595216171272e+18,1.4440690986577647e+27,247996293.275868,5893473254.42201
995.996,1.4659706685204854e+18,1.4527989704407202e+27,248744773.282976,5893473254.422009
996.997,1.4703906820567132e+18,1.4615727771002963e+27,249494757.773516,5893473254.422009
997.998,1.474819571128063e+18,1.4703906953477797e+27,250246248.258015,5893473254.422011
998.999,1.4792573446367836e+18,1.4792529024269828e+27,250999246.247001,5893473254.42201
1000.0,1.483704011485127e+18,1.4881595761153208e+27,251753753.251,5893473254.422011
