k_Mpc,eta_freeze_Mpc,z_A_at_freeze,P_dchi_at_freeze,eta_strong_coupling_Mpc,controlled_window_eta_sc_over_eta_k
0.0001,14328.1471,0.2188,5.2914e-09,167121607.6,11663.87
0.000215,6650.5368,0.4778,5.1507e-09,78604674.6,11819.3
0.000464,3086.9057,1.0433,5.0138e-09,36971250.8,11976.8
0.001,1432.8147,2.2782,4.8805e-09,17389212.5,12136.4
0.002154,665.0537,4.9747,4.7508e-09,8178914.8,12298.13
0.004642,308.6906,10.8631,4.6245e-09,3846904.9,12462.01
0.01,143.2815,23.7212,4.5016e-09,1809369.3,12628.08
0.021544,66.5054,51.7987,4.382e-09,851026.3,12796.36
0.046416,30.8691,113.1104,4.2655e-09,400275.3,12966.88
0.1,14.3281,246.9937,4.1521e-09,188267.1,13139.67
0.215443,6.6505,539.3481,4.0417e-09,88550.4,13314.77
0.464159,3.0869,1177.7482,3.9343e-09,41649.1,13492.2
1.0,1.4328,2571.7917,3.8297e-09,19589.4,13671.99
